编号,英文名,中文名
编号,英文名,中文名
76001,Alaa Abdelnaby,阿拉-阿布德尔纳比
76002,Zaid Abdul-Aziz,扎伊德-阿卜杜勒-阿兹伊兹
76003,Kareem Abdul-Jabbar,卡里姆-阿卜杜勒-贾巴尔
51,Mahmoud Abdul-Rauf,马哈茂德-阿卜杜勒-拉乌夫
1505,Tariq Abdul-Wahad,塔里克-阿卜杜勒-瓦哈德
949,Shareef Abdur-Rahim,沙里夫-阿卜杜尔-拉希姆
76005,Tom Abernethy,汤姆-阿伯内西
203518,Alex Abrines,阿莱士-阿布里内斯
1630173,Precious Achiuwa,普雷舍斯-阿丘瓦
101165,Alex Acker,阿莱士-阿克
76009,Mark Acres,马克-埃克斯
203112,Quincy Acy,昆西-埃西
76011,Alvan Adams,阿尔文-亚当斯
76012,Don Adams,唐-亚当斯
200801,Hassan Adams,哈桑-亚当斯
1629121,Jaylen Adams,杰伦-亚当斯
203919,Jordan Adams,乔丹-亚当斯
149,Michael Adams,迈克尔-亚当斯
203500,Steven Adams,斯蒂文-亚当斯
912,Rafael Addison,拉斐尔-阿迪森
1628389,Bam Adebayo,巴姆-阿德巴约
76015,Rick Adelman,里克-阿德埃尔曼
202399,Jeff Adrien,杰夫-阿德尔伊埃恩
201167,Arron Afflalo,阿尔尔奥恩-阿弗弗尔阿尔奥
1630534,Ochai Agbaji,奥柴-阿格布阿杰伊
200772,Maurice Ager,莫里斯-阿格埃尔
76016,Mark Aguirre,马克-阿吉雷
201336,Blake Ahearn,布雷克-阿亨
76017,Danny Ainge,丹尼-安吉
201582,Alexis Ajinca,阿尔埃克斯伊斯-阿金萨
76018,Henry Akin,亨利-阿金
202374,Solomon Alabi,斯奥尔奥蒙-阿拉比
76019,Mark Alarie,马克-阿拉里
76020,Gary Alcorn,加里-阿尔科恩
1630583,Santi Aldama,桑蒂-阿尔达马
202332,Cole Aldrich,科尔-阿尔德尔伊奇
200746,LaMarcus Aldridge,拉马库斯-阿尔德里奇
724,Cory Alexander,科里-亚历山大
2042,Courtney Alexander,考特尼-亚历山大
76022,Gary Alexander,加里-亚历山大
201570,Joe Alexander,乔-亚历山大
1641725,Trey Alexander,特雷-亚历山大
2349,Victor Alexander,维克托-亚历山大
1629638,Nickeil Alexander-Walker,尼基尔-亚历山大-沃克
76024,Steve Alford,史蒂夫-阿尔福德
1628960,Grayson Allen,格尔阿伊森-艾伦
1628386,Jarrett Allen,贾勒特-艾伦
706,Jerome Allen,杰埃尔奥姆埃-艾伦
1628443,Kadeem Allen,克阿德埃埃姆-艾伦
202730,Lavoy Allen,尔阿夫奥伊-艾伦
76027,Lucius Allen,尔乌克伊乌斯-艾伦
2124,Malik Allen,马利克-艾伦
76025,Randy Allen,兰迪-艾伦
951,Ray Allen,雷-艾伦
2754,Tony Allen,托尼-艾伦
201165,Morris Almond,莫里斯-阿尔蒙德
308,Derrick Alston,德里克-阿尔斯通
1747,Rafer Alston,尔阿弗埃尔-阿尔斯通
1630631,Jose Alvarado,何塞-阿尔瓦拉多
680,John Amaechi,约翰-阿马奇
732,Ashraf Amaya,阿什尔阿弗-阿姆阿伊阿
202329,Al-Farouq Aminu,阿尔-弗阿尔奥乌克-阿米奴
200811,Lou Amundson,尔奥乌-阿蒙森
2365,Chris Andersen,克里斯-安德森
2431,David Andersen,戴维-安德森
101187,Alan Anderson,阿尔阿恩-安德森
76035,Cliff Anderson,克尔伊弗弗-安德森
76036,Daniel Anderson,丹尼尔-安德森
1507,Derek Anderson,德里克-安德森
944,Eric Anderson,埃里克-安德森
246,Greg Anderson,格雷格-安德森
202341,James Anderson,詹姆斯-安德森
76040,Jerome Anderson,杰埃尔奥姆埃-安德森
1626147,Justin Anderson,贾斯廷-安德森
72,Kenny Anderson,肯尼-安德森
203937,Kyle Anderson,凯尔-安德森
76043,Mitchell Anderson,米切尔-安德森
98,Nick Anderson,尼克-安德森
76045,Richard Anderson,尔伊奇德-安德森
76046,Ron Anderson,罗恩-安德森
201583,Ryan Anderson,瑞安-安德森
1000,Shandon Anderson,什德奥恩-安德森
335,Willie Anderson,沃伊尔尔伊埃-安德森
1628387,Ike Anigbogu,伊克埃-阿恩伊格布奥格乌
76050,Michael Ansley,迈克尔-阿恩斯利
1512,Chris Anstey,克里斯-阿恩斯特埃伊
203507,Giannis Antetokounmpo,扬尼斯-阿德托昆博
1628961,Kostas Antetokounmpo,科斯塔斯-阿德托昆博
203648,Thanasis Antetokounmpo,萨纳西斯-阿德托昆博
2546,Carmelo Anthony,克阿尔姆埃尔奥-安东尼
1630175,Cole Anthony,科尔-安东尼
21,Greg Anthony,格雷格-安东尼
201202,Joel Anthony,乔尔-安东尼
203544,Pero Antic,普埃尔奥-阿恩特伊克
1628384,OG Anunoby,奥格-阿恩乌恩奥布伊
2737,Rafael Araujo,拉斐尔-阿劳若
76054,Nate Archibald,内特-阿奇博尔德
2425,Robert Archibald,罗伯特-阿奇博尔德
1627853,Ryan Arcidiacono,瑞安-阿尔克伊德伊阿克奥恩奥
76055,Jim Ard,吉姆-德
2240,Gilbert Arenas,吉尔伯特-阿里纳斯
2772,Trevor Ariza,特雷弗-阿里扎
76056,Paul Arizin,保罗-阿尔伊兹伊恩
769,B.J. Armstrong,布.杰.-阿姆斯特朗
2220,Brandon Armstrong,布兰登-阿姆斯特朗
353,Darrell Armstrong,德阿尔尔尔-阿姆斯特朗
200756,Hilton Armstrong,赫伊尔顿-阿姆斯特朗
76060,Paul Armstrong,保罗-阿姆斯特朗
76059,Tate Armstrong,泰特-阿姆斯特朗
76063,Jay Arnette,杰伊-阿尔恩特埃
2306,Carlos Arroyo,卡洛斯-阿尔尔奥伊奥
201589,Darrell Arthur,德阿尔尔尔-阿尔思乌尔
201600,Omer Asik,奥姆埃尔-阿斯伊克
355,Vincent Askew,文森特-阿斯克埃沃
173,Keith Askins,基思-阿斯克伊恩斯
76069,Richard Atha,尔伊奇德-阿思阿
1088,Chucky Atkins,奇乌克伊-阿特克伊恩斯
76070,Alvin Attles,阿尔夫伊恩-阿特特莱斯
278,Stacey Augmon,斯特阿克埃伊-阿乌格蒙
201571,D.J. Augustin,DJ-奥古斯丁
200788,James Augustine,詹姆斯-阿乌格乌斯特伊恩埃
1134,Ike Austin,伊克埃-奥斯汀
1630166,Deni Avdija,德埃恩伊-阿夫德伊杰阿
138,Anthony Avent,安东尼-阿夫埃恩特
76076,William Averitt,威廉-阿夫埃尔伊特特
1895,William Avery,威廉-埃弗里
76078,Dennis Awtrey,丹尼斯-阿沃特雷伊
202970,Gustavo Ayon,格乌斯特阿夫奥-阿伊奥恩
201965,Jeff Ayres,杰夫-阿伊尔埃斯
1629028,Deandre Ayton,德埃德尔埃-阿伊顿
101235,Kelenna Azubuike,克埃伦恩阿-阿祖布克
1628962,Udoka Azubuike,乌多卡-阿祖布克
202337,Luke Babbitt,卢克-布阿布布伊特特
76079,Milos Babic,姆伊尔奥斯-布阿布伊克
1628407,Dwayne Bacon,德韦恩-布阿克奥恩
76081,Jim Baechtold,吉姆-布阿埃奇特奥尔德
2053,Dalibor Bagaric,德阿尔伊布奥尔-布阿格阿尔伊克
76082,John Bagley,约翰-布阿格利
1628963,Marvin Bagley III,马文-布阿格利 伊伊伊
76083,Gus Bailey,格斯-布阿伊利
76085,James Bailey,詹姆斯-布阿伊利
1847,Thurl Bailey,瑟尔-布阿伊利
1753,Toby Bailey,特奥布伊-布阿伊利
203946,Cameron Bairstow,卡梅伦-布阿伊尔斯特奥沃
2486,Maurice Baker,莫里斯-布阿克埃尔
1627758,Ron Baker,罗恩-布阿克埃尔
452,Vin Baker,夫伊恩-布阿克埃尔
1627735,Wade Baldwin IV,韦德-布阿尔德沃伊恩 伊夫
1631116,Patrick Baldwin Jr.,帕特里克-布阿尔德沃伊恩 杰尔.
200764,Renaldo Balkman,尔埃恩阿尔德奥-布阿尔克曼
1630163,LaMelo Ball,拉梅洛-布阿尔尔
1628366,Lonzo Ball,朗佐-布阿尔尔
76091,Greg Ballard,格雷格-布阿拉尔德
1628964,Mo Bamba,姆奥-布阿姆布阿
1631094,Paolo Banchero,普阿奥尔奥-布阿恩奇埃尔奥
1630217,Desmond Bane,戴斯蒙德-布阿恩埃
76093,Gene Banks,格埃恩埃-布阿恩克斯
2556,Marcus Banks,马库斯-布阿恩克斯
76094,Ken Bannister,肯-布阿恩恩伊斯特
76095,Mike Bantom,迈克-布阿恩特奥姆
1630625,Dalano Banton,德阿尔阿恩奥-布阿恩顿
2571,Leandro Barbosa,莱昂德罗-布阿尔布奥斯阿
76097,Stephen Bardo,斯蒂芬-布德奥
200826,J.J. Barea,JJ-巴里亚
200745,Andrea Bargnani,德尔埃阿-布阿尔格恩阿恩伊
76099,Tom Barker,汤姆-布阿尔克埃尔
787,Charles Barkley,查尔斯-布阿尔克利
2057,Erick Barkley,埃尔克-布阿尔克利
76102,Don Barksdale,唐-布阿尔克斯德阿尔埃
1631230,Dominick Barlow,德奥姆伊恩克-布阿尔尔奥沃
203084,Harrison Barnes,哈里森-巴恩斯
76105,Jim Barnes,吉姆-巴恩斯
76104,Marvin Barnes,马文-巴恩斯
2440,Matt Barnes,马特-巴恩斯
1630567,Scottie Barnes,斯科蒂-巴恩斯
76107,Dick Barnett,迪克-巴尼特
76106,Jim Barnett,吉姆-巴尼特
76108,John Barnhill,约翰-布阿尔恩赫伊尔尔
76110,Leo Barnhorst,尔埃奥-布阿尔恩赫奥尔斯特
2857,Andre Barrett,安德烈-巴雷特
76114,Ernie Barrett,埃尔恩伊埃-巴雷特
1629628,RJ Barrett,RJ-巴雷特
2853,Earl Barron,厄尔-布阿尔尔奥恩
344,Dana Barros,德阿恩阿-布阿尔尔奥斯
699,Brent Barry,布尔埃恩特-巴里
1003,Drew Barry,德鲁-巴里
468,Jon Barry,乔恩-巴里
600013,Rick Barry,里克-巴里
76117,Ed Bartels,埃德-布阿尔特埃尔斯
203115,Will Barton,威尔-巴顿
101138,Brandon Bass,布兰登-巴斯
76120,Tim Bassett,蒂姆-布阿斯特特
1629646,Charles Bassey,查尔斯-布阿斯伊
1766,Maceo Baston,姆阿克埃奥-布阿斯顿
2370,Mengke Bateer,姆埃恩克埃-布阿特埃埃尔
76121,Billyray Bates,布伊尔尔伊尔阿伊-布阿特埃斯
1641734,Emoni Bates,埃蒙伊-布阿特埃斯
1628966,Keita Bates-Diop,凯塔-布阿特埃斯-德伊奥普
101212,Esteban Batista,埃斯特埃布阿恩-布阿特伊斯特阿
1499,Tony Battie,托尼-巴蒂
2203,Shane Battier,肖恩-巴蒂尔
1642419,Jamison Battle,杰阿姆伊森-布阿特特尔埃
174,John Battle,约翰-布阿特特尔埃
76123,Kenny Battle,肯尼-布阿特特尔埃
76124,Dave Batton,戴夫-布阿特顿
201587,Nicolas Batum,尼古拉斯-巴图姆
76125,Johnny Baum,约翰尼-布阿乌姆
2437,Lonny Baxter,尔奥恩恩伊-布阿克斯特
201573,Jerryd Bayless,杰埃尔尔伊德-布阿伊莱斯斯
76127,Elgin Baylor,埃尔格伊恩-贝勒
203382,Aron Baynes,阿尔奥恩-布阿伊恩埃斯
203145,Kent Bazemore,克埃恩特-布阿兹埃姆奥尔埃
1629647,Darius Bazley,达里厄斯-布阿兹利
203078,Bradley Beal,布拉德利-比尔
76130,Butch Beard,布乌特奇-比尔德
1627736,Malik Beasley,马利克-比斯利
201563,Michael Beasley,迈克尔-比斯利
76133,Zelmo Beaty,兹埃尔姆奥-布埃阿特伊
201958,Rodrigue Beaubois,尔奥德尔伊格乌埃-布埃阿乌布奥伊斯
1630699,MarJon Beauchamp,姆阿尔杰奥恩-布埃阿乌奇阿姆普
1133,Corey Beck,克奥尔埃伊-贝克
76136,Ernie Beck,埃尔恩伊埃-贝克
76137,Moe Becker,莫-布埃克埃尔
76138,William Bedford,威廉-布埃德弗奥尔德
1641736,Reece Beekman,尔埃埃克埃-布埃埃克曼
76139,Hank Beenders,汉克-布埃埃恩德斯
76140,Ron Behagen,罗恩-布埃赫阿格埃恩
201158,Marco Belinelli,马尔科-布埃尔伊恩尔伊
2294,Charlie Bell,奇阿尔尔伊埃-贝尔
76142,Dennis Bell,丹尼斯-贝尔
1628395,Jordan Bell,乔丹-贝尔
1952,Raja Bell,尔阿杰阿-贝尔
76143,William Bell,威廉-贝尔
76144,Walt Bellamy,沃尔特-布尔阿姆伊
1627761,DeAndre' Bembry,德安德烈-布埃姆布尔伊
76145,Irv Bemoras,伊尔夫-布埃姆奥尔阿斯
76146,Leon Benbow,利昂-布埃恩布奥沃
1627733,Dragan Bender,德拉甘-布埃恩德
1886,Jonathan Bender,乔纳森-布埃恩德
104,Benoit Benjamin,布埃恩奥伊特-本杰明
1736,Corey Benjamin,克奥尔埃伊-本杰明
203461,Anthony Bennett,安东尼-本内特
1120,Elmer Bennett,埃尔默-本内特
712,Mario Bennett,马里奥-本内特
76151,Mel Bennett,梅尔-本内特
76148,Tony Bennett,托尼-本内特
76152,Winston Bennett,温斯顿-本内特
128,David Benoit,戴维-布埃恩奥伊特
76154,Kent Benson,克埃恩特-本森
76158,Walter Berry,沃阿尔特-布埃尔尔伊
202722,Davis Bertans,戴维斯-布特阿恩斯
76159,Del Beshore,德尔-布埃什奥尔埃
696,Travis Best,特尔阿夫伊斯-布埃斯特
201976,Patrick Beverley,帕特里克-布埃夫埃尔利
1630180,Saddiq Bey,萨迪克-布埃伊
76160,Al Bianchi,阿尔-布伊阿恩奇伊
76162,Henry Bibby,亨利-布伊布布伊
1710,Mike Bibby,迈克-布伊布布伊
2740,Andris Biedrins,德里斯-布伊埃德尔伊恩斯
76165,Bob Bigelow,鲍勃-布伊格埃尔奥沃
1497,Chauncey Billups,昌西-布伊尔尔乌普斯
76166,Dave Bing,戴夫-宾
203920,Khem Birch,克赫埃姆-布伊尔奇
1449,Larry Bird,拉里-伯德
76170,Otis Birdsong,奥特伊斯-布伊尔德森格
1629048,Goga Bitadze,戈加-布伊特阿德兹埃
202687,Bismack Biyombo,布伊斯姆阿克-比永博
202357,Nemanja Bjelica,恩埃曼杰阿-布杰埃尔伊克阿
76172,Uwe Blab,乌沃埃-布尔阿布
1641710,Anthony Black,安东尼-布尔阿克
76173,Charlie Black,奇阿尔尔伊埃-布尔阿克
1641778,Leaky Black,尔埃阿克伊-布尔阿克
204028,Tarik Black,特阿尔伊克-布尔阿克
76175,Tom Black,汤姆-布尔阿克
76176,Rolando Blackman,尔奥尔德奥-布尔阿克曼
1806,James Blackwell,詹姆斯-布尔阿克沃尔
201971,DeJuan Blair,德埃杰乌阿恩-布莱尔
2581,Steve Blake,史蒂夫-布莱克
1628469,Antonio Blakeney,安东尼奥-布尔阿克埃恩埃伊
76183,Lance Blanks,尔阿恩克埃-布尔阿恩克斯
101154,Andray Blatche,德尔阿伊-布尔阿特奇埃
302,Mookie Blaylock,穆基-布莱洛克
202339,Eric Bledsoe,埃里克-布尔埃德斯奥埃
1629833,Keljin Blevins,凯尔金-布尔埃夫伊恩斯
76187,John Block,约翰-布尔奥克
76188,Mike Bloom,迈克-布尔奥奥姆
916,Corie Blount,克奥尔伊埃-布尔奥乌恩特
1548,Mark Blount,马克-布尔奥乌恩特
203505,Vander Blue,夫德埃尔-布尔乌埃
76190,Nelson Bobb,尼尔森-布奥布布
76191,Arlen Bockhorn,阿尔伦-布奥克赫奥尔恩
1631205,Buddy Boeheim,布乌德德伊-布奥埃赫埃伊姆
76192,Tom Boerwinkle,汤姆-布奥埃尔沃伊恩克尔埃
2586,Keith Bogans,基思-布奥格阿恩斯
202711,Bojan Bogdanovic,博扬-博格达诺维奇
203992,Bogdan Bogdanović,博格丹-布奥格德阿恩奥夫伊ć
177,Muggsy Bogues,马格西-博格斯
101106,Andrew Bogut,安德鲁-博古特
1564,Etdrick Bohannon,埃特德尔克-布奥赫阿恩恩奥恩
1629626,Bol Bol,博尔-博尔
76195,Manute Bol,马努特-博尔
1628413,Jonah Bolden,杰奥恩阿赫-布奥尔德埃恩
1629716,Marques Bolden,姆阿尔克乌埃斯-布奥尔德埃恩
1630195,Leandro Bolmaro,莱昂德罗-布奥尔姆阿尔奥
1627762,Joel Bolomboy,乔尔-布奥尔奥姆布奥伊
1641737,Adem Bona,阿德埃姆-布奥恩阿
1603,Walter Bond,沃阿尔特-布奥恩德
1629648,Jordan Bone,乔丹-布奥恩埃
1629067,Isaac Bonga,艾萨克-布奥恩阿
76201,Ron Bonham,罗恩-布奥恩赫阿姆
41,Anthony Bonner,安东尼-邦纳
2588,Matt Bonner,马特-邦纳
1626164,Devin Booker,德文-布奥奥克埃尔
511,Melvin Booker,梅尔文-布奥奥克埃尔
202344,Trevor Booker,特雷弗-布奥奥克埃尔
200767,Josh Boone,约什-布奥奥恩埃
76204,Ron Boone,罗恩-布奥奥恩埃
1916,Calvin Booth,克阿尔夫伊恩-布奥奥思
1522,Keith Booth,基思-布奥奥思
76206,Bob Boozer,鲍勃-布泽尔
2430,Carlos Boozer,卡洛斯-布泽尔
2414,Curtis Borchardt,柯蒂斯-布奥尔奇德特
76207,Jake Bornheimer,杰克-布奥尔恩赫埃伊姆埃尔
76210,Vince Boryla,文斯-布奥尔伊尔阿
2547,Chris Bosh,克里斯-波什
1630527,Brandon Boston,布兰登-布奥斯顿
76213,Tom Boswell,汤姆-布奥斯沃尔
1628449,Chris Boucher,克里斯-布奥乌奇埃尔
1630547,James Bouknight,詹姆斯-布奥乌克恩伊格赫特
2257,Ruben Boumtje-Boumtje,尔乌布埃恩-布奥乌姆特杰埃-布奥乌姆特杰埃
1631123,Jamaree Bouyea,杰阿姆阿尔埃埃-布奥乌伊埃阿
76214,Don Boven,唐-布奥夫埃恩
1898,Cal Bowdler,卡尔-布奥沃德尔埃尔
1477,Bruce Bowen,布鲁斯-布奥沃埃恩
1763,Ryan Bowen,瑞安-布奥沃埃恩
1628968,Brian Bowen II,布赖恩-布奥沃埃恩 伊伊
194,Anthony Bowie,安东尼-鲍伊
76217,Sam Bowie,萨姆-鲍伊
1085,Ira Bowman,伊尔阿-布奥沃曼
76219,Nate Bowman,内特-布奥沃曼
671,Donnie Boyce,德奥恩恩伊埃-布奥伊克埃
76222,Fred Boyd,弗雷德-布奥伊德
1863,Earl Boykins,厄尔-布奥伊克伊恩斯
76224,Harry Boykoff,哈里-布奥伊克奥弗弗
76225,Winford Boynes,沃伊恩弗奥尔德-布奥伊恩埃斯
76226,Steve Bracey,史蒂夫-布尔阿克埃伊
202342,Craig Brackins,克雷格-布尔阿克伊恩斯
76227,Gary Bradds,加里-布尔阿德德斯
76229,Alonzo Bradley,阿尔奥恩兹奥-布拉德利
202340,Avery Bradley,埃弗里-布拉德利
76233,Bill Bradley,比尔-布拉德利
76230,Charles Bradley,查尔斯-布拉德利
76231,Dudley Bradley,德乌德利-布拉德利
2214,Michael Bradley,迈克尔-布拉德利
762,Shawn Bradley,肖恩-布拉德利
1628396,Tony Bradley,托尼-布拉德利
1765,Torraye Braggs,特奥尔尔阿伊埃-布尔阿格格斯
76237,Adrian Branch,阿德里安-布尔阿恩奇
1882,Elton Brand,埃尔顿-布尔德
210,Terrell Brandon,特尔尔-布兰登
1631103,Malaki Branham,姆阿尔阿克伊-布尔阿恩赫阿姆
76238,Bob Brannum,鲍勃-布尔阿恩恩乌姆
76239,Brad Branson,布尔阿德-布尔阿恩森
1629714,Jarrell Brantley,杰阿尔尔尔-布尔阿恩特利
76241,Jim Brasco,吉姆-布尔阿斯克奥
76242,Mike Bratz,迈克-布尔阿特兹
76243,Carl Braun,克阿尔尔-布劳恩
1631128,Christian Braun,克里斯蒂安-布劳恩
1629649,Ignas Brazdeikis,伊格纳斯-布尔阿兹德埃伊克伊斯
160,Tim Breaux,蒂姆-布尔埃阿乌克斯
2452,J.R. Bremer,杰.尔.-布尔埃姆埃尔
76247,Randy Breuer,兰迪-布尔埃乌埃尔
201147,Corey Brewer,克奥尔埃伊-布鲁尔
2249,Jamison Brewer,杰阿姆伊森-布鲁尔
76248,Jim Brewer,吉姆-布鲁尔
76249,Ron Brewer,罗恩-布鲁尔
200758,Ronnie Brewer,罗尼-布鲁尔
2056,Primoz Brezec,普尔伊姆奥兹-布尔埃兹埃克
76250,Frank Brian,弗兰克-布赖恩
783,Frank Brickowski,弗兰克-布里科夫斯基
76252,Junior Bridgeman,杰乌恩伊奥尔-布尔伊德格埃曼
76253,Bill Bridges,比尔-布里奇斯
1628969,Mikal Bridges,米卡尔-布里奇斯
1628970,Miles Bridges,迈尔斯-布里奇斯
76256,John Brisker,约翰-布里斯克
1629052,Oshae Brissett,奥什阿埃-布里斯斯特
76257,Allan Bristow,阿拉恩-布里斯托
76260,Mike Brittain,迈克-布尔伊特特阿伊恩
201972,Jon Brockman,乔恩-布罗克曼
1629151,Ryan Broekhoff,瑞安-布尔奥埃克赫奥弗弗
76262,Jim Brogan,吉姆-布尔奥格阿恩
1627763,Malcolm Brogdon,马尔科姆-布罗格登
76263,Gary Brokaw,加里-布尔奥克阿沃
76264,Price Brookfield,普莱斯-布尔奥奥克弗伊尔德
201166,Aaron Brooks,阿龙-布鲁克斯
1629717,Armoni Brooks,阿尔蒙伊-布鲁克斯
1628415,Dillon Brooks,德伊尔尔奥恩-布鲁克斯
76265,Kevin Brooks,凯文-布鲁克斯
202705,MarShon Brooks,姆阿尔什奥恩-布鲁克斯
76266,Michael Brooks,迈克尔-布鲁克斯
418,Scott Brooks,斯科特-布鲁克斯
2810,Andre Brown,安德烈-布朗
201628,Bobby Brown,博比-布朗
1628971,Bruce Brown,布鲁斯-布朗
359,Chucky Brown,奇乌克伊-布朗
2245,Damone Brown,德阿蒙埃-布朗
244,Dee Brown,迪-布朗
200793,Dee Brown,迪-布朗
201974,Derrick Brown,德里克-布朗
2484,Devin Brown,德文-布朗
76272,Fred Brown,弗雷德-布朗
1627759,Jaylen Brown,杰伦-布朗
76276,John Brown,约翰-布朗
2208,Kedrick Brown,克埃德尔克-布朗
1631112,Kendall Brown,克埃恩德阿尔尔-布朗
1641738,Kobe Brown,科比-布朗
2198,Kwame Brown,克沃阿姆埃-布朗
203485,Lorenzo Brown,尔奥尔埃恩兹奥-布朗
992,Marcus Brown,马库斯-布朗
203900,Markel Brown,姆阿尔克埃尔-布朗
1629650,Moses Brown,摩西-布朗
136,P.J. Brown,普.杰.-布朗
753,Randy Brown,兰迪-布朗
76283,Rickey Brown,尔克埃伊-布朗
76286,Roger Brown,尔奥格埃尔-布朗
200769,Shannon Brown,什阿恩恩奥恩-布朗
76285,Stan Brown,斯坦-布朗
1628425,Sterling Brown,斯特林-布朗
2357,Tierre Brown,特伊埃尔尔埃-布朗
76268,Tony Brown,托尼-布朗
1630535,Greg Brown III,格雷格-布尔奥沃恩 伊伊伊
1629718,Charlie Brown Jr.,奇阿尔尔伊埃-布尔奥沃恩 杰尔.
1630602,Chaundee Brown Jr.,奇阿乌恩德埃埃-布尔奥沃恩 杰尔.
1628972,Troy Brown Jr.,特洛伊-布尔奥沃恩 杰尔.
1628973,Jalen Brunson,杰伦-布尔乌恩森
1594,Rick Brunson,里克-布尔乌恩森
1627852,Nicolas Brussino,尼古拉斯-布鲁斯斯伊恩奥
76289,Emmette Bryant,埃姆姆特埃-布莱恩特
76290,Joe Bryant,乔-布莱恩特
977,Kobe Bryant,科比-布莱恩特
1626148,Anthony Brown,安东尼-布朗
1479,Mike Brown,迈克-布朗
95,Mark Bryant,马克-布莱恩特
1628418,Thomas Bryant,托马斯-布莱恩特
76291,Wallace Bryant,华莱士-布莱恩特
76293,Joe Buckhalter,乔-巴克豪特
76295,Cleveland Buckner,克利夫兰-巴克纳
1761,Greg Buckner,格雷格-巴克纳
76296,Quinn Buckner,奎恩恩-巴克纳
76297,Dave Budd,戴夫-布乌德德
201978,Chase Budinger,蔡斯-布乌德伊恩埃尔
76298,Walter Budko,沃阿尔特-布乌德克奥
146,Jud Buechler,杰乌德-比希勒
1641723,Kobe Bufkin,科比-布乌弗克伊恩
1934,Rodney Buford,罗德尼-布乌弗奥尔德
672,Matt Bullard,马特-布乌拉尔德
203493,Reggie Bullock Jr.,雷吉-布乌尔尔奥克 杰尔.
76303,Luther Burden,尔乌思埃尔-伯登
2469,Pat Burke,帕特-伯克
203504,Trey Burke,特雷-伯克
202692,Alec Burks,亚历克-伯克斯
2766,Antonio Burks,安东尼奥-伯克斯
76305,Tom Burleson,汤姆-布乌尔莱斯奥恩
76307,David Burns,戴维-伯恩斯
197,Scott Burrell,斯科特-布乌尔尔尔
76313,Bob Burrow,鲍勃-布乌尔尔奥沃
1629126,Deonte Burton,德埃奥恩特埃-布乌尔顿
76314,Ed Burton,埃德-布乌尔顿
416,Willie Burton,沃伊尔尔伊埃-布乌尔顿
76316,Steve Burtt,史蒂夫-伯特
76317,Don Buse,唐-布斯
76318,Donnie Butcher,德奥恩恩伊埃-布乌特奇埃尔
76319,Al Butler,阿尔-巴特勒
2406,Caron Butler,克阿尔奥恩-巴特勒
76320,Greg Butler,格雷格-巴特勒
2866,Jackie Butler,杰阿克伊埃-巴特勒
1630215,Jared Butler,贾里德-巴特勒
348,Mitchell Butler,米切尔-巴特勒
2446,Rasual Butler,尔阿斯乌阿尔-巴特勒
202710,Jimmy Butler III,吉米-布乌特尔埃尔 伊伊伊
202779,Dwight Buycks,德怀特-布乌伊克斯
1641824,Matas Buzelis,马塔斯-布乌兹埃尔伊斯
101115,Andrew Bynum,安德鲁-拜纳姆
101198,Will Bynum,威尔-拜纳姆
76321,Marty Byrnes,姆阿尔特伊-伯恩斯
76322,Tommy Byrnes,汤米-伯恩斯
2560,Zarko Cabarkapa,兹阿尔克奥-查巴卡帕
76324,Barney Cable,布阿尔恩埃伊-克阿布尔埃
203998,Bruno Caboclo,布鲁诺-克阿布奥克尔奥
1629719,Devontae Cacok,德埃夫奥恩特阿埃-克阿克奥克
679,Jason Caffey,贾森-卡菲
262,Michael Cage,迈克尔-克阿格埃
1631288,Jamal Cain,贾马尔-克阿伊恩
76326,Gerry Calabrese,格埃尔尔伊-克阿尔阿布尔埃斯埃
201979,Nick Calathes,尼克-克阿尔阿思埃斯
101181,Jose Calderon,何塞-卡尔德隆
154,Adrian Caldwell,阿德里安-考德威尔
76329,Joe Caldwell,乔-考德威尔
203484,Kentavious Caldwell-Pope,克埃恩特阿夫伊奥乌斯-考德威尔-普奥普埃
76331,Bill Calhoun,比尔-卡尔霍恩
76330,Corky Calhoun,克奥尔克伊-卡尔霍恩
76336,Mack Calvin,姆阿克-克阿尔夫伊恩
1641739,Toumani Camara,特奥乌曼伊-克阿姆阿尔阿
948,Marcus Camby,马库斯-坎比
1630267,Facundo Campazzo,法昆多-克阿姆普阿兹兹奥
922,Elden Campbell,埃尔德埃恩-坎贝尔
76338,Tony Campbell,托尼-坎贝尔
203477,Isaiah Canaan,以赛亚-卡南
1629962,Devin Cannady,德文-克阿纳德伊
203991,Clint Capela,克林特-克阿普埃尔阿
2073,Brian Cardinal,布赖恩-克德伊恩阿尔
1630176,Vernon Carey Jr.,夫埃尔恩奥恩-克阿尔埃伊 杰尔.
76342,Rick Carlisle,里克-克阿尔尔伊斯尔埃
1642382,Branden Carlson,布尔德埃恩-克阿尔尔森
76344,Don Carlson,唐-克阿尔尔森
200760,Rodney Carney,罗德尼-克阿尔恩埃伊
76346,Bob Carpenter,鲍勃-克阿尔普埃恩特
156,Antoine Carr,安托万-卡尔
76348,Austin Carr,奥斯汀-卡尔
713,Chris Carr,克里斯-卡尔
76350,Kenny Carr,肯尼-卡尔
76351,M.L. Carr,姆.尔.-卡尔
76352,Bob Carrington,鲍勃-卡林顿
1642267,Bub Carrington,布乌布-卡林顿
201960,DeMarre Carroll,德埃姆阿尔尔埃-卡罗尔
76353,Joe Barry Carroll,乔-布阿尔尔伊 克阿尔尔奥尔尔
2679,Matt Carroll,马特-卡罗尔
1853,Anthony Carter,安东尼-卡特
76355,Butch Carter,布乌特奇-卡特
1642269,Devin Carter,德文-卡特
76356,Fred Carter,弗雷德-卡特
76358,Howard Carter,霍华德-卡特
1628975,Jevon Carter,杰埃夫奥恩-卡特
2466,Maurice Carter,莫里斯-卡特
76360,Reggie Carter,雷吉-卡特
76361,Ron Carter,罗恩-卡特
1713,Vince Carter,文斯-卡特
1628976,Wendell Carter Jr.,温德尔-克阿尔特 杰尔.
203487,Michael Carter-Williams,迈克尔-卡特-威廉姆斯
1630618,D.J. Carton,DJ-克阿尔顿
76362,Bill Cartwright,比尔-卡特赖特
1627936,Alex Caruso,阿莱士-卡鲁索
208,Sam Cassell,萨姆-卡塞尔
201956,Omri Casspi,奥姆尔伊-克阿斯斯普伊
1642264,Stephon Castle,斯特埃普赫奥恩-克阿斯特尔埃
1630658,Colin Castleton,克奥尔伊恩-克阿斯特尔埃顿
76365,Harvey Catchings,赫阿尔夫埃伊-卡钦斯
767,Terry Catledge,特里-克阿特尔埃德格埃
1509,Kelvin Cato,克埃尔夫伊恩-克阿特奥
76368,Bobby Cattage,博比-卡蒂奇
1626161,Willie Cauley-Stein,沃伊尔尔伊埃-克阿乌利-斯特埃伊恩
190,Duane Causwell,德乌阿恩埃-克阿乌斯沃尔
1628463,Tyler Cavanaugh,泰勒-卡瓦诺
76370,Ron Cavenall,罗恩-克阿夫埃恩阿尔尔
76,Cedric Ceballos,克埃德尔伊克-塞巴洛斯
76373,Al Cervi,阿尔-克埃尔夫伊
201596,Mario Chalmers,马里奥-查默斯
76375,Wilt Chamberlain,威尔特-张伯伦
76376,Jerry Chambers,杰里-钱伯斯
1472,Tom Chambers,汤姆-钱伯斯
1630577,Julian Champagnie,朱利安-奇阿姆普阿格恩伊埃
1630551,Justin Champagnie,贾斯廷-奇阿姆普阿格恩伊埃
1631113,Kennedy Chandler,克埃恩恩埃德伊-钱德勒
2199,Tyson Chandler,特伊森-钱德勒
201163,Wilson Chandler,威尔逊-钱德勒
76379,Don Chaney,唐-钱尼
76380,John Chaney,约翰-钱尼
364,Rex Chapman,尔埃克斯-查普曼
76382,Len Chappell,伦-查普尔
76383,Ken Charles,肯-查尔斯
1629147,Joe Chealey,乔-奇埃阿利
384,Calbert Cheaney,克阿尔布特-奇埃阿恩埃伊
1629597,Zylan Cheatham,兹伊尔阿恩-奇埃阿思阿姆
76385,Maurice Cheeks,莫里斯-奇克斯
76386,Phil Chenier,菲尔-切尼尔
76387,Derrick Chievous,德里克-奇伊埃夫奥乌斯
432,Pete Chilcutt,皮特-奇伊尔克乌特特
2735,Josh Childress,约什-奇尔德雷斯
719,Randolph Childress,兰多夫-奇尔德雷斯
164,Chris Childs,克里斯-蔡尔兹
76311,Art Burris,阿尔特-布乌尔里斯
1629185,Chris Chiozza,克里斯-奇伊奥兹兹阿
76391,Leroy Chollet,尔埃尔奥伊-奇奥尔尔埃特
76392,Jim Chones,吉姆-琼斯
1627737,Marquese Chriss,姆阿尔克乌埃斯埃-奇里斯斯
76394,Cal Christensen,卡尔-克里斯滕森
76395,Bob Christian,鲍勃-克里斯蒂安
1642353,Cam Christie,克阿姆-克里斯蒂
57,Doug Christie,德奥乌格-克里斯蒂
1631108,Max Christie,马克斯-克里斯蒂
1626176,Rakeem Christmas,尔阿克埃埃姆-奇里斯特马斯
1630528,Josh Christopher,约什-克里斯托弗
1631321,Sidy Cissoko,斯伊德伊-克伊斯斯奥克奥
76397,Archie Clark,阿尔奇伊埃-克拉克
76398,Carlos Clark,卡洛斯-克拉克
201947,Earl Clark,厄尔-克拉克
1629109,Gary Clark,加里-克拉克
203546,Ian Clark,伊恩-克拉克
1641740,Jaylen Clark,杰伦-克拉克
1721,Keon Clark,基恩-克拉克
1629634,Brandon Clarke,布兰登-克拉克
203903,Jordan Clarkson,乔丹-克拉克森
201964,Victor Claver,维克托-克尔阿夫埃尔
1629651,Nic Claxton,恩伊克-克拉克斯顿
2049,Speedy Claxton,斯普埃埃德伊-克拉克斯顿
1642383,Walter Clayton Jr.,沃阿尔特-克尔阿伊顿 杰尔.
76402,Jim Cleamons,吉姆-克利蒙斯
2043,Mateen Cleaves,姆阿特埃埃恩-克利夫斯
76403,John Clemens,约翰-克尔埃姆埃恩斯
1628499,Antonius Cleveland,阿恩顿伊乌斯-克利夫兰
76404,Nat Clifton,恩阿特-克利夫顿
1642270,Donovan Clingan,多诺万-克尔伊恩阿恩
76406,Bill Closs,比尔-克洛斯
1569,Keith Closs,基思-克洛斯
1641730,Noah Clowney,诺厄-克尔奥沃恩埃伊
1629599,Amir Coffey,阿米尔-科菲
76411,Fred Cofield,弗雷德-克奥弗伊尔德
715,John Coker,约翰-科克
202708,Norris Cole,诺里斯-科尔
76412,Ben Coleman,本-科尔曼
934,Derrick Coleman,德里克-科尔曼
76413,E.C. Coleman,埃.克.-科尔曼
76414,Jack Coleman,杰克-科尔曼
902,Bimbo Coles,布伊姆布奥-克奥莱斯
1642268,Isaiah Collier,以赛亚-科利尔
2044,Jason Collier,贾森-科利尔
76418,Don Collins,唐-科林斯
76421,Doug Collins,德奥乌格-科林斯
2260,Jarron Collins,杰阿尔尔奥恩-科林斯
2215,Jason Collins,贾森-科林斯
76419,Jimmy Collins,吉米-科林斯
1628381,John Collins,约翰-科林斯
200776,Mardy Collins,姆德伊-科林斯
1628380,Zach Collins,扎克-科林斯
201954,Darren Collison,德阿尔尔埃恩-克奥尔尔伊森
2555,Nick Collison,尼克-克奥尔尔伊森
2173,Sean Colson,肖恩-科尔森
306,Steve Colter,史蒂夫-科尔特
76426,Dallas Comegys,德阿拉斯-科米吉斯
76428,Gene Conley,格埃恩埃-康利
201144,Mike Conley,拉塞尔-威斯布鲁克
76429,Ed Conlin,埃德-克奥恩尔伊恩
55,Marty Conlon,姆阿尔特伊-克奥恩尔奥恩
1626192,Pat Connaughton,帕特-克奥纳乌格赫顿
76431,Lester Conner,莱斯特-康纳
76432,Chuck Connors,查克-康纳斯
101215,Will Conroy,威尔-康罗伊
76433,Anthony Cook,安东尼-库克
2567,Brian Cook,布赖恩-库克
201161,Daequan Cook,德阿埃夸恩-库克
76435,Darwin Cook,德阿尔沃伊恩-库克
76436,Jeff Cook,杰夫-库克
76437,Norm Cook,恩奥尔姆-库克
2241,Omar Cook,奥姆阿尔-库克
1626188,Quinn Cook,奎恩恩-库克
1629076,Tyler Cook,泰勒-库克
204022,Jack Cooley,杰克-克奥奥利
76442,Chuck Cooper,查克-库珀
1030,Duane Cooper,德乌阿恩埃-库珀
76443,Joe Cooper,乔-库珀
76444,Michael Cooper,迈克尔-库珀
1630536,Sharife Cooper,什阿尔伊弗埃-库珀
76441,Wayne Cooper,韦恩-库珀
203142,Chris Copeland,克里斯-科普兰
76447,Hollis Copeland,赫奥尔尔伊斯-科普兰
76448,Lanard Copeland,尔阿恩德-科普兰
895,Tyrone Corbin,特伊尔奥恩埃-克奥尔布伊恩
76450,Chris Corchiani,克里斯-科尔基亚尼
76452,Ray Corley,雷-克奥尔利
76453,Dave Corzine,戴夫-克奥尔兹伊恩埃
76454,Larry Costello,拉里-科斯特洛
203955,Bryce Cotton,布莱斯-科顿
1526,James Cotton,詹姆斯-科顿
1641731,Bilal Coulibaly,布伊尔阿尔-克奥乌尔伊布阿尔伊
1641741,Ricky Council IV,里基-克奥乌恩克伊尔 伊夫
76458,Mel Counts,梅尔-康茨
1432,Joe Courtney,乔-考特尼
202326,DeMarcus Cousins,德埃姆阿尔克乌斯-考辛斯
600003,Bob Cousy,鲍勃-克奥乌斯伊
203496,Robert Covington,罗伯特-科温顿
76462,Dave Cowens,戴夫-克奥沃埃恩斯
76465,Wesley Cox,韦斯利-考克斯
203459,Allen Crabbe,艾伦-克尔阿布
1628470,Torrey Craig,托里-克雷格
1544,Chris Crawford,克里斯-克劳福德
76466,Freddie Crawford,弗雷迪-克劳福德
1642384,Isaiah Crawford,以赛亚-克劳福德
2037,Jamal Crawford,贾马尔-克劳福德
202348,Jordan Crawford,乔丹-克劳福德
1628249,Mitchell Creek,米切尔-克里克
76469,Ron Crevier,罗恩-克尔埃夫伊埃尔
2343,Joe Crispin,乔-克里斯普伊恩
76471,Charlie Criss,奇阿尔尔伊埃-克里斯
76472,Winston Crite,温斯顿-克尔伊特埃
201159,Javaris Crittenton,杰阿夫阿里斯-克尔伊特恩顿
76473,Dillard Crocker,德伊拉尔德-克尔奥克埃尔
76474,Jeffrey Crompton,杰埃弗弗尔埃伊-克尔奥姆普顿
1506,Austin Croshere,奥斯汀-克尔奥什埃尔埃
76477,Pete Cross,皮特-克罗斯
76479,Francis Crossin,弗朗西斯-克尔奥斯斯伊恩
180,John Crotty,约翰-克罗蒂
76482,Corey Crowder,克奥尔埃伊-克劳德
203109,Jae Crowder,杰阿埃-克劳德
1629633,Jarrett Culver,贾勒特-克乌尔夫埃尔
76483,Pat Cummings,帕特-卡明斯
187,Terry Cummings,特里-卡明斯
1907,Vonteego Cummings,夫奥恩特埃埃格奥-卡明斯
76487,Billy Cunningham,布伊尔尔伊-坎宁安
1630595,Cade Cunningham,凯德-坎宁安
201967,Dante Cunningham,德阿恩特埃-坎宁安
76485,Dick Cunningham,迪克-坎宁安
203099,Jared Cunningham,贾里德-坎宁安
1061,William Cunningham,威廉-坎宁安
940,Earl Cureton,厄尔-克乌尔埃顿
223,Bill Curley,比尔-克乌尔利
76492,Fran Curran,弗尔阿恩-柯伦
209,Dell Curry,德尔-库里
2201,Eddy Curry,埃德德伊-库里
688,Michael Curry,迈克尔-库里
203552,Seth Curry,斯埃思-库里
201939,Stephen Curry,斯蒂芬-库里
76505,Mike D'Antoni,迈克-德'阿恩顿伊
1642359,Pacôme Dadiet,普阿克ô姆埃-德阿德伊埃特
76497,Quintin Dailey,奎恩特伊恩-德阿伊利
2223,Samuel Dalembert,塞缪尔-戴勒姆波特
76498,Howie Dallmar,赫奥沃伊埃-德阿尔尔姆阿尔
956,Erick Dampier,埃尔克-德阿姆普伊埃尔
76499,Lou Dampier,尔奥乌-德阿姆普伊埃尔
76500,Bob Dandridge,鲍勃-德德尔伊德格埃
1498,Antonio Daniels,安东尼奥-丹尼尔斯
1630700,Dyson Daniels,戴森-丹尼尔斯
1380,Lloyd Daniels,劳埃德-丹尼尔斯
2605,Marquis Daniels,姆阿尔奎斯-丹尼尔斯
203584,Troy Daniels,特洛伊-丹尼尔斯
390,Sasha Danilovic,斯阿什阿-德阿恩伊尔奥夫伊克
1642368,N'Faly Dante,恩弗阿尔伊-德阿恩特埃
76504,Adrian Dantley,阿德里安-丹特利
212,Yinka Dare,伊伊恩克阿-德阿尔埃
203540,Gigi Datome,格伊格伊-德阿特奥姆埃
921,Brad Daugherty,布尔阿德-德阿乌格赫特伊
1600,Kornel David,克奥尔恩埃尔-戴维
201176,Jermareo Davidson,杰埃尔姆阿尔埃奥-德阿夫伊德森
76514,Bob Davies,鲍勃-德阿夫伊埃斯
203561,Brandon Davies,布兰登-德阿夫伊埃斯
203076,Anthony Davis,安东尼-戴维斯
213,Antonio Davis,安东尼奥-戴维斯
1884,Baron Davis,布阿尔奥恩-戴维斯
989,Ben Davis,本-戴维斯
76516,Brad Davis,布尔阿德-戴维斯
76518,Charlie Davis,奇阿尔尔伊埃-戴维斯
905,Dale Davis,德阿尔埃-戴维斯
1627738,Deyonta Davis,德埃伊奥恩特阿-戴维斯
76521,Double D Davis,德奥乌布尔埃-德 德阿夫伊斯
202334,Ed Davis,埃德-戴维斯
76522,Edward Davis,爱德华-戴维斯
1023,Emanual Davis,埃曼乌阿尔-戴维斯
201175,Glen Davis,格伦-戴维斯
76523,Harry Davis,哈里-戴维斯
93,Hubert Davis,休伯特-戴维斯
76525,Jim Davis,吉姆-戴维斯
76526,Johnny Davis,约翰尼-戴维斯
1631098,Johnny Davis,约翰尼-戴维斯
2668,Josh Davis,约什-戴维斯
707,Mark Davis,马克-戴维斯
76528,Mark Davis,马克-戴维斯
76529,Mel Davis,梅尔-戴维斯
76531,Mike Davis,迈克-戴维斯
76520,Monti Davis,蒙特伊-戴维斯
200781,Paul Davis,保罗-戴维斯
76532,Ralph Davis,拉尔夫-戴维斯
76519,Charlie Davis,奇阿尔尔伊埃-戴维斯
1729,Ricky Davis,里基-戴维斯
76534,Ron Davis,罗恩-戴维斯
1629056,Terence Davis,特埃恩克埃-戴维斯
426,Terry Davis,特里-戴维斯
76536,Walt Davis,沃尔特-戴维斯
1453,Walter Davis,沃阿尔特-戴维斯
1631120,JD Davison,杰德-德阿夫伊森
76539,Darryl Dawkins,德阿尔尔伊尔-德阿沃克伊恩斯
1008,Johnny Dawkins,约翰尼-德阿沃克伊恩斯
76542,Tony Dawson,托尼-德阿沃森
103,Todd Day,托德-德阿伊
201948,Austin Daye,奥斯汀-德阿伊埃
76543,Darren Daye,德阿尔尔埃恩-德阿伊埃
1630620,Darius Days,达里厄斯-德阿伊斯
201986,Nando De Colo,恩德奥-德埃 克奥尔奥
76545,Dave DeBusschere,戴夫-德埃布乌斯斯奇埃尔埃
692,Andrew DeClercq,安德鲁-德埃克尔埃尔克克
1629602,Javin DeLaurier,杰阿夫伊恩-德埃尔阿乌尔伊埃尔
76551,Nate DeLong,内特-德埃尔奥恩
201942,DeMar DeRozan,德埃姆阿尔-德罗赞
1630466,Gabriel Deck,加布里埃尔-德埃克
203473,Dewayne Dedmon,德埃沃阿伊恩埃-德埃德蒙
76546,Archie Dees,阿尔奇伊埃-德埃埃斯
143,Terry Dehere,特里-德埃赫埃尔埃
1626155,Sam Dekker,萨姆-德埃克克埃尔
219,Vinny Del Negro,夫伊恩恩伊-德埃尔 恩埃格尔奥
1627098,Malcolm Delaney,马尔科姆-德埃尔阿恩埃伊
183,Bison Dele,拜森-德埃尔埃
2568,Carlos Delfino,卡洛斯-德埃尔弗伊恩奥
960,Tony Delk,托尼-德埃尔克
203521,Matthew Dellavedova,马修-德尔阿夫埃德奥夫阿
76553,Larry Demic,拉里-德埃姆伊克
725,Dell Demps,德尔-德埃姆普斯
76555,George Dempsey,乔治-德埃姆普斯埃伊
2736,Luol Deng,洛尔-德埃恩
76556,Kenny Dennard,肯尼-德埃纳尔德
1642484,RayJ Dennis,尔阿伊杰-丹尼斯
202458,Justin Dentmon,贾斯廷-德埃恩特蒙
76559,Rod Derline,罗德-德尔伊恩埃
76561,Walter Devlin,沃阿尔特-德埃夫尔伊恩
76568,Ernie DiGregorio,埃尔恩伊埃-德伊格尔埃格奥尔伊奥
1628978,Donte DiVincenzo,唐特-德伊夫伊恩克埃恩兹奥
1631217,Moussa Diabaté,姆奥乌斯斯阿-德伊阿布阿特é
1629603,Mamadi Diakite,马马迪-德伊阿克伊特埃
1760,Derrick Dial,德里克-德伊阿尔
1627767,Cheick Diallo,奇埃克-迪亚洛
1628977,Hamidou Diallo,赫阿姆伊德奥乌-迪亚洛
2564,Boris Diaw,布奥里斯-德伊阿沃
200821,Yakhouba Diawara,伊阿克赫奥乌布阿-德伊阿沃阿尔阿
1641711,Gradey Dick,格尔阿德埃伊-迪克
2424,Dan Dickau,丹-德克阿乌
2079,Kaniel Dickens,克阿恩伊尔-德克埃恩斯
76563,Henry Dickerson,亨利-德克埃尔森
1722,Michael Dickerson,迈克尔-德克埃尔森
76564,Derrek Dickey,德尔埃克-德克埃伊
101143,Travis Diener,特尔阿夫伊斯-德伊埃纳
203476,Gorgui Dieng,戈尔吉-迪昂
1631172,Ousmane Dieng,奥乌斯曼埃-迪昂
76566,Connie Dierking,克奥恩恩伊埃-德伊埃尔克伊恩
76567,Coby Dietrick,科比-德伊埃特里克
1642265,Rob Dillingham,尔奥布-德伊尔尔伊恩赫阿姆
76574,Byron Dinkins,拜伦-德伊恩克伊恩斯
76576,Bill Dinwiddie,比尔-丁威迪
203915,Spencer Dinwiddie,斯潘塞-丁威迪
101113,Ike Diogu,伊克埃-德伊奥格乌
2205,DeSagana Diop,德埃斯阿格阿恩阿-德伊奥普
76577,Terry Dischinger,特里-德伊斯奇伊恩埃尔
124,Vlade Divac,弗拉德-迪瓦茨
2413,Juan Dixon,胡安-迪克森
1720,Michael Doleac,迈克尔-德奥尔埃阿克
76582,Bob Doll,鲍勃-德奥尔尔
76583,James Donaldson,詹姆斯-德奥恩阿尔德森
76584,Bob Donham,鲍勃-德奥恩赫阿姆
1629029,Luka Dončić,卢卡-东契奇
2039,Keyon Dooling,克埃伊奥恩-德奥奥尔伊恩
76587,Jacky Dorsey,杰阿克伊-德奥尔斯埃伊
201595,Joey Dorsey,杰奥埃伊-德奥尔斯埃伊
1628416,Tyler Dorsey,泰勒-德奥尔斯埃伊
1629652,Luguentz Dort,尔乌格乌埃恩特兹-多尔特
1630245,Ayo Dosunmu,阿伊奥-德奥斯乌恩姆乌
1628422,Damyean Dotson,德阿姆伊埃阿恩-德奥特森
1629653,Devon Dotson,德埃夫奥恩-德奥特森
200763,Quincy Douby,昆西-德奥乌布伊
76589,John Douglas,约翰-德奥乌格拉斯
76590,Leon Douglas,利昂-德奥乌格拉斯
428,Sherman Douglas,什埃尔曼-德奥乌格拉斯
201962,Toney Douglas,顿埃伊-德奥乌格拉斯
201604,Chris Douglas-Roberts,克里斯-德奥乌格拉斯-罗伯茨
1629635,Sekou Doumbouya,塞库-德奥乌姆布奥乌伊阿
76592,Lloyd Dove,劳埃德-德奥夫埃
76594,Steve Downing,史蒂夫-德奥沃恩伊恩
1630288,Jeff Dowtin Jr.,杰夫-德奥沃特伊恩 杰尔.
1628408,PJ Dozier,PJ-德奥兹伊埃尔
201609,Goran Dragic,格奥尔阿恩-德拉季奇
204054,Zoran Dragic,兹奥尔阿恩-德拉季奇
1068,Greg Dreiling,格雷格-德尔埃伊尔伊恩
1724,Bryce Drew,布莱斯-德鲁
76598,John Drew,约翰-德鲁
76599,Larry Drew,拉里-德鲁
203580,Larry Drew II,拉里-德尔埃沃 伊伊
17,Clyde Drexler,克莱德-德雷克斯勒
76603,Terry Driscoll,特里-德里斯克奥尔尔
1542,Predrag Drobnjak,普雷德拉格-德尔奥布恩杰阿克
203083,Andre Drummond,安德烈-德拉蒙德
76623,Dennis DuVal,丹尼斯-德乌夫阿尔
1630537,Chris Duarte,克里斯-德乌阿尔特埃
404,Kevin Duckworth,凯文-德乌克沃奥尔思
76607,Charles Dudley,查尔斯-德乌德利
201,Chris Dudley,克里斯-德乌德利
201162,Jared Dudley,贾里德-德乌德利
76608,Terry Duerod,特里-德乌埃尔奥德
76609,Bob Duffy,鲍勃-德乌弗弗伊
76610,Bob Duffy,鲍勃-德乌弗弗伊
2768,Chris Duhon,克里斯-德乌赫奥恩
1630561,David Duke Jr.,戴维-德乌克埃 杰尔.
76611,Walter Dukes,沃阿尔特-德乌克埃斯
247,Joe Dumars,乔-德乌姆阿尔斯
30,Richard Dumas,尔伊奇德-德乌马斯
434,Tony Dumas,托尼-德乌马斯
76615,Andy Duncan,安迪-邓肯
1495,Tim Duncan,蒂姆-邓肯
2399,Mike Dunleavy,迈克-邓利维
76616,Mike Dunleavy,迈克-邓利维
1627739,Kris Dunn,克里斯-邓恩
1642346,Ryan Dunn,瑞安-邓恩
76618,T.R. Dunn,特.尔.-邓恩
2648,Ronald Dupree,尔奥恩阿尔德-德乌普尔埃埃
201142,Kevin Durant,凯文-杜兰特
1631105,Jalen Duren,杰伦-德乌尔埃恩
76619,John Duren,约翰-德乌尔埃恩
1090,Pat Durham,帕特-德乌尔赫阿姆
76621,Devin Durrant,德文-德乌尔尔阿恩特
76622,Ken Durrett,肯-德乌尔尔特
289,Ledell Eackles,尔埃德尔-埃阿克莱斯
76628,Jim Eakins,吉姆-埃阿克伊恩斯
768,Acie Earl,阿克伊埃-厄尔
203921,Cleanthony Early,克尔埃阿恩思奥恩伊-埃阿尔尔伊
1631106,Tari Eason,塔里-埃阿森
76631,Mark Eaton,马克-埃阿顿
76632,Jerry Eaves,杰里-埃阿夫埃斯
202365,Devin Ebanks,德文-埃布阿恩克斯
76634,Al Eberhard,阿尔-埃布埃尔赫德
2569,Ndudi Ebi,恩德乌德伊-埃布伊
204067,Jarell Eddie,贾雷尔-埃迪
76636,Thomas Eddleman,托马斯-埃德德尔埃曼
1641744,Zach Edey,扎克-埃德埃伊
76638,Keith Edmonson,基思-埃德蒙森
721,Tyus Edney,泰厄斯-埃德恩埃伊
1630162,Anthony Edwards,安东尼-爱德华兹
898,Blue Edwards,布尔乌埃-爱德华兹
1629035,Carsen Edwards,卡森-爱德华兹
346,Doug Edwards,德奥乌格-爱德华兹
76641,Franklin Edwards,弗尔阿恩克尔伊恩-爱德华兹
229,James Edwards,詹姆斯-爱德华兹
2823,John Edwards,约翰-爱德华兹
1642348,Justin Edwards,贾斯廷-爱德华兹
1630556,Kessler Edwards,克埃斯斯尔埃尔-爱德华兹
236,Kevin Edwards,凯文-爱德华兹
76647,Johnny Egan,约翰尼-埃格阿恩
76649,Eddie Ehlers,埃迪-埃赫尔埃尔斯
378,Craig Ehlo,克雷格-埃赫尔奥
458,Howard Eisley,霍华德-埃伊斯利
1918,Obinna Ekezie,奥布伊纳-埃克埃兹伊埃
53,Mario Elie,马里奥-埃尔伊埃
1629604,CJ Elleby,CJ-尔埃布伊
76655,Ray Ellefson,雷-尔埃弗森
1627740,Henry Ellenson,亨利-尔埃恩森
201961,Wayne Ellington,韦恩-尔伊恩顿
76656,Bob Elliott,鲍勃-埃利奥特
251,Sean Elliott,肖恩-埃利奥特
76658,Alexander Ellis,亚历山大-埃利斯
76664,Bo Ellis,布奥-埃利斯
107,Dale Ellis,德阿尔埃-埃利斯
1677,Harold Ellis,哈罗德-埃利斯
76661,Joe Ellis,乔-埃利斯
1631165,Keon Ellis,基恩-埃利斯
111,LaPhonso Ellis,拉方索-埃利斯
1034,LeRon Ellis,尔埃尔奥恩-埃利斯
76663,Leroy Ellis,尔埃尔奥伊-埃利斯
101145,Monta Ellis,蒙特阿-埃利斯
442,Pervis Ellison,普埃尔夫伊斯-尔伊森
600010,Len Elmore,伦-埃尔姆奥尔埃
1922,Francisco Elson,弗尔阿恩克伊斯克奥-埃尔森
2408,Melvin Ely,梅尔文-埃尔伊
203954,Joel Embiid,乔尔-恩比德
76668,Wayne Embry,韦恩-埃姆布尔伊
2765,Andre Emmett,安德烈-埃姆姆特
76670,Chris Engler,克里斯-埃恩尔埃尔
76672,A.J. English,AJ-埃恩尔伊什
76673,Alex English,阿莱士-埃恩尔伊什
76676,Jojo English,杰奥杰奥-埃恩尔伊什
76677,Gene Englund,格埃恩埃-埃恩尔乌恩德
203898,Tyler Ennis,泰勒-埃恩恩伊斯
203516,James Ennis III,詹姆斯-埃恩恩伊斯 伊伊伊
201623,Semih Erden,斯埃姆伊赫-埃尔德埃恩
76680,Keith Erickson,基思-埃尔克森
76681,Julius Erving,朱利叶斯-埃尔夫伊恩
1915,Evan Eschmeyer,埃文-埃斯奇姆埃伊埃尔
1630623,Tyson Etienne,特伊森-埃特伊埃恩恩埃
1629234,Drew Eubanks,德鲁-埃乌布阿恩克斯
967,Brian Evans,布赖恩-埃夫阿恩斯
1628980,Jacob Evans,雅各布-埃夫阿恩斯
1628393,Jawun Evans,贾旺-埃夫阿恩斯
202379,Jeremy Evans,杰里米-埃夫阿恩斯
2230,Maurice Evans,莫里斯-埃夫阿恩斯
76686,Mike Evans,迈克-埃夫阿恩斯
2501,Reggie Evans,雷吉-埃夫阿恩斯
201936,Tyreke Evans,泰瑞克-埃夫阿恩斯
1641787,Tosan Evbuomwan,特奥斯阿恩-埃夫布乌奥姆沃阿恩
101137,Daniel Ewing,丹尼尔-尤因
121,Patrick Ewing,帕特里克-尤因
203957,Dante Exum,德阿恩特埃-埃克萨姆
201963,Christian Eyenga,克里斯蒂安-埃伊埃恩阿
203105,Festus Ezeli,弗埃斯特斯-埃兹埃尔伊
76689,Johnny Ezersky,约翰尼-埃兹埃尔斯克伊
1629605,Tacko Fall,塔科-弗阿尔尔
76692,Phil Farbman,菲尔-弗阿尔布曼
202702,Kenneth Faried,克埃恩恩埃思-法里德
76693,Dick Farley,迪克-弗阿尔利
200770,Jordan Farmar,乔丹-弗阿尔姆阿尔
2824,Desmon Farmer,德埃斯蒙-弗阿尔姆埃尔
76695,Jim Farmer,吉姆-弗阿尔姆埃尔
76694,Mike Farmer,迈克-弗阿尔姆埃尔
1108,Tony Farmer,托尼-弗阿尔姆埃尔
202324,Derrick Favors,德里克-弗阿夫奥尔斯
201174,Nick Fazekas,尼克-弗阿兹埃克阿斯
994,Jamie Feick,杰阿姆伊埃-弗埃克
76702,George Feigenbaum,乔治-弗埃伊格埃恩布阿乌姆
76703,Dave Feitl,戴夫-弗埃伊特尔
1627770,Kay Felder,克阿伊-弗埃尔德
1626245,Cristiano Felicio,克里斯蒂亚诺-弗埃尔伊克伊奥
76704,Ray Felix,雷-弗埃尔伊克斯
101109,Raymond Felton,尔阿伊蒙德-弗埃尔顿
76705,Jake Fendley,杰克-弗埃恩德利
1628390,Terrance Ferguson,特尔阿恩克埃-弗格森
201164,Rudy Fernandez,鲁迪-弗埃尔恩德埃兹
1628981,Bruno Fernando,布鲁诺-弗埃尔恩德奥
76707,Eric Fernsten,埃里克-弗埃尔恩斯特埃恩
76708,Al Ferrari,阿尔-弗埃尔尔阿尔伊
273,Duane Ferrell,德乌阿恩埃-弗埃尔尔尔
1627812,Yogi Ferrell,伊奥格伊-弗埃尔尔尔
76711,Arnie Ferrin,阿尔恩伊埃-弗埃尔尔伊恩
76712,Bob Ferry,鲍勃-弗埃尔尔伊
198,Danny Ferry,丹尼-弗埃尔尔伊
201178,Kyrylo Fesenko,克伊尔伊尔奥-弗埃斯埃恩克奥
76713,Kenny Fields,肯尼-弗伊尔德斯
202361,Landry Fields,兰德里-弗伊尔德斯
1642271,Kyle Filipowski,凯尔-弗伊尔伊普奥沃斯克伊
76715,Greg Fillmore,格雷格-弗伊尔尔姆奥尔埃
76716,Hank Finkel,汉克-弗伊恩克埃尔
714,Michael Finley,迈克尔-芬利
76717,Danny Finn,丹尼-弗伊恩恩
1627827,Dorian Finney-Smith,德奥尔伊阿恩-弗伊恩恩埃伊-史密斯
900,Matt Fish,马特-弗伊什
965,Derek Fisher,德里克-费舍尔
1630238,Malik Fitts,马利克-弗伊特特斯
76720,Bob Fitzgerald,鲍勃-弗伊特兹格埃尔阿尔德
2033,Marcus Fizer,马库斯-弗伊兹埃尔
1641745,Adam Flagler,阿德阿姆-弗尔阿格尔埃尔
76721,Jerry Fleishman,杰里-弗尔埃伊什曼
76723,Ed Fleming,埃德-弗尔埃姆伊恩
313,Vern Fleming,夫埃尔恩-弗尔埃姆伊恩
2784,Luis Flores,路易斯-弗尔奥尔埃斯
1642280,Trentyn Flowers,特雷恩特伊恩-弗尔奥沃埃尔斯
76726,Sleepy Floyd,斯利皮-弗尔奥伊德
201938,Jonny Flynn,杰奥恩恩伊-弗林
1630201,Malachi Flynn,玛拉基-弗林
76727,Mike Flynn,迈克-弗林
1631323,Simone Fontecchio,斯伊蒙埃-弗奥恩特埃克奇伊奥
201814,Gary Forbes,加里-弗奥尔布埃斯
76732,Alphonso Ford,阿尔普赫奥恩斯奥-弗奥尔德
2228,Alton Ford,阿尔顿-弗奥尔德
76733,Chris Ford,克里斯-弗奥尔德
76734,Don Ford,唐-弗奥尔德
76735,Jake Ford,杰克-弗奥尔德
76736,Phil Ford,菲尔-弗奥尔德
2551,T.J. Ford,TJ-弗奥尔德
76739,Bayard Forrest,布阿伊德-弗奥尔尔埃斯特
1630235,Trent Forrest,特伦特-弗奥尔尔埃斯特
2218,Joseph Forte,约瑟夫-弗奥尔特埃
202622,Courtney Fortson,考特尼-弗奥尔特森
1504,Danny Fortson,丹尼-弗奥尔特森
76740,Fred Foster,弗雷德-福斯特
323,Greg Foster,格雷格-福斯特
1902,Jeff Foster,杰夫-福斯特
76742,Rod Foster,罗德-福斯特
203095,Evan Fournier,埃文-弗奥乌尔恩伊埃尔
76744,Larry Foust,拉里-弗奥乌斯特
1762,Tremaine Fowlkes,特雷姆阿伊恩埃-弗奥沃尔克埃斯
1628368,De'Aaron Fox,达龙-福克斯
76747,Jim Fox,吉姆-福克斯
296,Rick Fox,里克-福克斯
200751,Randy Foye,兰迪-弗奥伊埃
1502,Adonal Foyle,阿德奥恩阿尔-弗奥伊尔埃
2499,Richie Frahm,尔伊奇伊埃-弗尔阿赫姆
1883,Steve Francis,史蒂夫-弗朗西斯
76748,Tellis Frank,特尔伊斯-弗兰克
203479,Jamaal Franklin,贾马尔-弗尔阿恩克尔伊恩
204025,Tim Frazier,蒂姆-弗雷泽
76750,Walt Frazier,沃尔特-弗雷泽
1628982,Melvin Frazier Jr.,梅尔文-弗尔阿兹伊埃尔 杰尔.
76752,Anthony Frederick,安东尼-弗尔埃德克
202690,Jimmer Fredette,杰伊姆姆埃尔-弗尔埃德特埃
76753,World Free,沃奥尔尔德-弗尔埃埃
202683,Enes Freedom,埃恩埃斯-弗尔埃埃德奥姆
200777,Joel Freeland,乔尔-弗尔埃埃尔德
1642402,Enrique Freeman,埃恩尔伊克乌埃-弗尔埃埃曼
76755,Gary Freeman,加里-弗尔埃埃曼
2782,Matt Freije,马特-弗尔埃伊杰埃
76760,Jim Fritsche,吉姆-弗尔伊特斯奇埃
101112,Channing Frye,奇阿恩恩伊恩-弗莱
76761,Bernie Fryer,布埃尔恩伊埃-弗尔伊埃尔
1641788,Alex Fudge,阿莱士-弗乌德格埃
76764,Joe Fulks,乔-弗乌尔克斯
957,Todd Fuller,托德-弗乌勒
1628365,Markelle Fultz,姆阿尔克尔埃-富尔茨
1444,Lawrence Funderburke,尔阿沃尔埃恩克埃-弗乌恩德布乌尔克埃
76767,Terry Furlow,特里-弗乌尔尔奥沃
1642277,Johnny Furphy,约翰尼-弗乌尔普赫伊
76768,Billy Gabor,布伊尔尔伊-格阿布奥尔
1629117,Wenyen Gabriel,温延-加布里埃尔
2429,Dan Gadzuric,丹-格阿德兹乌尔伊克
1629655,Daniel Gafford,丹尼尔-加福德
76770,Corey Gaines,克奥尔埃伊-格阿伊恩埃斯
2558,Reece Gaines,尔埃埃克埃-格阿伊恩埃斯
202178,Sundiata Gaines,斯乌恩德伊阿特阿-格阿伊恩埃斯
76771,Mike Gale,迈克-格阿尔埃
76773,Harry Gallatin,哈里-格阿拉特伊恩
201568,Danilo Gallinari,德阿恩伊尔奥-加里纳利
204038,Langston Galloway,尔阿恩斯顿-格阿尔尔奥沃阿伊
76774,Dave Gambee,戴夫-格阿姆布埃埃
333,Kevin Gamble,凯文-格阿姆布尔埃
200816,Jorge Garbajosa,杰奥尔格埃-格阿尔布阿杰奥斯阿
2092,Ruben Garces,尔乌布埃恩-格阿尔克埃斯
2682,Alex Garcia,阿莱士-加西亚
101128,Francisco Garcia,弗尔阿恩克伊斯克奥-加西亚
201242,Thomas Gardner,托马斯-格德纳
76779,Vern Gardner,夫埃尔恩-格德纳
76780,Jack Garfinkel,杰克-格阿尔弗伊恩克埃尔
76006,Forest Able,弗奥尔埃斯特-阿布尔埃
76007,John Abramovic,约翰-阿布尔阿姆奥夫伊克
76008,Donald Ackerman,德奥恩阿尔德-阿克埃尔曼
76010,Charles Acton,查尔斯-阿克顿
1629061,Deng Adel,德埃恩-阿德埃尔
203006,Josh Akognon,约什-阿克奥格恩奥恩
1629152,DeVaughn Akoon-Purcell,德埃夫阿乌格赫恩-阿克奥奥恩-普乌尔克尔
203128,Furkan Aldemir,弗乌尔克阿恩-阿尔德埃姆伊尔
76021,Chuck Aleksinas,查克-阿尔埃克斯伊恩阿斯
1626146,Cliff Alexander,克尔伊弗弗-亚历山大
1629734,Kyle Alexander,凯尔-亚历山大
1630234,Ty-Shon Alexander,泰-什奥恩-亚历山大
1628959,Rawle Alkins,尔阿沃尔埃-阿尔克伊恩斯
76028,Bob Allen,鲍勃-艾伦
1641851,Timmy Allen,特伊姆姆伊-艾伦
76029,Odis Allison,奥德伊斯-阿尔尔伊森
200984,Lance Allred,尔阿恩克埃-阿尔尔尔埃德
76030,Darrell Allums,德阿尔尔尔-阿尔尔乌姆斯
1824,Peter Aluma,普埃特-阿尔乌姆阿
76034,Bob Anderegg,鲍勃-德埃尔埃格格
202079,Antonio Anderson,安东尼奥-安德森
76037,Dwight Anderson,德怀特-安德森
76041,Kim Anderson,克伊姆-安德森
76042,Michael Anderson,迈克尔-安德森
76048,Wally Anderzunas,沃阿尔尔伊-德埃尔兹乌恩阿斯
101149,Martynas Andriuskevicius,马丁纳斯-德尔伊乌斯克埃夫伊克伊乌斯
76049,Don Anielak,唐-阿恩伊尔阿克
1630828,Alex Antetokounmpo,阿莱士-阿德托昆博
203951,Keith Appling,基思-阿普普尔伊恩
76053,Stacey Arceneaux,斯特阿克埃伊-阿尔克埃恩埃阿乌克斯
76057,Joe Arlauckas,乔-阿尔尔阿乌克阿斯
76061,Bob Armstrong,鲍勃-阿姆斯特朗
1642379,Taran Armstrong,特阿尔阿恩-阿姆斯特朗
76062,Jesse Arnelle,杰埃斯-阿尔恩尔埃
76064,Bob Arnzen,鲍勃-阿尔恩兹埃恩
76065,John Arthurs,约翰-阿尔思乌尔斯
1628503,Jamel Artis,杰阿姆埃尔-阿尔特伊斯
76068,Don Asmonga,唐-阿斯蒙格阿
76071,Chet Aubuchon,奇埃特-阿乌布乌奇奥恩
76073,John Austin,约翰-奥斯汀
76074,Ken Austin,肯-奥斯汀
1630555,Joel Ayayi,乔尔-阿伊阿伊伊
203569,Chris Babb,克里斯-布阿布布
76080,Johnny Bach,约翰尼-布阿奇
1630641,Ibou Badji,伊布-布阿德杰伊
1630542,Marcus Bagley,马库斯-布阿格利
1642846,Ace Bailey,阿克埃-布阿伊利
1641735,Amari Bailey,阿姆阿尔伊-布阿伊利
76084,Carl Bailey,克阿尔尔-布阿伊利
1858,Mark Baker,马克-布阿克埃尔
76089,Norm Baker,恩奥尔姆-布阿克埃尔
1642380,Adama Bal,阿德阿姆阿-布阿尔
76090,Cedric Ball,克埃德尔伊克-布阿尔尔
76092,Herschel Baltimore,赫埃尔斯奇埃尔-布阿尔特伊姆奥尔埃
1627760,Cat Barber,克阿特-布阿尔布埃尔
76096,John Barber,约翰-布阿尔布埃尔
76098,Cliff Barker,克尔伊弗弗-布阿尔克埃尔
76103,Harry Barnes,哈里-巴恩斯
76109,Norton Barnhill,恩奥尔顿-布阿尔恩赫伊尔尔
1642964,Brooks Barnhizer,布鲁克斯-布阿尔恩赫伊兹埃尔
76111,John Barr,约翰-布阿尔尔
76112,Mike Barr,迈克-布阿尔尔
76113,Thomas Barr,托马斯-布阿尔尔
76118,Vic Bartolome,夫伊克-布阿尔特奥尔奥姆埃
101188,Eddie Basden,埃迪-布阿斯德埃恩
76119,Jerry Baskerville,杰里-布阿斯克埃尔夫伊尔尔埃
1628238,Paris Bass,普阿里斯-巴斯
2471,Mike Batiste,迈克-布阿特伊斯特埃
1641878,Damion Baugh,达米恩-布阿乌格赫
76126,Frankie Baumholtz,弗尔阿恩克伊埃-布阿乌姆赫奥尔特兹
76128,Sergei Bazarevich,斯埃尔格埃伊-布阿兹阿尔埃夫伊奇
76129,Ed Beach,埃德-布埃阿奇
76131,Ralph Beard,拉尔夫-比尔德
2602,Jerome Beasley,杰埃尔奥姆埃-比斯利
76134,Byron Beck,拜伦-贝克
76141,Elmer Behnke,埃尔默-布埃赫恩克埃
2559,Troy Bell,特洛伊-贝尔
203968,Jerrelle Benimon,杰埃尔尔尔埃-布埃恩伊蒙
202728,Keith Benson,基思-本森
1627791,Ben Bentil,本-布埃恩特伊尔
76155,Gene Berce,格埃恩埃-布埃尔克埃
76156,Gary Bergen,加里-布埃尔格埃恩
1642866,Joan Beringer,杰奥阿恩-布埃尔伊恩埃尔
1631262,Jules Bernard,杰乌莱斯-布埃尔恩德
76157,Ricky Berry,里基-布埃尔尔伊
1629541,Dairis Bertans,德阿伊里斯-布特阿恩斯
1630189,Tyler Bey,泰勒-布埃伊
204021,Sim Bhullar,斯伊姆-布赫乌拉尔
76161,Hank Biasatti,汉克-布伊阿斯阿特特伊
76163,Ed Biedenbach,埃德-布伊埃德埃恩布阿奇
76164,Don Bielke,唐-布伊尔克埃
76167,Joe Binion,乔-布伊恩伊奥恩
1628444,Jabari Bird,贾巴里-伯德
76168,Jerry Bird,杰里-伯德
76171,Gale Bishop,格阿尔埃-布伊什奥普
1641931,Onuralp Bitim,奥恩乌尔阿尔普-布伊特伊姆
76174,Norman Black,诺曼-布尔阿克
76180,Alex Blackwell,阿莱士-布尔阿克沃尔
76177,Cory Blackwell,科里-布尔阿克沃尔
76179,Nate Blackwell,内特-布尔阿克沃尔
202392,Marqus Blakely,姆阿尔克乌斯-布尔阿克埃尔伊
200807,Will Blalock,威尔-布尔阿尔奥克
76182,George Blaney,乔治-布尔阿恩埃伊
76184,Ricky Blanton,里基-布尔阿恩顿
76186,Leon Blevins,利昂-布尔埃夫伊恩斯
1628417,Jaron Blossomgame,杰阿尔奥恩-布尔奥斯斯奥姆格阿姆埃
1629129,Trevon Bluiett,特雷夫奥恩-布尔乌伊特
76189,Ray Blume,雷-布尔乌姆埃
2800,Tony Bobbitt,托尼-布奥布布伊特特
76196,Bill Bolger,比尔-布奥尔格埃尔
76197,Doug Bolstorff,德奥乌格-布奥尔斯特奥尔弗弗
76203,George H. Bon Salle,乔治-赫. 布奥恩 斯阿尔尔埃
76198,Phil Bond,菲尔-布奥恩德
1121,Dexter Boney,德埃克斯特-布奥恩埃伊
1953,Lazaro Borrell,尔阿兹阿尔奥-布奥尔尔尔
76209,Costic Borsavage,克奥斯特伊克-布奥尔斯阿夫阿格埃
76211,Jim Bostic,吉姆-布奥斯特伊克
76212,Lawrence Boston,尔阿沃尔埃恩克埃-布奥斯顿
1629065,Ky Bowman,克伊-布奥沃曼
76221,Dennis Boyd,丹尼斯-布奥伊德
76223,Ken Boyd,肯-布奥伊德
200841,Cedric Bozeman,克埃德尔伊克-布奥兹埃曼
76228,Alex Bradley,阿莱士-布拉德利
76232,Joe Bradley,乔-布拉德利
1361,Mark Bradtke,马克-布尔阿德特克埃
66,Marques Bragg,姆阿尔克乌埃斯-布尔阿格格
1920,A.J. Bramlett,AJ-布尔阿姆尔特
76240,Jesse Branson,杰埃斯-布尔阿恩森
1642886,Koby Brea,克奥布伊-布尔埃阿
76245,Pete Brennan,皮特-布尔埃纳恩
76246,Tom Brennan,汤姆-布尔埃纳恩
1641779,Jalen Bridges,杰伦-布里奇斯
76254,Al Brightman,阿尔-布尔伊格赫特曼
1628578,Amida Brimah,阿姆伊德阿-布尔伊姆阿赫
76255,Audley Brindley,阿乌德利-布尔伊恩德利
1628515,Isaiah Briscoe,以赛亚-布里斯克奥埃
76258,Tyrone Britt,特伊尔奥恩埃-布尔伊特特
76259,Wayman Britt,沃阿伊曼-布尔伊特特
76261,David Britton,戴维-布尔伊特顿
1631167,Izaiah Brockington,伊兹阿伊阿赫-布尔奥克伊恩顿
1631232,Keion Brooks Jr.,克埃伊奥恩-布尔奥奥克斯 杰尔.
1641780,Johni Broome,约恩伊-布尔奥奥姆埃
76284,Bob Brown,鲍勃-布朗
1642468,Darius Brown,达里厄斯-布朗
76270,Darrell Brown,德阿尔尔尔-布朗
2081,Ernest Brown,欧内斯特-布朗
76273,George Brown,乔治-布朗
1871,Gerald Brown,杰拉德-布朗
76275,Harold Brown,哈罗德-布朗
203913,Jabari Brown,贾巴里-布朗
76278,Leon Brown,利昂-布朗
76279,Lewis Brown,刘易斯-布朗
76277,Myron Brown,姆伊尔奥恩-布朗
76282,Raymond Brown,尔阿伊蒙德-布朗
76287,Jim Browne,吉姆-布尔奥沃恩埃
76288,Stanley Brundy,斯坦利-布尔乌恩德伊
1642868,Carter Bryant,卡特-布莱恩特
1629091,Elijah Bryant,伊莱贾-布莱恩特
76292,Torgeir Bryn,特奥尔格埃伊尔-布林
1629783,Shaq Buchanan,沙克-布乌奇阿恩阿恩
76294,Steve Bucknall,史蒂夫-布乌克恩阿尔尔
76300,Greg Bunch,格雷格-布乌恩奇
76301,Dick Bunt,迪克-布乌恩特
76302,Bill Buntin,比尔-布乌恩特伊恩
76304,Roger Burkman,尔奥格埃尔-布乌尔克曼
101207,Kevin Burleson,凯文-布乌尔莱斯奥恩
76306,Jack Burmaster,杰克-布乌尔马斯特
76308,Evers Burns,埃夫埃尔斯-伯恩斯
76309,Jim Burns,吉姆-伯恩斯
675,Junior Burrough,杰乌恩伊奥尔-布乌尔尔奥乌格赫
1631174,Tyler Burton,泰勒-布乌尔顿
202221,Brian Butch,布赖恩-布乌特奇
202364,Da'Sean Butler,德阿斯埃阿恩-巴特勒
1631219,John Butler Jr.,约翰-布乌特尔埃尔 杰尔.
201182,Derrick Byars,德里克-布伊阿尔斯
76323,Mike Bytzura,迈克-布伊特兹乌尔阿
76328,Jim Caldwell,吉姆-考德威尔
76332,Demetrius Calip,德埃姆埃特里乌斯-克阿尔伊普
76333,Tom Callahan,汤姆-克阿拉赫阿恩
76334,Rick Calloway,里克-卡洛威
76335,Ernie Calverley,埃尔恩伊埃-克阿尔夫埃尔利
76337,Dexter Cambridge,德埃克斯特-克阿姆布尔伊德格埃
76339,Larry Cannon,拉里-坎农
202382,Derrick Caracter,德里克-克阿尔阿克特
1642928,Dylan Cardwell,迪伦-克德沃尔
76340,Howie Carl,赫奥沃伊埃-克阿尔尔
76341,Chet Carlisle,奇埃特-克阿尔尔伊斯尔埃
2367,Geno Carlisle,格埃恩奥-克阿尔尔伊斯尔埃
76343,Al Carlson,阿尔-克阿尔尔森
76345,Bob Carney,鲍勃-克阿尔恩埃伊
1757,Cory Carr,科里-卡尔
1131,Jimmy Carruth,吉米-克阿尔尔乌思
76357,George Carter,乔治-卡特
76359,Jake Carter,杰克-卡特
76363,Jay Carty,杰伊-克阿尔特伊
76364,Cornelius Cash,克奥尔恩埃尔伊乌斯-克阿什
76367,Sid Catlett,斯伊德-克阿特尔特
1628505,Troy Caupain,特洛伊-克阿乌普阿伊恩
1629958,Ahmad Caver,阿赫姆阿德-克阿夫埃尔
1630608,Malcolm Cazalon,马尔科姆-克阿兹阿尔奥恩
1911,John Celestand,约翰-克埃莱斯特德
2763,Lionel Chalmers,尔伊奥恩埃尔-查默斯
76374,Bill Chamberlain,比尔-张伯伦
76378,Mike Champion,迈克-钱皮恩
76384,Lorenzo Charles,尔奥尔埃恩兹奥-查尔斯
203805,Will Cherry,威尔-奇埃尔尔伊
1642279,Ulrich Chomche,乌尔尔伊奇-奇奥姆奇埃
76393,Fred Christ,弗雷德-奇里斯特
202091,Dionte Christmas,德伊奥恩特埃-奇里斯特马斯
203902,Semaj Christon,斯埃姆阿杰-奇里斯顿
203565,Patrick Christopher,帕特里克-克里斯托弗
928,Robert Churchwell,罗伯特-丘奇韦尔
1630619,Moussa Cisse,姆奥乌斯斯阿-克伊斯
1626262,Coty Clarke,克奥特伊-克拉克
1628492,Gian Clavell,格伊阿恩-克尔阿夫尔
1127,Charles Claxton,查尔斯-克拉克斯顿
1629598,Chris Clemons,克里斯-克尔埃蒙斯
1642363,Nique Clifford,恩伊克乌埃-克尔伊弗弗奥尔德
76407,Paul Cloyd,保罗-克尔奥伊德
76408,Marion Cluggish,马里昂-克尔乌格格伊什
76409,Ben Clyde,本-克莱德
76410,Richard Coffey,尔伊奇德-科菲
76415,Norris Coleman,诺里斯-科尔曼
76416,Art Collins,阿尔特-科林斯
1530,James Collins,詹姆斯-科林斯
202395,Sherron Collins,什埃尔尔奥恩-科林斯
1641879,Yuri Collins,伊乌尔伊-科林斯
1627858,Kyle Collinsworth,凯尔-克奥尔尔伊恩斯沃奥尔思
76422,Joe Colone,乔-克奥尔奥恩埃
1629045,Bonzie Colson,布奥恩兹伊埃-科尔森
1628435,Chance Comanche,奇阿恩克埃-克奥曼奇埃
76425,Leroy Combs,尔埃尔奥伊-库姆斯
76427,Larry Comley,拉里-克奥姆利
76434,Bert Cook,布特-库克
76438,Bobby Cook,博比-库克
1628429,Charles Cooke,查尔斯-库克
76439,David Cooke,戴维-库克
1631451,Javonte Cooke,贾冯特-库克
76440,Joe Cooke,乔-库克
1641645,Xavier Cooks,泽维尔-克奥奥克斯
76446,Tom Copa,汤姆-克奥普阿
76451,Ken Corley,肯-克奥尔利
1627822,Petr Cornelie,普埃特尔-克奥尔恩埃尔伊埃
1627856,Matt Costello,马特-科斯特洛
76456,Jack Cotton,杰克-科顿
76457,John Coughran,约翰-克奥乌格赫尔阿恩
76459,Steve Courtin,史蒂夫-克奥乌尔特伊恩
202408,Marcus Cousin,马库斯-卡曾
1642907,Cedric Coward,克埃德尔伊克-克奥沃德
76463,John Cox,约翰-考克斯
76464,Johnny Cox,约翰尼-考克斯
201621,Joe Crawford,乔-克劳福德
76468,Jim Creighton,吉姆-克尔埃伊格赫顿
76470,Hal Crisler,赫阿尔-克里斯尔埃尔
76475,Terry Crosby,特里-克尔奥斯布伊
76476,Jeff Cross,杰夫-克罗斯
76478,Russell Cross,拉塞尔-克罗斯
76481,Mark Crow,马克-克尔奥沃
1630622,Jalen Crutcher,杰伦-克尔乌特奇埃尔
1643018,LJ Cryer,尔杰-克尔伊埃尔
1642385,Cui Yongxi,崔永熙
1629600,Jarron Cumberland,杰阿尔尔奥恩-克乌姆布埃尔尔德
76488,Radisav Curcic,尔阿德伊斯阿夫-库尔契奇
76489,Armand Cure,阿尔曼德-克乌尔埃
201191,JamesOn Curry,杰阿姆埃森-库里
687,Rastko Cvetkovic,尔阿斯特克奥-茨韦特科维奇
76496,Ed Dahler,埃德-德阿赫尔埃尔
2845,Erik Daniels,埃尔伊克-丹尼尔斯
76502,Mel Daniels,梅尔-丹尼尔斯
76506,Henry Darcey,亨利-德阿尔克埃伊
76507,Jimmy Darden,吉米-德德埃恩
76509,Jesse Dark,杰埃斯-德阿尔克
1630268,Nate Darling,内特-德阿尔尔伊恩
76511,Jimmy Darrow,吉米-德阿尔尔奥沃
76515,Aubrey Davis,阿乌布尔埃伊-戴维斯
76538,Bill Davis,比尔-戴维斯
76533,Bob Davis,鲍勃-戴维斯
76517,Brian Davis,布赖恩-戴维斯
76524,James Davis,詹姆斯-戴维斯
76530,Michael Davis,迈克尔-戴维斯
1629093,Tyler Davis,泰勒-戴维斯
203958,Andre Dawkins,安德烈-德阿沃克伊恩斯
76541,Paul Dawkins,保罗-德阿沃克伊恩斯
1626183,Branden Dawson,布尔德埃恩-德阿沃森
201286,Eric Dawson,埃里克-德阿沃森
76562,Hank DeZonie,汉克-德埃兹奥恩伊埃
76544,Greg Deane,格雷格-德埃阿恩埃
76548,Red Dehnert,尔埃德-德埃赫纳特
1626214,Bryce Dejean-Jones,布莱斯-德埃杰埃阿恩-琼斯
1629116,Angel Delgado,阿恩埃尔-德埃尔格阿德奥
76552,Fennis Dembo,弗埃恩恩伊斯-德埃姆布奥
76557,Blaine Denning,布尔阿伊恩埃-德埃恩恩伊恩
1641926,Dexter Dennis,德埃克斯特-丹尼斯
76558,Randy Denton,兰迪-德埃恩顿
1629094,Marcus Derrickson,马库斯-德尔克森
76560,Dave Deutsch,戴夫-德埃乌特斯奇
1642885,Mohamed Diawara,姆奥赫阿姆埃德-德伊阿沃阿尔阿
200799,Guillermo Diaz,格乌伊勒姆奥-德伊阿兹
76565,Dick Dickey,迪克-德克埃伊
1630621,Hunter Dickinson,亨特-德克伊恩森
76569,Mickey Dillard,米基-德伊拉尔德
76570,Bob Dille,鲍勃-德伊尔尔埃
76571,John Dillon,约翰-德伊尔尔奥恩
76575,Jackie Dinkins,杰阿克伊埃-德伊恩克伊恩斯
76578,Fred Diute,弗雷德-德伊乌特埃
1059,Aleksandar Djordjevic,阿尔埃克斯德阿尔-德杰奥尔德杰埃夫伊克
76580,Earl Dodd,厄尔-德奥德德
76581,Joe Dolhon,乔-德奥尔赫奥恩
76586,Billy Donovan,布伊尔尔伊-多诺万
76585,Harry Donovan,哈里-多诺万
76588,Bruce Douglas,布鲁斯-德奥乌格拉斯
202220,Zabian Dowdell,兹阿布伊阿恩-德奥沃德尔
76593,Bill Downey,比尔-德奥沃恩埃伊
76595,Danny Doyle,丹尼-德奥伊尔埃
1628495,Milton Doyle,姆伊尔顿-德奥伊尔埃
76596,Terry Dozier,特里-德奥兹伊埃尔
1630929,Henri Drell,赫埃恩尔伊-德尔尔
1041,Nate Driggers,内特-德尔伊格格埃尔斯
76604,Ralph Drollinger,拉尔夫-德尔奥尔尔伊恩埃尔
1642505,Alex Ducas,阿莱士-德乌克阿斯
76605,Dick Duckett,迪克-德乌克特
1626251,Duje Dukan,德乌杰埃-德乌克阿恩
76617,Pat Dunn,帕特-邓恩
1628979,Trevon Duval,特雷夫奥恩-德乌夫阿尔
76624,Jack Dwan,杰克-德沃阿恩
76625,Craig Dykema,克雷格-德伊克埃姆阿
76626,Gene Dyker,格埃恩埃-德伊克埃尔
202406,Jerome Dyson,杰埃尔奥姆埃-戴森
1642856,Egor Dëmin,埃格奥尔-德ë姆伊恩
76630,Ed Earle,埃德-埃阿尔尔埃
76633,Bill Ebben,比尔-埃布恩
1630693,Jaime Echenique,杰阿伊姆埃-埃奇埃恩伊克乌埃
76635,Patrick Eddie,帕特里克-埃迪
76637,Kent Edelin,克埃恩特-埃德埃尔伊恩
1642845,VJ Edgecombe,夫杰-埃德格埃克奥姆布埃
76646,Bill Edwards,比尔-爱德华兹
2451,Corsley Edwards,克奥尔斯利-爱德华兹
76643,Jay Edwards,杰伊-爱德华兹
1642399,Jesse Edwards,杰埃斯-爱德华兹
1630306,Rob Edwards,尔奥布-爱德华兹
202197,Shane Edwards,肖恩-爱德华兹
1629053,Vincent Edwards,文森特-爱德华兹
76648,Lonnie Eggleston,朗尼-埃格格莱斯顿
76651,Dick Eichhorst,迪克-埃伊奇赫奥尔斯特
2064,Khalid El-Amin,克赫阿尔伊德-埃尔-阿姆伊恩
76653,Don Eliason,唐-埃尔伊阿森
76667,Darrell Elston,德阿尔尔尔-埃尔斯顿
1642400,Tristan Enaruna,特里斯特阿恩-埃恩阿尔乌恩阿
76669,Ned Endress,恩埃德-埃恩德尔埃斯斯
76671,Wayne Englestad,韦恩-埃恩莱斯特阿德
76674,Claude English,克尔阿乌德埃-埃恩尔伊什
203119,Kim English,克伊姆-埃恩尔伊什
76675,Scott English,斯科特-埃恩尔伊什
76678,Ray Epps,雷-埃普普斯
76679,Bo Erias,布奥-埃尔伊阿斯
76682,Jack Eskridge,杰克-埃斯克尔伊德格埃
76683,Vincenzo Esposito,夫伊恩克埃恩兹奥-埃斯普奥斯伊特奥
1642855,Noa Essengue,恩奥阿-埃斯恩乌埃
76687,Bob Evans,鲍勃-埃夫阿恩斯
76685,Earl Evans,厄尔-埃夫阿恩斯
201607,Patrick Ewing,帕特里克-尤因
76690,Joe Fabel,乔-弗阿布埃尔
76691,John Fairchild,约翰-弗阿伊尔奇伊尔德
76696,Bob Faught,鲍勃-弗阿乌格赫特
203543,Vitor Faverani,夫伊特奥尔-弗阿夫埃尔阿恩伊
1642847,Jeremiah Fears,耶利米-弗埃阿尔斯
76697,Dave Fedor,戴夫-弗埃德奥尔
76698,Bob Feerick,鲍勃-弗埃埃尔克
76699,Butch Feher,布乌特奇-弗埃赫埃尔
76701,Ron Feiereisel,罗恩-弗埃伊埃尔埃伊斯埃尔
203467,Carrick Felix,克阿尔尔克-弗埃尔伊克斯
101230,Noel Felix,诺埃尔-弗埃尔伊克斯
76706,Bill Fenley,比尔-弗埃恩利
2724,Desmond Ferguson,戴斯蒙德-弗格森
76709,Rolando Ferreira,尔奥尔德奥-弗埃尔尔埃伊尔阿
76714,Ron Filipek,罗恩-弗伊尔伊普埃克
2809,Gerald Fitch,杰拉德-弗伊特奇
76719,Dick Fitzgerald,迪克-弗伊特兹格埃尔阿尔德
1642843,Cooper Flagg,库珀-弗尔阿格格
76722,Al Fleming,阿尔-弗尔埃姆伊恩
1642853,Rasheer Fleming,尔阿什埃埃尔-弗尔埃姆伊恩
76725,Bruce Flowers,布鲁斯-弗尔奥沃埃尔斯
76728,Larry Fogle,拉里-弗奥格尔埃
76729,Jack Foley,杰克-弗奥利
1829,Ike Fontaine,伊克埃-弗奥恩特阿伊恩埃
76731,Levi Fontaine,尔埃夫伊-弗奥恩特阿伊恩埃
202880,Jeff Foote,杰夫-弗奥奥特埃
1627854,Bryn Forbes,布林-弗奥尔布埃斯
1630758,Aleem Ford,阿尔埃埃姆-弗奥尔德
1630259,Jordan Ford,乔丹-弗奥尔德
101213,Sharrod Ford,什阿尔尔奥德-弗奥尔德
726,Sherell Ford,什埃尔尔-弗奥尔德
76738,Donnie Forman,德奥恩恩伊埃-弗奥尔曼
1630701,Michael Foster Jr.,迈克尔-弗奥斯特 杰尔.
2238,Antonis Fotsis,阿恩顿伊斯-弗奥特斯伊斯
76745,Jerry Fowler,杰里-弗奥沃尔埃尔
76746,Harold Fox,哈罗德-福克斯
76749,Nat Frankel,恩阿特-弗尔阿恩克埃尔
1629606,Robert Franks,罗伯特-弗尔阿恩克斯
76751,Will Frazier,威尔-弗雷泽
1626187,Michael Frazier II,迈克尔-弗尔阿兹伊埃尔 伊伊
76754,Donnie Freeman,德奥恩恩伊埃-弗尔埃埃曼
76756,Rod Freeman,罗德-弗尔埃埃曼
1631241,Javon Freeman-Liberty,杰阿夫奥恩-弗尔埃埃曼-尔伊布特伊
76757,Frido Frey,弗尔伊德奥-弗尔埃伊
76758,Larry Friend,拉里-弗尔伊埃恩德
76759,Pat Frink,帕特-弗尔伊恩克
76762,Frank Fucarino,弗兰克-弗乌克阿尔伊恩奥
76763,Herm Fuetsch,赫埃尔姆-弗乌埃特斯奇
2673,Hiram Fuller,赫伊尔阿姆-弗乌勒
76765,Tony Fuller,托尼-弗乌勒
1641847,Andrew Funk,安德鲁-弗乌恩克
202070,Tony Gaffney,托尼-格阿弗弗恩埃伊
101184,Deng Gai,德埃恩-格阿伊
76769,Elmer R. Gainer,埃尔默-尔. 格阿伊纳
76772,Chad Gallagher,奇阿德-格阿拉格赫埃尔
1641945,Jaylin Galloway,杰阿伊尔伊恩-格阿尔尔奥沃阿伊
76776,Bob Gantt,鲍勃-格阿恩特特
1643158,Andersson Garcia,德埃尔斯森-加西亚
76778,Earl Gardner,厄尔-格德纳
1642066,Myron Gardner,姆伊尔奥恩-格德纳
1627868,Patricio Garino,普阿特里克伊奥-格阿尔伊恩奥
1629636,Darius Garland,达里厄斯-加兰
76781,Gary Garland,加里-加兰
76782,Winston Garland,温斯顿-加兰
76783,Dick Garmaker,迪克-格阿尔姆阿克埃尔
1612,Chris Garner,克里斯-格阿尔纳
76785,Bill Garnett,比尔-加内特
708,Kevin Garnett,凯文-加内特
1831,Marlon Garnett,姆阿尔尔奥恩-加内特
1628656,Billy Garrett,布伊尔尔伊-格阿尔尔特
76786,Calvin Garrett,克阿尔夫伊恩-格阿尔尔特
1051,Dean Garrett,迪安-格阿尔尔特
203197,Diante Garrett,德伊阿恩特埃-格阿尔尔特
76788,Eldo Garrett,埃尔德奥-格阿尔尔特
1630585,Marcus Garrett,马库斯-格阿尔尔特
76789,Rowland Garrett,尔奥沃尔德-格阿尔尔特
76790,Tom Garrick,汤姆-格阿尔尔克
76791,John Garris,约翰-格阿尔里斯
1619,Kiwane Garris,克伊沃阿恩埃-格阿尔里斯
1727,Pat Garrity,帕特-格阿尔尔伊特伊
1630586,Usman Garuba,乌斯曼-格阿尔乌布阿
76793,Jim Garvin,吉姆-格阿尔夫伊恩
1630568,Luka Garza,卢卡-格阿尔兹阿
201188,Marc Gasol,马克-加索尔
2200,Pau Gasol,保罗-加索尔
76794,Frank Gates,弗兰克-格阿特埃斯
1629232,Kaiser Gates,克阿伊斯埃尔-格阿特埃斯
423,Chris Gatling,克里斯-格阿特尔伊恩
930,Kenny Gattison,肯尼-格阿特特伊森
200752,Rudy Gay,鲁迪-盖伊
1845,Andrew Gaze,安德鲁-格阿兹埃
1002,Reggie Geary,雷吉-格埃阿尔伊
202087,Alonzo Gee,阿尔奥恩兹奥-格埃埃
761,Matt Geiger,马特-格埃伊格埃尔
101153,Mickael Gelabale,姆克阿埃尔-格埃尔阿布阿尔埃
1904,Devean George,德埃夫埃阿恩-乔治
76800,Jack George,杰克-乔治
1641718,Keyonte George,克埃伊奥恩特埃-乔治
1642273,Kyshawn George,克伊什阿沃恩-乔治
202331,Paul George,保罗-乔治
76801,Tate George,泰特-乔治
1627875,Marcus Georges-Hunt,马库斯-乔治斯-赫乌恩特
76802,Gus Gerard,格斯-格埃尔德
76803,Derrick Gervin,德里克-格埃尔夫伊恩
76804,George Gervin,乔治-格埃尔夫伊恩
76806,John Gianelli,约翰-格伊阿恩尔伊
76807,Dick Gibbs,迪克-格伊布布斯
200789,Daniel Gibson,丹尼尔-吉布森
1626780,Jonathan Gibson,乔纳森-吉布森
76810,Mike Gibson,迈克-吉布森
201959,Taj Gibson,特阿杰-吉布森
76811,Ward Gibson,沃德-吉布森
201592,J.R. Giddens,杰.尔.-格伊德德埃恩斯
1630581,Josh Giddey,约什-吉迪
1642933,Keshon Gilbert,克埃什奥恩-吉尔伯特
1628385,Harry Giles III,哈里-格伊莱斯 伊伊伊
1628983,Shai Gilgeous-Alexander,谢伊-吉尔杰斯-亚历山大
1630264,Anthony Gill,安东尼-格伊尔尔
2109,Eddie Gill,埃迪-格伊尔尔
383,Kendall Gill,克埃恩德阿尔尔-格伊尔尔
1631221,Collin Gillespie,克奥尔尔伊恩-格伊尔莱斯普伊埃
1630273,Freddie Gillespie,弗雷迪-格伊尔莱斯普伊埃
288,Armen Gilliam,阿尔姆埃恩-格伊尔尔厄姆
76815,Herm Gilliam,赫埃尔姆-格伊尔尔厄姆
600014,Artis Gilmore,阿尔特伊斯-格伊尔姆奥尔埃
1631367,Jacob Gilyard,雅各布-格伊尔伊德
1938,Manu Ginobili,马努-吉诺比利
1921,Gordan Giricek,格奥尔德阿恩-格伊尔伊克埃克
76819,Jack Givens,杰克-格伊夫埃恩斯
202148,Mickell Gladness,姆克尔-格尔阿德恩埃斯斯
76821,Gerald Glass,杰拉德-格拉斯斯
76822,Mike Glenn,迈克-格伦恩
1901,Dion Glover,德伊奥恩-格尔奥夫埃尔
76826,Mike Gminski,迈克-格姆伊恩斯克伊
203497,Rudy Gobert,鲁迪-戈贝尔
76827,Dan Godfread,丹-格奥德弗尔埃阿德
76828,Tom Gola,汤姆-格奥尔阿
924,Anthony Goldwire,安东尼-格奥尔德沃伊尔埃
101155,Ryan Gomes,瑞安-格奥姆埃斯
76830,Glen Gondrezick,格伦-格奥恩德尔埃兹克
76831,Grant Gondrezick,格兰特-格奥恩德尔埃兹克
2400,Drew Gooden,德鲁-格奥奥德埃恩
76832,Gail Goodrich,格阿伊尔-格奥奥德尔伊奇
1864,Steve Goodrich,史蒂夫-格奥奥德尔伊奇
203462,Archie Goodwin,阿尔奇伊埃-格奥奥德沃伊恩
1629164,Brandon Goodwin,布兰登-格奥奥德沃伊恩
1630692,Jordan Goodwin,乔丹-格奥奥德沃伊恩
203932,Aaron Gordon,阿龙-戈登
2732,Ben Gordon,本-戈登
201569,Eric Gordon,埃里克-戈登
76834,Lancaster Gordon,尔阿恩克阿斯特-戈登
101162,Marcin Gortat,姆阿尔克伊恩-格奥尔特阿特
76836,Leo Gottlieb,尔埃奥-格奥特特尔伊埃布
202726,Andrew Goudelock,安德鲁-格奥乌德埃尔奥克
76838,Joe Graboski,乔-格尔阿布奥斯克伊
1628984,Devonte' Graham,德埃夫奥恩特埃-格雷厄姆
37,Greg Graham,格雷格-格雷厄姆
101121,Joey Graham,杰奥埃伊-格雷厄姆
76843,Mal Graham,姆阿尔-格雷厄姆
76842,Paul Graham,保罗-格雷厄姆
101211,Stephen Graham,斯蒂芬-格雷厄姆
1626203,Treveon Graham,特雷夫埃奥恩-格雷厄姆
97,Ronnie Grandison,罗尼-格尔德伊森
101122,Danny Granger,丹尼-格尔阿恩埃尔
76847,Stewart Granger,斯图尔特-格尔阿恩埃尔
258,Brian Grant,布赖恩-格兰特
76850,Bud Grant,布乌德-格兰特
202,Gary Grant,加里-格兰特
285,Greg Grant,格雷格-格兰特
265,Harvey Grant,赫阿尔夫埃伊-格兰特
270,Horace Grant,赫奥尔阿克埃-格兰特
203924,Jerami Grant,杰拉米-格兰特
1626170,Jerian Grant,杰里安-格兰特
1514,Paul Grant,保罗-格兰特
76853,Travis Grant,特尔阿夫伊斯-格兰特
201189,Aaron Gray,阿龙-格雷
1070,Devin Gray,德文-格雷
1516,Ed Gray,埃德-格雷
1627982,Josh Gray,约什-格雷
76860,Leonard Gray,伦纳德-格雷
1630564,RaiQuan Gray,尔阿伊夸恩-格雷
76861,Stuart Gray,斯特乌阿尔特-格雷
76863,Wyndol Gray,沃伊恩德奥尔-格雷
81,Jeff Grayer,杰夫-格尔阿伊埃尔
76865,Bob Greacen,鲍勃-格尔埃阿克埃恩
920,A.C. Green,阿.克.-格林
1631260,AJ Green,阿杰-格林
201980,Danny Green,丹尼-格林
203110,Draymond Green,德雷蒙德-格林
203475,Erick Green,埃尔克-格林
101123,Gerald Green,杰拉德-格林
203210,JaMychal Green,杰阿姆伊奇阿尔-格林
1630224,Jalen Green,杰伦-格林
1629750,Javonte Green,贾冯特-格林
201145,Jeff Green,杰夫-格林
76867,Johnny Green,约翰尼-格林
1630182,Josh Green,约什-格林
76869,Kenny Green,肯尼-格林
600011,Lamar Green,拉马尔-格林
1036,Litterial Green,尔伊特尔伊阿尔-格林
76873,Mike Green,迈克-格林
76874,Rickey Green,尔克埃伊-格林
76875,Sean Green,肖恩-格林
76877,Si Green,斯伊-格林
76876,Sidney Green,斯伊德恩埃伊-格林
76878,Steve Green,史蒂夫-格林
201192,Taurean Green,特阿乌尔埃阿恩-格林
2584,Willie Green,沃伊尔尔伊埃-格林
201590,Donte Greene,唐特-格林
101158,Orien Greene,奥尔伊埃恩-格林
76880,Jerry Greenspan,杰里-格尔埃埃恩斯普阿恩
76881,David Greenwood,戴维-格尔埃埃恩沃奥奥德
76882,Hal Greer,赫阿尔-格尔埃埃尔
76883,Gary Gregor,加里-格尔埃格奥尔
76884,Claude Gregory,克尔阿乌德埃-格尔埃格奥尔伊
76887,Kevin Grevey,凯文-格尔埃夫埃伊
1631100,AJ Griffin,阿杰-格里芬
1559,Adrian Griffin,阿德里安-格里芬
201933,Blake Griffin,布雷克-格里芬
2204,Eddie Griffin,埃迪-格里芬
76889,Paul Griffin,保罗-格里芬
76890,Darrell Griffith,德阿尔尔尔-格尔伊弗弗伊思
1629656,Quentin Grimes,昆廷-格尔伊姆埃斯
76895,Bob Gross,鲍勃-格尔奥斯斯
76899,Ernie Grunfeld,埃尔恩伊埃-格尔乌恩弗埃尔德
76900,Gene Guarilia,格埃恩埃-格乌阿尔伊尔伊阿
76901,Petur Gudmundsson,普埃特乌尔-格乌德姆乌恩德斯森
76902,Richie Guerin,尔伊奇伊埃-格乌埃尔伊恩
1631338,Mouhamadou Gueye,姆奥乌赫阿姆阿德奥乌-格乌埃伊埃
1631243,Mouhamed Gueye,姆奥乌赫阿姆埃德-格乌埃伊埃
339,Tom Gugliotta,汤姆-格乌格尔伊奥特特阿
76903,Andres Guibert,德尔埃斯-格乌伊布特
76904,Jay Guidinger,杰伊-格乌伊德伊恩埃尔
76907,Al Guokas,阿尔-格乌奥克阿斯
76908,Matt Guokas,马特-格乌奥克阿斯
203268,Jorge Gutierrez,杰奥尔格埃-格乌特伊埃尔尔埃兹
1629657,Kyle Guy,凯尔-格乌伊
2062,A.J. Guyton,AJ-格乌伊顿
2775,Ha Ha,赫阿-赫阿
1629060,Rui Hachimura,八村-赫阿奇伊姆乌尔阿
76910,Rudy Hackett,鲁迪-赫阿克特
201632,Hamed Haddadi,赫阿姆埃德-赫阿德德阿德伊
76911,Scott Haffner,斯科特-赫阿弗弗纳
76912,Cliff Hagan,克尔伊弗弗-赫阿格阿恩
1630204,Ashton Hagans,阿什顿-赫阿格阿恩斯
76915,Al Hairston,阿尔-赫阿伊尔斯顿
76916,Happy Hairston,赫阿普普伊-赫阿伊尔斯顿
201612,Malik Hairston,马利克-赫阿伊尔斯顿
203798,PJ Hairston,PJ-赫阿伊尔斯顿
2409,Marcus Haislip,马库斯-赫阿伊斯尔伊普
76918,Chuck Halbert,查克-赫阿尔布特
76919,Harvey Halbrook,赫阿尔夫埃伊-赫阿尔布尔奥奥克
76920,Bruce Hale,布鲁斯-赫阿尔埃
917,Jack Haley,杰克-赫阿利
1630169,Tyrese Haliburton,泰雷斯-赫阿尔伊布乌尔顿
76922,Shaler Halimon,什阿尔埃尔-赫阿尔伊蒙
1629743,Donta Hall,德奥恩特阿-赫阿尔尔
1641790,PJ Hall,PJ-赫阿尔尔
76923,Jeff Halliburton,杰夫-赫阿尔尔伊布乌尔顿
1032,Darvin Ham,德阿尔夫伊恩-赫阿姆
1627772,Daniel Hamilton,丹尼尔-汉密尔顿
76926,Dennis Hamilton,丹尼斯-汉密尔顿
202706,Jordan Hamilton,乔丹-汉密尔顿
203120,Justin Hamilton,贾斯廷-汉密尔顿
76927,Ralph Hamilton,拉尔夫-汉密尔顿
1888,Richard Hamilton,尔伊奇德-汉密尔顿
76928,Roylee Hamilton,尔奥伊尔埃埃-汉密尔顿
76929,Steve Hamilton,史蒂夫-汉密尔顿
676,Thomas Hamilton,托马斯-汉密尔顿
1985,Zendon Hamilton,兹埃恩德奥恩-汉密尔顿
903,Geert Hammink,格埃特-赫阿姆姆伊恩克
67,Tom Hammonds,汤姆-赫阿姆蒙德斯
1630181,R.J. Hampton,尔.杰.-赫阿姆普顿
241,Darrin Hancock,德阿尔尔伊恩-赫阿恩克奥克
1052,Ben Handlogten,本-赫德尔奥格特埃恩
76935,Cecil Hankins,塞西尔-赫阿恩克伊恩斯
76936,Phil Hankinson,菲尔-赫阿恩克伊恩森
1628605,Dusty Hannahs,德乌斯特伊-赫阿纳赫斯
76937,Alex Hannum,阿莱士-赫阿恩恩乌姆
201946,Tyler Hansbrough,泰勒-赫阿恩斯布尔奥乌格赫
76942,Bob Hansen,鲍勃-赫阿恩斯埃恩
76940,Glenn Hansen,格伦恩-赫阿恩斯埃恩
76944,Bill Hanzlik,比尔-赫阿恩兹尔伊克
202376,Luke Harangody,卢克-赫阿尔阿恩奥德伊
358,Anfernee Hardaway,安芬尼-哈达威
896,Tim Hardaway,蒂姆-哈达威
203501,Tim Hardaway Jr.,蒂姆-赫德阿沃阿伊 杰尔.
201935,James Harden,詹姆斯-哈登
76945,Reggie Harding,雷吉-赫德伊恩
76946,Charlie Hardnett,奇阿尔尔伊埃-赫德恩特
76947,Alan Hardy,阿尔阿恩-赫德伊
1630702,Jaden Hardy,杰登-赫德伊
76948,James Hardy,詹姆斯-赫德伊
76949,John Hargis,约翰-赫阿尔格伊斯
1641989,Elijah Harkless,伊莱贾-哈克利斯
203090,Maurice Harkless,莫里斯-哈克利斯
157,Derek Harper,德里克-赫阿尔普埃尔
1629607,Jared Harper,贾里德-赫阿尔普埃尔
202712,Justin Harper,贾斯廷-赫阿尔普埃尔
76954,Mike Harper,迈克-赫阿尔普埃尔
166,Ron Harper,罗恩-赫阿尔普埃尔
1631199,Ron Harper Jr.,罗恩-赫阿尔普埃尔 杰尔.
1723,Matt Harpring,马特-赫阿尔普尔伊恩
1626149,Montrezl Harrell,蒙特雷斯-赫阿尔尔尔
202725,Josh Harrellson,约什-赫阿尔尔尔森
2492,Adam Harrington,阿德阿姆-赫阿尔尔伊恩顿
1733,Al Harrington,阿尔-赫阿尔尔伊恩顿
2454,Junior Harrington,杰乌恩伊奥尔-赫阿尔尔伊恩顿
970,Othella Harrington,奥思尔阿-赫阿尔尔伊恩顿
76956,Art Harris,阿尔特-哈里斯
76959,Bob Harris,鲍勃-哈里斯
2734,Devin Harris,德文-哈里斯
203914,Gary Harris,加里-哈里斯
203925,Joe Harris,乔-哈里斯
1630284,Kevon Harris,凯文-哈里斯
446,Lucious Harris,尔乌克伊奥乌斯-哈里斯
202412,Manny Harris,曼尼-哈里斯
200839,Mike Harris,迈克-哈里斯
76960,Steve Harris,史蒂夫-哈里斯
202227,Terrel Harris,特尔埃尔-哈里斯
202699,Tobias Harris,特奥布伊阿斯-哈里斯
76961,Tony Harris,托尼-哈里斯
1626150,Andrew Harrison,安德鲁-哈里森
76962,Bob Harrison,鲍勃-哈里森
2758,David Harrison,戴维-哈里森
1627885,Shaquille Harrison,沙奎尔-哈里森
2078,Jason Hart,贾森-哈特
1628404,Josh Hart,约什-哈特
1628392,Isaiah Hartenstein,以赛亚-赫阿尔特埃恩斯特埃伊恩
176,Antonio Harvey,安东尼奥-赫阿尔夫埃伊
2051,Donnell Harvey,德奥恩恩尔-赫阿尔夫埃伊
76965,Clem Haskins,克尔埃姆-赫阿斯克伊恩斯
2617,Udonis Haslem,乌德奥恩伊斯-赫阿斯尔埃姆
2239,Trenton Hassell,特雷恩顿-赫阿斯尔尔
76967,Billy Hassett,布伊尔尔伊-赫阿斯特特
76966,Joey Hassett,杰奥埃伊-赫阿斯特特
76968,Scott Hastings,斯科特-赫阿斯特伊恩斯
2213,Kirk Haston,柯克-赫阿斯顿
76969,Vern Hatton,夫埃尔恩-赫阿特顿
1630573,Sam Hauser,萨姆-赫阿乌斯埃尔
76970,John Havlicek,约翰-赫阿夫尔伊克埃克
201150,Spencer Hawes,斯潘塞-赫阿沃埃斯
76971,Steve Hawes,史蒂夫-赫阿沃埃斯
76972,Connie Hawkins,克奥恩恩伊埃-赫阿沃克伊恩斯
765,Hersey Hawkins,赫埃尔斯埃伊-赫阿沃克伊恩斯
1641722,Jordan Hawkins,乔丹-赫阿沃克伊恩斯
1138,Michael Hawkins,迈克尔-赫阿沃克伊恩斯
76975,Robert Hawkins,罗伯特-赫阿沃克伊恩斯
76977,Tom Hawkins,汤姆-赫阿沃克伊恩斯
76978,Nate Hawthorne,内特-赫阿沃思奥尔恩埃
101236,Chuck Hayes,查克-海耶斯
76979,Elvin Hayes,埃尔夫伊恩-海耶斯
2553,Jarvis Hayes,杰阿尔夫伊斯-海耶斯
1629637,Jaxson Hayes,杰阿克斯森-海耶斯
1630165,Killian Hayes,基利安-海耶斯
76980,Steve Hayes,史蒂夫-海耶斯
1628502,Nigel Hayes-Davis,恩伊格埃尔-海耶斯-戴维斯
202330,Gordon Hayward,戈登-海沃德
202351,Lazar Hayward,尔阿兹阿尔-海沃德
2217,Brendan Haywood,布尔埃恩德阿恩-海伍德
76981,Spencer Haywood,斯潘塞-海伍德
76983,Walt Hazzard,沃尔特-赫阿兹兹德
101129,Luther Head,尔乌思埃尔-赫埃阿德
1049,Shane Heal,肖恩-赫埃阿尔
76985,Garfield Heard,格阿尔弗伊尔德-赫德
76988,Tom Heinsohn,汤姆-赫埃伊恩斯奥赫恩
76989,Dick Hemric,迪克-赫埃姆尔伊克
673,Alan Henderson,阿尔阿恩-亨德森
1538,Cedric Henderson,克埃德尔伊克-亨德森
76990,Cedric Henderson,克埃德尔伊克-亨德森
76993,Gerald Henderson,杰拉德-亨德森
201945,Gerald Henderson,杰拉德-亨德森
76992,Jerome Henderson,杰埃尔奥姆埃-亨德森
76994,Kevin Henderson,凯文-亨德森
1630703,Scoot Henderson,斯克奥奥特-亨德森
76996,Tom Henderson,汤姆-亨德森
1641707,Taylor Hendricks,泰勒-赫埃恩德尔克斯
971,Mark Hendrickson,马克-赫埃恩德尔克森
76999,Don Henriksen,唐-赫埃恩尔伊克斯埃恩
77000,Al Henry,阿尔-亨利
77004,Bill Henry,比尔-亨利
77002,Conner Henry,康纳-亨利
202333,Xavier Henry,泽维尔-亨利
203089,John Henson,约翰-赫埃恩森
1667,Steve Henson,史蒂夫-赫埃恩森
77007,Clarence Hermsen,克尔阿尔埃恩克埃-赫埃尔姆斯埃恩
1627823,Juancho Hernangomez,杰乌阿恩奇奥-赫埃尔恩阿恩奥姆埃兹
1626195,Willy Hernangomez,威利-赫埃尔恩阿恩奥姆埃兹
1914,Chris Herren,克里斯-赫埃尔尔埃恩
61,Carl Herrera,克阿尔尔-赫埃尔尔埃尔阿
200835,Walter Herrmann,沃阿尔特-赫埃尔尔曼恩
1629639,Tyler Herro,泰勒-希罗
77010,Keith Herron,基思-赫埃尔尔奥恩
77011,Sidney Hertzberg,斯伊德恩埃伊-赫特兹布埃尔格
77012,Fred Hetzel,弗雷德-赫埃特兹埃尔
77013,Bill Hewitt,比尔-赫埃沃伊特特
77015,Art Heyman,阿尔特-赫埃伊曼
1626209,Mario Hezonja,马里奥-赫埃兹奥恩杰阿
201579,Roy Hibbert,罗伊-赫伊布尔特
1628439,Isaiah Hicks,以赛亚-赫克斯
77017,Phil Hicks,菲尔-赫克斯
201581,JJ Hickson,杰杰-赫克森
1627741,Buddy Hield,布乌德德伊-希尔德
202809,Cory Higgins,科里-赫伊格格伊恩斯
1848,Mike Higgins,迈克-赫伊格格伊恩斯
77019,Rod Higgins,罗德-赫伊格格伊恩斯
925,Sean Higgins,肖恩-赫伊格格伊恩斯
77021,Kenny Higgs,肯尼-赫伊格格斯
77022,Johnny High,约翰尼-赫伊格赫
1629312,Haywood Highsmith,海伍德-赫伊格赫斯姆伊思
77023,Wayne Hightower,韦恩-赫伊格赫特奥沃埃尔
2403,Nene,内内
77024,Armond Hill,阿尔蒙德-希尔
77026,Gary Hill,加里-希尔
201588,George Hill,乔治-希尔
255,Grant Hill,格兰特-希尔
201941,Jordan Hill,乔丹-希尔
1630792,Malcolm Hill,马尔科姆-希尔
203524,Solomon Hill,斯奥尔奥蒙-希尔
238,Tyrone Hill,特伊尔奥恩埃-希尔
77027,Art Hillhouse,阿尔特-赫伊尔尔赫奥乌斯埃
1626199,Darrun Hilliard,达伦-赫伊尔尔伊德
77028,Darnell Hillman,德阿尔恩尔-赫伊尔尔曼
77029,Fred Hilton,弗雷德-赫伊尔顿
2550,Kirk Hinrich,柯克-辛里奇
77030,Roy Hinson,罗伊-赫伊恩森
1630207,Nate Hinton,内特-赫伊恩顿
77032,Lew Hitch,尔埃沃-赫伊特奇
1629658,Jaylen Hoard,杰伦-赫奥德
1106,Donald Hodge,德奥恩阿尔德-赫奥德格埃
101125,Julius Hodge,朱利叶斯-赫奥德格埃
77034,Craig Hodges,克雷格-赫奥德格埃斯
77035,Adolph Hoefer,阿德奥尔普赫-赫奥埃弗埃尔
77036,Paul Hoffman,保罗-赫奥弗弗曼
77038,Paul Hogue,保罗-赫奥格乌埃
697,Fred Hoiberg,弗雷德-赫奥伊布埃尔格
1628988,Aaron Holiday,阿龙-霍勒迪
201950,Jrue Holiday,杰尔乌埃-霍勒迪
203200,Justin Holiday,贾斯廷-霍勒迪
77040,Brad Holland,布尔阿德-霍兰德
204066,John Holland,约翰-霍兰德
77042,Wilbur Holland,沃伊尔布乌尔-霍兰德
1641842,Ronald Holland II,尔奥恩阿尔德-赫奥拉恩德 伊伊
77043,Lionel Hollins,尔伊奥恩埃尔-赫奥尔尔伊恩斯
200797,Ryan Hollins,瑞安-赫奥尔尔伊恩斯
1626178,Rondae Hollis-Jefferson,尔奥恩德阿埃-赫奥尔尔伊斯-杰弗森
1626158,Richaun Holmes,尔伊奇阿乌恩-霍姆斯
1631096,Chet Holmgren,奇埃特-赫奥尔姆格尔埃恩
77045,Jim Holstein,吉姆-赫奥尔斯特埃伊恩
77047,Michael Holton,迈克尔-赫奥尔顿
77049,Joe Holup,乔-赫奥尔乌普
77050,Red Holzman,尔埃德-赫奥尔兹曼
1532,Jerald Honeycutt,杰埃尔阿尔德-赫奥恩埃伊克乌特特
202715,Tyler Honeycutt,泰勒-赫奥恩埃伊克乌特特
203918,Rodney Hood,罗德尼-胡德
1641720,Jalen Hood-Schifino,杰伦-胡德-斯奇伊弗伊恩奥
77051,Tom Hoover,汤姆-赫奥奥夫埃尔
77052,Bob Hopkins,鲍勃-赫奥普克伊恩斯
77053,Dave Hoppen,戴夫-赫奥普恩
77054,Dennis Hopson,丹尼斯-赫奥普森
203816,Scotty Hopson,斯克奥特特伊-赫奥普森
77056,Cedrick Hordges,克埃德尔克-赫奥尔德格埃斯
201143,Al Horford,阿尔-霍福德
77057,Tito Horford,特伊特奥-霍福德
77058,Ron Horn,罗恩-赫奥尔恩
204,Jeff Hornacek,杰夫-赫奥尔恩阿克埃克
109,Robert Horry,罗伯特-霍里
1629659,Talen Horton-Tucker,特阿伦-赫奥尔顿-塔克
77061,Wilmer Hosket,沃伊尔姆埃尔-赫奥斯克埃特
77062,Bob Houbregs,鲍勃-赫奥乌布尔埃格斯
2067,Eddie House,埃迪-豪斯
1627863,Danuel House Jr.,达纽尔-赫奥乌斯埃 杰尔.
1631216,Caleb Houstan,迦勒-赫奥乌斯特阿恩
275,Allan Houston,阿拉恩-赫奥乌斯顿
780,Byron Houston,拜伦-赫奥乌斯顿
77065,Brian Howard,布赖恩-霍华德
2730,Dwight Howard,德怀特-霍华德
77066,Greg Howard,格雷格-霍华德
1641724,Jett Howard,杰特-霍华德
2572,Josh Howard,约什-霍华德
436,Juwan Howard,朱万-霍华德
1630210,Markus Howard,姆阿尔克乌斯-霍华德
77067,Mo Howard,姆奥-霍华德
77069,Otis Howard,奥特伊斯-霍华德
1128,Stephen Howard,斯蒂芬-霍华德
77070,Bailey Howell,布阿伊利-赫奥沃尔
77071,Phil Hubbard,菲尔-赫乌布布德
201991,Lester Hudson,莱斯特-哈德森
77074,Lou Hudson,尔奥乌-哈德森
1607,Troy Hudson,特洛伊-哈德森
1626273,Marcelo Huertas,马塞洛-赫乌特阿斯
1628989,Kevin Huerter,凯文-赫乌特埃尔
203962,Josh Huestis,约什-赫乌埃斯特伊斯
1630643,Jay Huff,杰伊-赫乌弗弗
77077,Eddie Hughes,埃迪-休斯
1630190,Elijah Hughes,伊莱贾-休斯
77078,Kim Hughes,克伊姆-休斯
1716,Larry Hughes,拉里-休斯
1630574,Ariel Hukporti,阿尔伊尔-赫乌克普奥尔特伊
203133,Robbie Hummel,尔奥布布伊埃-赫乌姆姆埃尔
77080,John Hummer,约翰-赫乌姆姆埃尔
2415,Ryan Humphrey,瑞安-赫乌姆普赫尔埃伊
77081,Jay Humphries,杰伊-汉弗莱斯
2743,Kris Humphries,克里斯-汉弗莱斯
77082,Rod Hundley,罗德-赫乌恩德利
2599,Brandon Hunter,布兰登-亨特
1629631,De'Andre Hunter,德安德烈-亨特
283,Lindsey Hunter,尔伊恩德斯埃伊-亨特
201629,Othello Hunter,奥思尔奥-亨特
1626154,RJ Hunter,RJ-亨特
2212,Steven Hunter,斯蒂文-亨特
310,Bobby Hurley,博比-赫乌尔利
77087,Geoff Huston,格埃奥弗弗-赫乌斯顿
77089,Mel Hutchins,梅尔-赫乌特奇伊恩斯
1628990,Chandler Hutchison,钱德勒-赫乌特奇伊森
77090,Joe Hutton,乔-赫乌特顿
1630538,Bones Hyland,博恩斯-赫伊尔德
77092,Marc Iavaroni,马克-伊阿夫阿尔奥恩伊
201586,Serge Ibaka,斯埃尔格埃-伊布阿克阿
1642345,Oso Ighodaro,奥斯奥-伊格赫奥德阿尔奥
2738,Andre Iguodala,安德烈-伊戈达拉
980,Zydrunas Ilgauskas,吉德鲁纳斯-伊尔戈斯卡斯
101141,Ersan Ilyasova,艾森-伊利亚索瓦
77093,Darrall Imhoff,德阿尔尔阿尔尔-伊姆赫奥弗弗
204060,Joe Ingles,乔-英格尔斯
201281,Andre Ingram,安德烈-英格拉姆
1627742,Brandon Ingram,布兰登-英格拉姆
1631127,Harrison Ingram,哈里森-英格拉姆
77096,Byron Irvin,拜伦-伊尔夫伊恩
202681,Kyrie Irving,凯里-欧文
1628371,Jonathan Isaac,乔纳森-艾萨克
77097,Dan Issel,丹-伊斯尔
77098,Mike Iuzzolino,迈克-伊乌兹兹奥尔伊恩奥
947,Allen Iverson,艾伦-伊夫埃尔森
1631093,Jaden Ivey,杰登-伊夫埃伊
2767,Royal Ivey,尔奥伊阿尔-伊夫埃伊
1628411,Wes Iwundu,韦斯-伊沃乌恩德乌
101127,Jarrett Jack,贾勒特-杰克
1517,Bobby Jackson,博比-杰克逊
202132,Cedric Jackson,克埃德尔伊克-杰克逊
201616,Darnell Jackson,德阿尔恩尔-杰克逊
1627743,Demetrius Jackson,德埃姆埃特里乌斯-杰克逊
1628402,Frank Jackson,弗兰克-杰克逊
1641713,GG Jackson,格格-杰克逊
77101,Greg Jackson,格雷格-杰克逊
1630543,Isaiah Jackson,以赛亚-杰克逊
1114,Jaren Jackson,杰阿尔埃恩-杰克逊
1983,Jermaine Jackson,杰埃尔姆阿伊恩埃-杰克逊
754,Jim Jackson,吉姆-杰克逊
1628367,Josh Jackson,约什-杰克逊
1628382,Justin Jackson,贾斯廷-杰克逊
77103,Lucious Jackson,尔乌克伊奥乌斯-杰克逊
2739,Luke Jackson,卢克-杰克逊
1531,Marc Jackson,马克-杰克逊
349,Mark Jackson,马克-杰克逊
77104,Michael Jackson,迈克尔-杰克逊
77106,Phil Jackson,菲尔-杰克逊
1631245,Quenton Jackson,克乌埃恩顿-杰克逊
1872,Randell Jackson,尔德尔-杰克逊
202704,Reggie Jackson,雷吉-杰克逊
1536,Stephen Jackson,斯蒂芬-杰克逊
77110,Tracy Jackson,特尔阿克伊-杰克逊
1641748,Andre Jackson Jr.,安德烈-杰阿克森 杰尔.
1628991,Jaren Jackson Jr.,杰阿尔埃恩-杰阿克森 杰尔.
1631218,Trayce Jackson-Davis,特尔阿伊克埃-杰克逊-戴维斯
2418,Casey Jacobsen,克阿斯埃伊-杰阿克奥布斯埃恩
1734,Sam Jacobson,萨姆-杰阿克奥布森
77114,Dave Jamerson,戴夫-杰阿姆埃尔森
77115,Aaron James,阿龙-詹姆斯
203108,Bernard James,布埃尔恩德-詹姆斯
1642355,Bronny James,布尔奥恩恩伊-詹姆斯
202345,Damion James,达米恩-詹姆斯
77116,Gene James,格埃恩埃-詹姆斯
1080,Henry James,亨利-詹姆斯
1744,Jerome James,杰埃尔奥姆埃-詹姆斯
1629713,Justin James,贾斯廷-詹姆斯
2544,LeBron James,勒布朗-詹姆斯
2229,Mike James,迈克-詹姆斯
1628455,Mike James,迈克-詹姆斯
1906,Tim James,蒂姆-詹姆斯
1712,Antawn Jamison,阿恩特阿沃恩-杰阿姆伊森
1942,Harold Jamison,哈罗德-杰阿姆伊森
77120,John Janisch,约翰-杰阿恩伊斯奇
1631170,Jaime Jaquez Jr.,杰阿伊姆埃-杰阿克乌埃兹 杰尔.
2060,Marko Jaric,姆阿尔克奥-杰阿尔伊克
77123,Tony Jaros,托尼-杰阿尔奥斯
1630610,DeJon Jarreau,德埃杰奥恩-杰阿尔尔埃阿乌
101180,Sarunas Jasikevicius,萨鲁纳斯-杰阿斯伊克埃夫伊克伊乌斯
77126,Abdul Jeelani,阿卜杜勒-杰埃埃尔阿恩伊
76797,Ed Gayda,埃德-格阿伊德阿
1627771,Michael Gbinije,迈克尔-格布伊恩伊杰埃
76805,Gorham Getchell,格奥尔赫阿姆-格埃特奇尔
76808,Dee Gibson,迪-吉布森
76809,Mel Gibson,梅尔-吉布森
201821,Trey Gilder,特雷-格伊尔德
76812,Ben Gillery,本-格伊勒伊
76813,Gene Gillette,格埃恩埃-格伊尔尔特埃
76817,Walt Gilmore,沃尔特-格伊尔姆奥尔埃
76818,Chuck Gilmur,查克-格伊尔姆乌尔
76820,George Glamack,乔治-格尔阿姆阿克
76823,Norman Glick,诺曼-格尔克
76824,Georgi Glouchkov,格埃奥尔格伊-格尔奥乌奇克奥夫
76825,Clarence Glover,克尔阿尔埃恩克埃-格尔奥夫埃尔
2601,Andreas Glyniadakis,德尔埃阿斯-格尔伊恩伊阿德阿克伊斯
76829,Ben Goldfaden,本-格奥尔德弗阿德埃恩
1642884,Vladislav Goldin,夫尔阿德伊斯尔阿夫-格奥尔德伊恩
1642864,Hugo González,赫乌格奥-格奥恩兹á尔埃兹
76833,Wilfred Goodwin,沃伊尔弗尔埃德-格奥奥德沃伊恩
204079,Drew Gordon,德鲁-戈登
76835,Paul Gordon,保罗-戈登
1641789,Jazian Gortman,杰阿兹伊阿恩-格奥尔特曼
76837,Bato Govedarica,布阿特奥-格奥夫埃德阿尔伊克阿
76839,Ricky Grace,里基-格尔阿克埃
76841,Orlando Graham,奥尔尔德奥-格雷厄姆
76844,Jim Grandholm,吉姆-格尔德赫奥尔姆
76852,Josh Grant,约什-格兰特
1629055,Donte Grantham,唐特-格尔阿恩思阿姆
76854,Don Grate,唐-格尔阿特埃
76855,Butch Graves,布乌特奇-格尔阿夫埃斯
1629755,Hassani Gravett,赫阿斯斯阿恩伊-格尔阿夫特
1026,Evric Gray,埃夫尔伊克-格雷
76859,Gary Gray,加里-格雷
1643060,Hayden Gray,赫阿伊德埃恩-格雷
76862,Sylvester Gray,斯伊尔夫埃斯特-格雷
101209,Devin Green,德文-格林
76868,Ken Green,肯-格林
76872,Luther Green,尔乌思埃尔-格林
76879,Tommy Green,汤米-格林
2696,Lynn Greer,林恩-格尔埃埃尔
76885,John Greig,约翰-格尔埃伊格
76886,Norm Grekin,恩奥尔姆-格尔埃克伊恩
76888,Greg Griffin,格雷格-格里芬
201981,Taylor Griffin,泰勒-格里芬
76891,Chuck Grigsby,查克-格尔伊格斯布伊
1575,Derek Grimm,德里克-格尔伊姆姆
76893,George Grimshaw,乔治-格尔伊姆什阿沃
76894,Dick Groat,迪克-格尔奥阿特
76896,Jerry Grote,杰里-格尔奥特埃
76897,Alex Groza,阿莱士-格尔奥兹阿
101219,Anthony Grundy,安东尼-格尔乌恩德伊
1629741,Marko Guduric,姆阿尔克奥-格乌德乌尔伊克
76905,Coulby Gunther,克奥乌尔布伊-格乌恩思埃尔
76906,Dave Gunther,戴夫-格乌恩思埃尔
76909,Matt Guokas,马特-格乌奥克阿斯
76913,Glenn Hagan,格伦恩-赫阿格阿恩
76914,Bob Hahn,鲍勃-赫阿赫恩
76917,Lindsay Hairston,尔伊恩德斯阿伊-赫阿伊尔斯顿
1628985,Devon Hall,德埃夫奥恩-赫阿尔尔
1631160,Jordan Hall,乔丹-赫阿尔尔
1630221,Josh Hall,约什-赫阿尔尔
200837,Mike Hall,迈克-赫阿尔尔
1629788,Tyler Hall,泰勒-赫阿尔尔
984,Steve Hamer,史蒂夫-赫阿姆埃尔
76925,Dale Hamilton,德阿尔埃-汉密尔顿
2347,Tang Hamilton,特阿恩-汉密尔顿
1627773,AJ Hammons,阿杰-赫阿姆蒙斯
76938,Don Hanrahan,唐-赫阿恩尔阿赫阿恩
76939,Rollen Hans,尔奥尔伦-赫阿恩斯
203162,Ben Hansbrough,本-赫阿恩斯布尔奥乌格赫
76941,Lars Hansen,尔阿尔斯-赫阿恩斯埃恩
2580,Travis Hansen,特尔阿夫伊斯-赫阿恩斯埃恩
1682,Reggie Hanson,雷吉-赫阿恩森
76950,Jerry Harkness,杰里-赫阿尔克恩埃斯斯
76951,Skip Harlicka,斯克伊普-赫阿尔尔克阿
76952,Jerome Harmon,杰埃尔奥姆埃-赫阿尔蒙
1642844,Dylan Harper,迪伦-赫阿尔普埃尔
76957,Bernie Harris,布埃尔恩伊埃-哈里斯
76958,Chris Harris,克里斯-哈里斯
203548,Elias Harris,埃尔伊阿斯-哈里斯
1630223,Jalen Harris,杰伦-哈里斯
1626151,Aaron Harrison,阿龙-哈里森
202238,Kenny Hasbrouck,肯尼-赫阿斯布尔奥乌克
321,Scott Haskin,斯科特-赫阿斯克伊恩
1038,Juaquin Hawkins,杰乌阿奎恩-赫阿沃克伊恩斯
76974,Marshall Hawkins,马歇尔-赫阿沃克伊恩斯
76982,John W. Hazen,约翰-沃. 赫阿兹埃恩
76984,Brian Heaney,布赖恩-赫埃阿恩埃伊
203687,Reggie Hearn,雷吉-赫埃阿尔恩
76986,Herm Hedderick,赫埃尔姆-赫埃德德克
76987,Alvin Heggs,阿尔夫伊恩-赫埃格格斯
76991,Dave Henderson,戴夫-亨德森
1764,J.R. Henderson,杰.尔.-亨德森
76998,Larry Hennessy,拉里-赫埃恩恩埃斯斯伊
1630565,Aaron Henry,阿龙-亨利
77001,Carl Henry,克阿尔尔-亨利
1627988,Myke Henry,姆伊克埃-亨利
77003,Skeeter Henry,斯克埃埃特-亨利
1642935,Chucky Hepburn,奇乌克伊-赫埃普布乌尔恩
77006,Bill Herman,比尔-赫尔曼
1629608,Dewan Hernandez,德万-赫埃尔恩德埃兹
1628987,Kevin Hervey,凯文-赫埃尔夫埃伊
77014,Jack Hewson,杰克-赫埃沃森
77016,Matthew Hickey,马修-赫克埃伊
77025,Cleo Hill,克尔埃奥-希尔
201195,Herbert Hill,赫伯特-希尔
201631,Steven Hill,斯蒂文-希尔
1642396,Blake Hinson,布雷克-赫伊恩森
77031,Mel Hirsch,梅尔-赫伊尔斯奇
200823,Robert Hite,罗伯特-赫伊特埃
202359,Darington Hobson,德阿尔伊恩顿-赫奥布森
1641793,D'Moi Hodge,德姆奥伊-赫奥德格埃
77037,Bob Hogsett,鲍勃-赫奥格斯特
77039,Doug Holcomb,德奥乌格-赫奥尔克奥姆布
2450,Randy Holcomb,兰迪-赫奥尔克奥姆布
77041,Joe Holland,乔-霍兰德
77044,Essie Hollis,埃斯斯伊埃-赫奥尔尔伊斯
1641747,DaRon Holmes II,德阿尔奥恩-赫奥尔姆埃斯 伊伊
77046,Alvin Holt,阿尔夫伊恩-赫奥尔特
77048,Dick Holub,迪克-赫奥尔乌布
1630258,Caleb Homesley,迦勒-赫奥姆埃斯利
1967,Derek Hood,德里克-胡德
77055,Johnny Horan,约翰尼-赫奥尔阿恩
202862,Dennis Horner,丹尼斯-赫奥尔纳
77060,Ed Horton,埃德-赫奥尔顿
77064,Tom Hovasse,汤姆-赫奥夫阿斯
1629739,William Howard,威廉-霍华德
77072,Bob Hubbard,鲍勃-赫乌布布德
1631309,Trevor Hudgins,特雷弗-赫乌德格伊恩斯
1572,Nate Huffman,内特-赫乌弗弗曼
77076,Alfredrick Hughes,阿尔弗尔埃德尔克-休斯
1965,Rick Hughes,里克-休斯
1629353,Isaac Humphries,艾萨克-汉弗莱斯
1630624,Feron Hunt,弗埃尔奥恩-赫乌恩特
77083,Cedric Hunter,克埃德尔伊克-亨特
201805,Chris Hunter,克里斯-亨特
77084,Les Hunter,莱斯-亨特
1626205,Vincent Hunter,文森特-亨特
1643047,CJ Huntley,CJ-赫乌恩特利
77086,Roy Hurley,罗伊-赫乌尔利
1630562,Matt Hurt,马特-赫乌尔特
77088,Paul Huston,保罗-赫乌斯顿
77091,Greg Hyder,格雷格-赫伊德
101148,Mile Ilic,姆伊尔埃-伊尔伊克
77094,Tom Ingelsby,汤姆-伊恩埃尔斯布伊
203996,Damien Inglis,德阿姆伊埃恩-伊恩尔伊斯
77095,Joel Ingram,乔尔-英格拉姆
1628935,Aaron Jackson,阿龙-杰克逊
77099,Al Jackson,阿尔-杰克逊
77105,Myron Jackson,姆伊尔奥恩-杰克逊
203510,Pierre Jackson,普伊埃尔尔埃-杰克逊
77107,Ralph Jackson,拉尔夫-杰克逊
77109,Stanley Jackson,斯坦利-杰克逊
77100,Tony Jackson,托尼-杰克逊
77111,Wardell Jackson,沃德尔-杰克逊
77112,Winfred Jacobs,沃伊恩弗尔埃德-杰阿克奥布斯
1642857,Kasparas Jakučionis,克阿斯普阿尔阿斯-杰阿克乌č伊奥恩伊斯
1642883,Sion James,斯伊奥恩-詹姆斯
77122,Howie Janotta,赫奥沃伊埃-杰阿恩奥特特阿
201605,Nathan Jawai,恩阿思阿恩-杰阿沃阿伊
77125,Buddy Jeannette,布乌德德伊-杰埃阿恩恩特埃
2423,Chris Jefferies,克里斯-杰埃夫尔伊埃斯
201785,Othyus Jeffers,奥思伊乌斯-杰埃夫尔斯
2744,Al Jefferson,阿尔-杰弗森
1628518,Amile Jefferson,阿姆伊尔埃-杰弗森
203928,Cory Jefferson,科里-杰弗森
200971,Dontell Jefferson,德奥恩特尔-杰弗森
2210,Richard Jefferson,尔伊奇德-杰弗森
1629610,DaQuan Jeffries,达匡-杰埃弗弗尔伊埃斯
2407,Jared Jeffries,贾里德-杰埃弗弗尔伊埃斯
1641998,Trey Jemison III,特雷-杰埃姆伊森 伊伊伊
202724,Charles Jenkins,查尔斯-詹金斯
1642450,Daniss Jenkins,德阿恩伊斯斯-詹金斯
2798,Horace Jenkins,赫奥尔阿克埃-詹金斯
203098,John Jenkins,约翰-詹金斯
201943,Brandon Jennings,布兰登-杰埃恩恩伊恩斯
24,Keith Jennings,基思-杰埃恩恩伊恩斯
1137,Chris Jent,克里斯-杰埃恩特
77129,Les Jepsen,莱斯-杰埃普斯埃恩
201973,Jonas Jerebko,约纳斯-杰雷布科
1629660,Ty Jerome,泰-杰埃尔奥姆埃
201998,Curtis Jerrells,柯蒂斯-杰埃尔尔尔斯
203511,Grant Jerrett,格兰特-杰埃尔尔特
200817,Pooh Jeter,普奥奥赫-杰埃特
1630198,Isaiah Joe,以赛亚-乔
2639,Britton Johnsen,布尔伊特顿-约恩斯埃恩
1642358,AJ Johnson,阿杰-约翰逊
200792,Alexander Johnson,亚历山大-约翰逊
1628993,Alize Johnson,阿利兹-约翰逊
101161,Amir Johnson,阿米尔-约翰逊
77131,Andy Johnson,安迪-约翰逊
1533,Anthony Johnson,安东尼-约翰逊
202356,Armon Johnson,阿尔蒙-约翰逊
77132,Arnie Johnson,阿尔恩伊埃-约翰逊
422,Avery Johnson,埃弗里-约翰逊
1629168,BJ Johnson,布杰-约翰逊
1627744,Brice Johnson,布尔伊克埃-约翰逊
77130,Buck Johnson,布乌克-约翰逊
1629661,Cameron Johnson,卡梅伦-约翰逊
201291,Carldell Johnson,克阿尔尔德尔-约翰逊
1643052,Chaney Johnson,钱尼-约翰逊
77133,Charlie Johnson,奇阿尔尔伊埃-约翰逊
202419,Chris Johnson,克里斯-约翰逊
203187,Chris Johnson,克里斯-约翰逊
77135,Clay Johnson,克莱-约翰逊
77136,Clemon Johnson,克尔埃蒙-约翰逊
1626177,Dakari Johnson,德阿克阿尔伊-约翰逊
683,Darryl Johnson,德阿尔尔伊尔-约翰逊
77138,Dave Johnson,戴夫-约翰逊
77139,David Johnson,戴维-约翰逊
1630525,David Johnson,戴维-约翰逊
1746,DeMarco Johnson,德埃姆阿尔克奥-约翰逊
77141,Dennis Johnson,丹尼斯-约翰逊
2035,DerMarr Johnson,德姆阿尔尔-约翰逊
698,Eddie Johnson,埃迪-约翰逊
77144,Eddie Johnson,埃迪-约翰逊
77145,Eric Johnson,埃里克-约翰逊
911,Ervin Johnson,埃尔夫伊恩-约翰逊
77146,Frank Johnson,弗兰克-约翰逊
77147,George Johnson,乔治-约翰逊
77148,George Johnson,乔治-约翰逊
77149,George Johnson,乔治-约翰逊
77150,Gus Johnson,格斯-约翰逊
77151,Harold Johnson,哈罗德-约翰逊
201274,Ivan Johnson,伊万-约翰逊
202707,JaJuan Johnson,杰阿杰乌阿恩-约翰逊
1630552,Jalen Johnson,杰伦-约翰逊
201949,James Johnson,詹姆斯-约翰逊
2207,Joe Johnson,乔-约翰逊
77152,John Johnson,约翰-约翰逊
77153,Kannard Johnson,克阿纳尔德-约翰逊
1629640,Keldon Johnson,凯尔登-约翰逊
2256,Ken Johnson,肯-约翰逊
77154,Ken Johnson,肯-约翰逊
1630553,Keon Johnson,基恩-约翰逊
1642352,Keshad Johnson,克埃什阿德-约翰逊
134,Kevin Johnson,凯文-约翰逊
1641749,Keyontae Johnson,克埃伊奥恩特阿埃-约翰逊
913,Larry Johnson,拉里-约翰逊
77156,Larry Johnson,拉里-约翰逊
77158,Lee Johnson,李-约翰逊
2669,Linton Johnson,尔伊恩顿-约翰逊
77159,Lynbert Johnson,尔伊恩布特-约翰逊
77142,Magic Johnson,姆阿格伊克-约翰逊
77160,Marques Johnson,姆阿尔克乌埃斯-约翰逊
77168,Mickey Johnson,米基-约翰逊
77161,Neil Johnson,恩埃伊尔-约翰逊
203910,Nick Johnson,尼克-约翰逊
77162,Ollie Johnson,奥尔尔伊埃-约翰逊
204179,Omari Johnson,奥姆阿尔伊-约翰逊
203111,Orlando Johnson,奥尔尔德奥-约翰逊
77163,Reggie Johnson,雷吉-约翰逊
77164,Rich Johnson,里奇-约翰逊
77165,Ron Johnson,罗恩-约翰逊
1626169,Stanley Johnson,斯坦利-约翰逊
77166,Steffond Johnson,斯特埃弗弗奥恩德-约翰逊
77134,Steve Johnson,史蒂夫-约翰逊
1642848,Tre Johnson,特雷-约翰逊
201234,Trey Johnson,特雷-约翰逊
204020,Tyler Johnson,泰勒-约翰逊
77167,Vinnie Johnson,夫伊恩恩伊埃-约翰逊
202325,Wesley Johnson,韦斯利-约翰逊
203130,Darius Johnson-Odom,达里厄斯-约翰逊-奥德奥姆
77170,Nate Johnston,内特-约恩斯顿
77169,Neil Johnston,恩埃伊尔-约恩斯顿
77171,Jim Johnstone,吉姆-约恩斯顿埃
203999,Nikola Jokić,尼科拉-杰奥克伊ć
77172,Howie Jolliff,赫奥沃伊埃-杰奥尔尔伊弗弗
2264,Alvin Jones,阿尔夫伊恩-琼斯
77173,Anthony Jones,安东尼-琼斯
77174,Askia Jones,阿斯克伊阿-琼斯
77180,Bill Jones,比尔-琼斯
77193,Bobby Jones,博比-琼斯
200784,Bobby Jones,博比-琼斯
77175,Caldwell Jones,考德威尔-琼斯
1630637,Carlik Jones,克阿尔尔伊克-琼斯
279,Charles Jones,查尔斯-琼斯
77178,Charles Jones,查尔斯-琼斯
1869,Charles R. Jones,查尔斯-尔. 杰奥恩埃斯
1641732,Colby Jones,克奥尔布伊-琼斯
1642938,Curtis Jones,柯蒂斯-琼斯
2563,Dahntay Jones,德阿赫恩特阿伊-琼斯
1627745,Damian Jones,达米安-琼斯
1800,Damon Jones,德阿蒙-琼斯
203199,DeQuan Jones,德埃夸恩-琼斯
1641794,Dillon Jones,德伊尔尔奥恩-琼斯
202346,Dominique Jones,德奥姆伊恩伊克乌埃-琼斯
963,Dontae' Jones,德奥恩特阿埃-琼斯
101204,Dwayne Jones,德韦恩-琼斯
77182,Dwight Jones,德怀特-琼斯
77183,Earl Jones,厄尔-琼斯
224,Eddie Jones,埃迪-琼斯
77184,Edgar Jones,埃德加-琼斯
2410,Fred Jones,弗雷德-琼斯
1630529,Herbert Jones,赫伯特-琼斯
1642403,Isaac Jones,艾萨克-琼斯
77185,Jake Jones,杰克-琼斯
1627883,Jalen Jones,杰伦-琼斯
2592,James Jones,詹姆斯-琼斯
1629203,Jemerrio Jones,杰埃姆埃尔尔伊奥-琼斯
77186,Jimmy Jones,吉米-琼斯
77187,Johnny Jones,约翰尼-琼斯
1908,Jumaine Jones,杰乌姆阿伊恩埃-琼斯
77188,K.C. Jones,克.克.-琼斯
1630539,Kai Jones,克阿伊-琼斯
1642880,Kam Jones,克阿姆-琼斯
203158,Kevin Jones,凯文-琼斯
77200,Larry Jones,拉里-琼斯
77189,Major Jones,姆阿杰奥尔-琼斯
2891,Mark Jones,马克-琼斯
90000,Mark Jones,马克-琼斯
1630222,Mason Jones,梅森-琼斯
77195,Nick Jones,尼克-琼斯
77191,Ozell Jones,奥兹尔-琼斯
461,Popeye Jones,波派-琼斯
77192,Rich Jones,里奇-琼斯
77194,Robin Jones,尔奥布伊恩-琼斯
77196,Sam Jones,萨姆-琼斯
2652,Shelton Jones,什埃尔顿-琼斯
200780,Solomon Jones,斯奥尔奥蒙-琼斯
1642461,Spencer Jones,斯潘塞-琼斯
77197,Steve Jones,史蒂夫-琼斯
203093,Terrence Jones,特尔埃恩克埃-琼斯
1630200,Tre Jones,特雷-琼斯
1626145,Tyus Jones,泰厄斯-琼斯
77198,Wali Jones,沃阿尔伊-琼斯
77199,Wallace Jones,华莱士-琼斯
77201,Wil Jones,沃伊尔-琼斯
77202,Willie Jones,沃伊尔尔伊埃-琼斯
77203,Willie Jones,沃伊尔尔伊埃-琼斯
1642357,David Jones Garcia,戴维-杰奥恩埃斯 格阿尔克伊阿
203103,Perry Jones III,佩里-杰奥恩埃斯 伊伊伊
1627884,Derrick Jones Jr.,德里克-杰奥恩埃斯 杰尔.
1817,Adonis Jordan,阿德奥恩伊斯-乔丹
201599,DeAndre Jordan,德马库斯-考辛斯
77205,Eddie Jordan,埃迪-乔丹
202366,Jerome Jordan,杰埃尔奥姆埃-乔丹
893,Michael Jordan,迈克尔-乔丹
674,Reggie Jordan,雷吉-乔丹
77208,Thomas Jordan,托马斯-乔丹
77209,Walter Jordan,沃阿尔特-乔丹
77210,Phil Jordon,菲尔-杰奥尔德奥恩
77211,Johnny Jorgensen,约翰尼-杰奥尔格埃恩斯埃恩
77212,Noble Jorgensen,恩奥布尔埃-杰奥尔格埃恩斯埃恩
77213,Roger Jorgensen,尔奥格埃尔-杰奥尔格埃恩斯埃恩
202709,Cory Joseph,科里-约瑟夫
2123,Garth Joseph,格阿尔思-约瑟夫
203126,Kris Joseph,克里斯-约瑟夫
77214,Yvon Joseph,伊夫奥恩-约瑟夫
1631107,Nikola Jović,尼科拉-杰奥夫伊ć
77215,Jeff Judkins,杰夫-杰乌德克伊恩斯
1630548,Johnny Juzang,约翰尼-杰乌兹阿恩
1629662,Mfiondu Kabengele,姆菲翁杜-克阿布埃恩埃尔埃
77217,Edwin Kachan,埃德沃伊恩-克阿奇阿恩
77218,George Kaftan,乔治-克阿弗特阿恩
77219,Ed Kalafat,埃德-克阿尔阿弗阿特
1630686,Georgios Kalaitzakis,乔治奥斯-克阿尔阿伊特兹阿克伊斯
1641750,Ryan Kalkbrenner,瑞安-克阿尔克布尔埃恩纳
2549,Chris Kaman,克里斯-卡曼
1626163,Frank Kaminsky,弗兰克-克阿姆伊恩斯克伊
77221,Ralph Kaplowitz,拉尔夫-克阿普尔奥沃伊特兹
2574,Jason Kapono,贾森-克阿普奥恩奥
77222,Tony Kappen,托尼-克阿普恩
203508,Sergey Karasev,斯埃尔格埃伊-克阿尔阿斯埃夫
201207,Coby Karl,科比-卡尔
77223,George Karl,乔治-卡尔
77225,Ed Kasid,埃德-克阿斯伊德
2435,Mario Kasun,马里奥-克阿斯乌恩
77226,Leo Katkaveck,尔埃奥-克阿特克阿夫埃克
77227,Bob Kauffman,鲍勃-克阿乌弗弗曼
201619,Sasha Kaun,斯阿什阿-克阿乌恩
77228,Wilbert Kautz,沃伊尔布特-克阿乌特兹
1642530,Yuki Kawamura,伊乌克伊-克阿沃阿姆乌尔阿
77229,Clarence Kea,克尔阿尔埃恩克埃-克埃阿
77230,Michael Kearns,迈克尔-克埃阿尔恩斯
77231,Tommy Kearns,汤米-克埃阿尔恩斯
228,Adam Keefe,阿德阿姆-克埃埃弗埃
77233,Harold Keeling,哈罗德-克埃埃尔伊恩
1631211,Trevor Keels,特雷弗-克埃埃尔斯
77234,Ken Keller,肯-克尔埃尔
1630283,Kylor Kelley,克伊尔奥尔-克尔埃伊
77235,Rich Kelley,里奇-克尔埃伊
77236,Clark Kellogg,克拉克-克尔奥格格
77237,Gerard Kelly,格埃尔德-克尔伊
1642939,Miles Kelly,迈尔斯-克尔伊
203527,Ryan Kelly,瑞安-克尔伊
77238,Tom Kelly,汤姆-克尔伊
77239,Greg Kelser,格雷格-克埃尔斯埃尔
77240,Ben Kelso,本-克埃尔斯奥
431,Shawn Kemp,肖恩-克埃姆普
1118,Tim Kempton,蒂姆-克埃姆普顿
77242,Frank Kendrick,弗兰克-克埃恩德尔克
1628379,Luke Kennard,卢克-克埃纳尔德
202810,D.J. Kennedy,DJ-克埃恩恩埃德伊
77243,Eugene Kennedy,尤金-克埃恩恩埃德伊
77244,Joe Kennedy,乔-克埃恩恩埃德伊
77245,William Kennedy,威廉-克埃恩恩埃德伊
77246,Larry Kenon,拉里-克埃恩奥恩
1643257,Jayson Kent,杰森-克埃恩特
77247,Bill Kenville,比尔-克埃恩夫伊尔尔埃
1801,Jonathan Kerner,乔纳森-克埃尔纳
77248,Johnny Kerr,约翰尼-科尔
70,Steve Kerr,史蒂夫-科尔
77249,Jack Kerris,杰克-克埃尔里斯
760,Jerome Kersey,杰埃尔奥姆埃-克埃尔斯埃伊
77251,Alec Kessler,亚历克-克埃斯斯尔埃尔
1631117,Walker Kessler,沃克-克埃斯斯尔埃尔
1930,Lari Ketner,尔阿尔伊-克埃特纳
1630296,Braxton Key,布尔阿克斯顿-克埃伊
705,Randolph Keys,兰多夫-克埃伊斯
2751,Viktor Khryapa,夫伊克特奥尔-克赫尔伊阿普阿
467,Jason Kidd,贾森-基德
1629742,Stanton Kidd,斯特阿恩顿-基德
77254,Warren Kidd,沃伦-基德
203077,Michael Kidd-Gilchrist,迈克尔-基德-格伊尔奇里斯特
77255,Irv Kiffin,伊尔夫-克伊弗弗伊恩
77256,Jack Kiley,杰克-克伊利
77257,Ernie Killum,埃尔恩伊埃-克伊尔尔乌姆
77258,Carl Kilpatrick,克阿尔尔-克伊尔普阿特里克
203930,Sean Kilpatrick,肖恩-克伊尔普阿特里克
77259,Toby Kimball,特奥布伊-克伊姆布阿尔尔
77260,Bo Kimble,布奥-克伊姆布尔埃
77261,Stan Kimbrough,斯坦-克伊姆布尔奥乌格赫
77262,Chad Kinch,奇阿德-克伊恩奇
77263,Albert King,阿尔伯特-金
77264,Bernard King,布埃尔恩德-金
12,Chris King,克里斯-金
77266,Dan King,丹-金
701,Frankie King,弗尔阿恩克伊埃-金
77268,George King,乔治-金
1628994,George King,乔治-金
1562,Gerard King,格埃尔德-金
77270,Jim King,吉姆-金
728,Jimmy King,吉米-金
1629663,Louis King,尔奥乌伊斯-金
77272,Maury King,姆阿乌尔伊-金
77273,Reggie King,雷吉-金
1101,Rich King,里奇-金
351,Stacey King,斯特阿克埃伊-金
77276,Tom King,汤姆-金
77277,Bob Kinney,鲍勃-克伊恩恩埃伊
200814,Tarence Kinsey,特阿尔埃恩克埃-克伊恩斯埃伊
1905,Andrei Kirilenko,德尔埃伊-基里连科
203945,Alex Kirk,阿莱士-柯克
77278,Walt Kirk,沃尔特-柯克
1630557,Corey Kispert,克奥尔埃伊-克伊斯普特
77279,Doug Kistler,德奥乌格-克伊斯特尔埃尔
77280,Curtis Kitchen,柯蒂斯-克伊特奇埃恩
1123,Greg Kite,格雷格-克伊特埃
954,Kerry Kittles,克埃尔尔伊-克伊特特莱斯
1628467,Maxi Kleber,姆阿克斯伊-克尔埃布埃尔
170,Joe Kleine,乔-克尔埃伊恩埃
101132,Linas Kleiza,利纳斯-克尔埃伊兹阿
77283,Leo Klier,尔埃奥-克尔伊埃尔
1641752,Bobi Klintman,布奥布伊-克尔伊恩特曼
77284,Herm Klotz,赫埃尔姆-克尔奥特兹
77285,Duane Klueh,德乌阿恩埃-克尔乌埃赫
1642261,Dalton Knecht,德阿尔顿-克恩埃奇特
77290,Billy Knight,布伊尔尔伊-奈特
77287,Bob Knight,鲍勃-奈特
2688,Brandin Knight,布尔德伊恩-奈特
202688,Brandon Knight,布兰登-奈特
1510,Brevin Knight,布尔埃夫伊恩-奈特
1630233,Nathan Knight,恩阿思阿恩-奈特
1861,Negele Knight,恩埃格埃尔埃-奈特
77288,Ron Knight,罗恩-奈特
77289,Toby Knight,特奥布伊-奈特
969,Travis Knight,特尔阿夫伊斯-奈特
77291,Lee Knorek,李-克恩奥尔埃克
77292,Dick Knostman,迪克-克恩奥斯特曼
77293,Rod Knowles,罗德-克恩奥沃莱斯
1628995,Kevin Knox II,凯文-克恩奥克斯 伊伊
1642851,Kon Knueppel,克奥恩-克恩乌埃普尔
77294,Bart Kofoed,布阿尔特-克奥弗奥埃德
77295,Don Kojis,唐-克奥杰伊斯
1642278,Tyler Kolek,泰勒-克奥尔埃克
1631132,Christian Koloko,克里斯蒂安-克奥尔奥克奥
77296,Milo Komenich,姆伊尔奥-克奥姆埃恩伊奇
77297,Howard Komives,霍华德-克奥姆伊夫埃斯
402,Jon Koncak,乔恩-克奥恩克阿克
1629723,John Konchar,约翰-克奥恩奇阿尔
77299,Bud Koper,布乌德-克奥普埃尔
77300,Joe Kopicki,乔-克奥普克伊
1627788,Furkan Korkmaz,弗乌尔克阿恩-克奥尔克姆阿兹
77301,Frank Kornet,弗兰克-克奥尔恩埃特
1628436,Luke Kornet,卢克-克奥尔恩埃特
101117,Yaroslav Korolev,伊阿尔奥斯尔阿夫-克奥尔奥尔埃夫
2594,Kyle Korver,凯尔-科沃尔
77302,Len Kosmalski,伦-克奥斯姆阿尔斯克伊
77303,Andy Kostecka,安迪-克奥斯特埃克阿
77304,Harold Kottman,哈罗德-克奥特特曼
201585,Kosta Koufos,克奥斯特阿-克奥乌弗奥斯
77305,Tom Kozelko,汤姆-克奥兹埃尔克奥
77306,Arvid Kramer,阿尔夫伊德-克尔阿姆埃尔
77307,Barry Kramer,巴里-克尔阿姆埃尔
77308,Joel Kramer,乔尔-克尔阿姆埃尔
77309,Dan Kraus,丹-克尔阿乌斯
77310,Herb Krautblatt,赫埃尔布-克尔阿乌特布尔阿特特
203139,Viacheslav Kravtsov,夫伊阿奇埃斯尔阿夫-克尔阿夫特斯奥夫
77311,Jim Krebs,吉姆-克尔埃布斯
1630249,Vít Krejčí,夫í特-克尔埃杰čí
77312,Wayne Kreklow,韦恩-克尔埃克尔奥沃
77313,Tom Kron,汤姆-克尔奥恩
77314,Tom Kropp,汤姆-克尔奥普普
2420,Nenad Krstic,恩埃恩阿德-克尔斯特伊克
1474,Larry Krystkowiak,拉里-克尔伊斯特克奥沃伊阿克
77316,Steve Kuberski,史蒂夫-克乌布埃尔斯克伊
77317,Leo Kubiak,尔埃奥-克乌布伊阿克
77318,Bruce Kuczenski,布鲁斯-克乌克兹埃恩斯克伊
77319,Frank Kudelka,弗兰克-克乌德埃尔克阿
77320,John Kuester,约翰-克乌埃斯特
77322,Ray Kuka,雷-克乌克阿
389,Toni Kukoc,托尼-克乌克奥克
1629083,Arnoldas Kulboka,阿尔恩奥尔德阿斯-克乌尔布奥克阿
1630228,Jonathan Kuminga,乔纳森-克乌姆伊恩阿
77323,Kevin Kunnert,凯文-克乌恩纳特
77324,Mitch Kupchak,姆伊特奇-克乌普奇阿克
77325,Charles Kupec,查尔斯-克乌普埃克
1629066,Rodions Kurucs,尔奥德伊奥恩斯-克乌尔乌克斯
201633,Rob Kurz,尔奥布-克乌尔兹
2825,Ibrahim Kutluay,伊布尔阿赫伊姆-克乌特尔乌阿伊
1628398,Kyle Kuzma,凯尔-库兹马
203136,Ognjen Kuzmic,奥格恩杰埃恩-克乌兹姆伊克
1627851,Mindaugas Kuzminskas,明道加斯-克乌兹姆伊恩斯克阿斯
77327,Fred LaCour,弗雷德-尔阿克奥乌尔
1711,Raef LaFrentz,尔阿埃弗-尔阿弗尔埃恩特兹
77328,Tom LaGarde,汤姆-尔阿格德埃
1631222,Jake LaRavia,杰克-尔阿尔阿夫伊阿
1601,Rusty LaRue,鲁斯特伊-尔阿尔乌埃
77340,Rudy LaRusso,鲁迪-尔阿鲁斯斯奥
203897,Zach LaVine,扎克-尔阿夫伊恩埃
1627746,Skal Labissiere,斯克阿尔-尔阿布伊斯斯伊埃尔埃
77326,Sam Lacey,萨姆-尔阿克埃伊
363,Christian Laettner,克里斯蒂安-尔阿特纳
201802,Oliver Lafayette,奥尔伊夫埃尔-尔阿弗阿伊特埃
100263,Bill Laimbeer,比尔-兰比尔
77329,Pete Lalich,皮特-尔阿尔伊奇
77330,Bo Lamar,布奥-拉马尔
1630237,Anthony Lamb,安东尼-兰姆
203117,Doron Lamb,德奥尔奥恩-兰姆
203087,Jeremy Lamb,杰里米-兰姆
77331,John Lambert,约翰-尔阿姆布特
77332,Jeff Lamp,杰夫-尔阿姆普
2573,Maciej Lampe,姆阿克伊埃杰-尔阿姆普埃
77333,Jim Lampley,吉姆-尔阿姆普利
2253,Sean Lampley,肖恩-尔阿姆普利
1629111,Jock Landale,杰奥克-尔德阿尔埃
201171,Carl Landry,克阿尔尔-兰德里
202068,Marcus Landry,马库斯-兰德里
77334,Mark Landsberger,马克-尔德斯布埃尔格埃尔
77335,Jerome Lane,杰埃尔奥姆埃-尔阿恩埃
457,Andrew Lang,安德鲁-尔阿恩
226,Antonio Lang,安东尼奥-尔阿恩
2591,James Lang,詹姆斯-尔阿恩
1892,Trajan Langdon,特尔阿杰阿恩-尔阿恩德奥恩
101247,Keith Langford,基思-兰福德
1629641,Romeo Langford,罗密欧-兰福德
2061,Dan Langhi,丹-尔阿恩赫伊
600005,Bob Lanier,鲍勃-尔阿恩伊埃尔
1642404,Chaz Lanier,奇阿兹-尔阿恩伊埃尔
77338,Stu Lantz,斯特乌-尔阿恩特兹
1627879,Nicolas Laprovittola,尼古拉斯-尔阿普尔奥夫伊特特奥尔阿
77339,York Larese,伊奥尔克-尔阿尔埃斯埃
203499,Shane Larkin,肖恩-尔阿尔克伊恩
1641796,Pelle Larsson,普尔埃-尔阿尔斯森
77341,John Laskowski,约翰-拉斯克奥沃斯克伊
201186,Stephane Lasme,斯特埃普赫阿恩埃-拉斯姆埃
77342,Dave Lattin,戴夫-尔阿特特伊恩
968,Priest Lauderdale,普尔伊埃斯特-尔阿乌德德阿尔埃
77344,Rich Laurel,里奇-尔阿乌尔埃尔
77345,Walt Lautenbach,沃尔特-尔阿乌特埃恩布阿奇
203530,Joffrey Lauvergne,杰奥弗弗尔埃伊-尔阿乌夫埃尔格恩埃
77346,Tony Lavelli,托尼-尔阿夫尔伊
77347,Bob Lavoy,鲍勃-尔阿夫奥伊
201151,Acie Law,阿克伊埃-尔阿沃
1629724,Vic Law,夫伊克-尔阿沃
202371,Gani Lawal,格阿恩伊-尔阿沃阿尔
77348,Ed Lawrence,埃德-尔阿沃尔埃恩克埃
1630639,A.J. Lawson,AJ-劳森
1535,Jason Lawson,贾森-劳森
201951,Ty Lawson,泰-劳森
1627774,Jake Layman,杰克-尔阿伊曼
77350,Dennis Layton,丹尼斯-尔阿伊顿
1627747,Caris LeVert,克阿里斯-尔埃夫特
1628388,T.J. Leaf,TJ-尔埃阿弗
77351,Emanuel Leaks,埃曼乌埃尔-尔埃阿克斯
77352,Hal Lear,赫阿尔-尔埃阿尔
77353,Allen Leavell,艾伦-尔埃阿夫尔
77354,Jeff Lebo,杰夫-尔埃布奥
287,Eric Leckner,埃里克-尔埃克纳
1629665,Jalen Lecque,杰伦-尔埃克克乌埃
203495,Ricky Ledo,里基-尔埃德奥
77356,Butch Lee,布乌特奇-李
77357,Clyde Lee,克莱德-李
201584,Courtney Lee,考特尼-李
1627814,Damion Lee,达米恩-李
101135,David Lee,戴维-李
77358,Doug Lee,德奥乌格-李
77359,George Lee,乔治-李
77360,Greg Lee,格雷格-李
77361,Keith Lee,基思-李
77362,Kurk Lee,克乌尔克-李
202723,Malcolm Lee,马尔科姆-李
77363,Rock Lee,尔奥克-李
77364,Ron Lee,罗恩-李
77365,Russell Lee,拉塞尔-李
1630240,Saben Lee,萨本-李
77366,Ed Leede,埃德-尔埃埃德埃
77367,Hank Lefkowitz,汉克-尔埃弗克奥沃伊特兹
100,Tim Legler,蒂姆-尔埃格尔埃尔
77369,George Lehmann,乔治-尔埃赫曼恩
1627215,Walt Lemon Jr.,沃尔特-尔埃蒙 杰尔.
203458,Alex Len,阿莱士-伦
702,Voshon Lenard,夫奥什奥恩-伦德
77371,Bob Leonard,鲍勃-伦纳德
77370,Gary Leonard,加里-伦纳德
202695,Kawhi Leonard,科怀-伦纳德
203086,Meyers Leonard,迈耶斯-伦纳德
1642502,Malevy Leons,姆阿尔埃夫伊-尔埃奥恩斯
77372,Jim Les,吉姆-莱斯
202727,Travis Leslie,特尔阿夫伊斯-莱斯尔伊埃
77373,Ronnie Lester,罗尼-莱斯特
77374,Clifford Lett,克尔伊弗弗奥尔德-尔特
202720,Jon Leuer,乔恩-尔埃乌埃尔
77375,Andrew Levane,安德鲁-尔埃夫阿恩埃
77376,Lafayette Lever,尔阿弗阿伊特埃-尔埃夫埃尔
77377,Cliff Levingston,克尔伊弗弗-尔埃夫伊恩斯顿
77385,Bobby Lewis,博比-刘易斯
736,Cedric Lewis,克埃德尔伊克-刘易斯
77379,Fred Lewis,弗雷德-刘易斯
77380,Freddie Lewis,弗雷迪-刘易斯
77381,Grady Lewis,格尔阿德伊-刘易斯
1631171,Justin Lewis,贾斯廷-刘易斯
729,Martin Lewis,马丁-刘易斯
1641721,Maxwell Lewis,姆阿克斯沃尔-刘易斯
1900,Quincy Lewis,昆西-刘易斯
77383,Ralph Lewis,拉尔夫-刘易斯
1740,Rashard Lewis,尔阿什德-刘易斯
77384,Reggie Lewis,雷吉-刘易斯
1630575,Scottie Lewis,斯科蒂-刘易斯
1630184,Kira Lewis Jr.,基拉-尔埃沃伊斯 杰尔.
77386,Marcus Liberty,马库斯-尔伊布特伊
77387,Todd Lichti,托德-尔伊奇特伊
1630604,E.J. Liddell,埃.杰.-尔伊德德尔
202732,DeAndre Liggins,德安德烈-尔伊格格伊恩斯
77388,Bill Ligon,比尔-尔伊格奥恩
203081,Damian Lillard,达米安-利拉德
202391,Jeremy Lin,杰里米-林
77389,Steve Lingenfelter,史蒂夫-尔伊恩埃恩弗埃尔特
175,Alton Lister,阿尔顿-尔伊斯特
1629642,Nassir Little,纳西尔-尔伊特特尔埃
1641726,Dereck Lively II,德里克-尔伊夫埃尔伊 伊伊
1630587,Isaiah Livers,以赛亚-尔伊夫埃尔斯
1641753,Chris Livingston,克里斯-利文斯顿
988,Randy Livingston,兰迪-利文斯顿
2733,Shaun Livingston,肖恩-利文斯顿
77392,Ron Livingstone,罗恩-尔伊夫伊恩斯顿埃
1024,Horacio Llamas,赫奥尔阿克伊奥-拉马斯
77394,Earl Lloyd,厄尔-劳埃德
77395,Lewis Lloyd,刘易斯-劳埃德
77396,Scott Lloyd,斯科特-劳埃德
77397,Bob Lochmueller,鲍勃-尔奥奇姆乌尔埃尔
77398,Robert Lock,罗伯特-尔奥克
77399,Darrell Lockhart,德阿尔尔尔-尔奥克赫阿尔特
1100,Ian Lockhart,伊恩-尔奥克赫阿尔特
77401,Kevin Loder,凯文-尔奥德
77402,Don Lofgran,唐-尔奥弗格尔阿恩
1629155,Zach Lofton,扎克-尔奥弗顿
1631254,Kenneth Lofton Jr.,克埃恩恩埃思-尔奥弗顿 杰尔.
77403,Johnny Logan,约翰尼-尔奥格阿恩
38,Brad Lohaus,布尔阿德-尔奥赫阿乌斯
1609,Art Long,阿尔特-尔奥恩
3,Grant Long,格兰特-尔奥恩
1381,John Long,约翰-尔奥恩
77406,Paul Long,保罗-尔奥恩
1627848,Shawn Long,肖恩-尔奥恩
26,Luc Longley,尔乌克-尔奥恩利
1626172,Kevon Looney,凯文-尔奥奥恩埃伊
201572,Brook Lopez,凯里-欧文
1732,Felipe Lopez,弗埃尔伊普埃-洛佩斯
2221,Raul Lopez,劳尔-洛佩斯
201577,Robin Lopez,尔奥布伊恩-洛佩斯
943,Ryan Lorthridge,瑞安-尔奥尔思尔伊德格埃
77409,Jim Loscutoff,吉姆-尔奥斯克乌特奥弗弗
77410,Plummer Lott,普尔乌姆姆埃尔-尔奥特特
77411,Kevin Loughery,凯文-尔奥乌格赫埃尔伊
1629712,Didi Louzada,迪迪-尔奥乌兹阿德阿
77412,Bob Love,鲍勃-洛夫
1631126,Caleb Love,迦勒-洛夫
201567,Kevin Love,凯文-洛夫
77413,Stan Love,斯坦-洛夫
77414,Clyde Lovellette,克莱德-尔奥夫尔特埃
1643133,Lawson Lovering,劳森-尔奥夫埃尔伊恩
77415,Sidney Lowe,斯伊德恩埃伊-尔奥沃埃
77416,Chuck Lowery,查克-尔奥沃埃尔伊
200768,Kyle Lowry,凯尔-洛瑞
1628070,Jordan Loyd,乔丹-尔奥伊德
77417,Al Lucas,阿尔-尔乌克阿斯
77418,Jerry Lucas,杰里-尔乌克阿斯
77419,John Lucas,约翰-尔乌克阿斯
203564,Kalin Lucas,克阿尔伊恩-尔乌克阿斯
77420,Maurice Lucas,莫里斯-尔乌克阿斯
101249,John Lucas III,约翰-尔乌克阿斯 伊伊伊
77421,Ted Luckenbill,特埃德-尔乌克埃恩布伊尔尔
1731,Tyronn Lue,特伊尔奥恩恩-尔乌埃
77422,Jim Luisi,吉姆-尔乌伊斯伊
77423,Al Lujack,阿尔-尔乌杰阿克
77424,Phil Lumpkin,菲尔-尔乌姆普克伊恩
77425,Ray Lumpp,雷-尔乌姆普普
1630994,Gabriel Lundberg,加布里埃尔-尔乌恩德布埃尔格
1641754,Seth Lundy,斯埃思-尔乌恩德伊
1627789,Timothe Luwawu-Cabarrot,特伊姆奥思埃-尔乌沃阿沃乌-克阿布阿尔尔奥特
1628399,Tyler Lydon,泰勒-尔伊德奥恩
1626168,Trey Lyles,特雷-莱尔斯
248,George Lynch,乔治-林奇
77426,Kevin Lynch,凯文-林奇
77427,Mike Lynn,迈克-林恩
1627815,Sheldon Mac,谢尔登-姆阿克
1928,Todd MacCulloch,托德-姆阿克克乌尔尔奥奇
77430,Ronnie MacGilvray,罗尼-姆阿克格伊尔夫尔阿伊
931,Don MacLean,唐-姆阿克尔埃阿恩
77428,Mike Macaluso,迈克-姆阿克阿尔乌斯奥
77429,Ed Macauley,埃德-姆阿克阿乌利
203159,Scott Machado,斯科特-姆阿奇阿德奥
101178,Arvydas Macijauskas,阿维达斯-姆阿克伊杰阿乌斯克阿斯
77432,Ollie Mack,奥尔尔伊埃-姆阿克
694,Sam Mack,萨姆-姆阿克
202714,Shelvin Mack,什埃尔夫伊恩-姆阿克
1635,Malcolm Mackey,马尔科姆-姆阿克埃伊
77435,Rudy Macklin,鲁迪-姆阿克尔伊恩
202731,Vernon Macklin,夫埃尔恩奥恩-姆阿克尔伊恩
77436,Johnny Macknowski,约翰尼-姆阿克恩奥沃斯克伊
1629133,Daryl Macon,德阿尔伊尔-梅肯
1855,Mark Macon,马克-梅肯
1629122,J.P. Macura,杰.普.-姆阿克乌尔阿
77438,Kyle Macy,凯尔-姆阿克伊
77439,Jack Maddox,杰克-姆阿德德奥克斯
2432,Tito Maddox,特伊特奥-姆阿德德奥克斯
1666,Gerald Madkins,杰拉德-姆阿德克伊恩斯
2058,Mark Madsen,马克-姆阿德斯埃恩
77441,Norm Mager,恩奥尔姆-姆阿格埃尔
203705,Josh Magette,约什-姆阿格特埃
1894,Corey Maggette,克奥尔埃伊-姆阿格格特埃
77442,Dave Magley,戴夫-姆阿格利
2048,Jamaal Magloire,贾马尔-马格洛伊尔
1630266,Will Magnay,威尔-姆阿格恩阿伊
101133,Ian Mahinmi,伊恩-马辛米
77443,John Mahnken,约翰-姆阿赫恩克埃恩
77444,Francis Mahoney,弗朗西斯-姆阿赫奥恩埃伊
328,Rick Mahorn,里克-姆阿赫奥尔恩
105,Dan Majerle,丹-姆阿杰埃尔尔埃
200970,Renaldo Major,尔埃恩阿尔德奥-姆阿杰奥尔
1627748,Thon Maker,思奥恩-姆阿克埃尔
77447,Lionel Malamed,尔伊奥恩埃尔-姆阿尔阿姆埃德
1630177,Theo Maledon,思埃奥-姆阿尔埃德奥恩
117,Jeff Malone,杰夫-马龙
252,Karl Malone,卡尔-马龙
77449,Moses Malone,摩西-马龙
1074,Matt Maloney,马特-姆阿尔奥恩埃伊
77450,Steve Malovic,史蒂夫-姆阿尔奥夫伊克
1642863,Khaman Maluach,克赫阿曼-姆阿尔乌阿奇
1630572,Sandro Mamukelashvili,斯德尔奥-姆阿姆乌克埃拉斯赫夫伊尔伊
77451,Ted Manakas,特埃德-曼阿克阿斯
77452,John Mandic,约翰-曼德伊克
1630211,Karim Mane,克阿尔伊姆-曼埃
77453,Frank Mangiapane,弗兰克-曼格伊阿普阿恩埃
986,Marcus Mann,马库斯-曼
1629611,Terance Mann,特阿恩克埃-曼
1630544,Tre Mann,特雷-曼
330,Danny Manning,丹尼-曼宁
77454,Ed Manning,埃德-曼宁
316,Richard Manning,尔伊奇德-曼宁
1630185,Nico Mannion,恩伊克奥-曼恩伊奥恩
77456,Pace Mannion,普阿克埃-曼恩伊奥恩
77457,Nick Mantis,尼克-曼特伊斯
77459,Pete Maravich,皮特-姆阿尔阿夫伊奇
77458,Peter Maravich,普埃特-姆阿尔阿夫伊奇
203906,Devyn Marble,德埃夫伊恩-姆阿尔布尔埃
77460,Roy Marble,罗伊-姆阿尔布尔埃
950,Stephon Marbury,斯特埃普赫奥恩-马布里
36,Sarunas Marciulionis,萨鲁纳斯-姆阿尔克伊乌尔伊奥恩伊斯
77462,Saul Mariaschin,斯阿乌尔-姆阿尔伊阿斯奇伊恩
77463,Jack Marin,杰克-姆阿尔伊恩
1890,Shawn Marion,肖恩-马里昂
1626246,Boban Marjanovic,布奥布阿恩-姆阿尔杰阿恩奥夫伊克
1628374,Lauri Markkanen,尔阿乌尔伊-马尔卡宁
200806,Damir Markota,德阿姆伊尔-姆阿尔克奥特阿
1752,Sean Marks,肖恩-姆阿尔克斯
77464,Harvey Marlatt,赫阿尔夫埃伊-姆阿尔尔阿特特
77465,Eric Marsh,埃里克-姆阿尔什
77466,Jim Marsh,吉姆-姆阿尔什
681,Donny Marshall,德奥恩恩伊-马歇尔
923,Donyell Marshall,德奥恩伊尔-马歇尔
203088,Kendall Marshall,克埃恩德阿尔尔-马歇尔
1630230,Naji Marshall,纳吉-马歇尔
101185,Rawle Marshall,尔阿沃尔埃-马歇尔
77467,Tom Marshall,汤姆-马歇尔
77468,Vester Marshall,夫埃斯特-马歇尔
1642918,Alijah Martin,阿尔伊贾-马丁
77481,Bill Martin,比尔-马丁
77478,Bob Martin,鲍勃-马丁
77469,Brian Martin,布赖恩-马丁
1628997,Caleb Martin,迦勒-马丁
201858,Cartier Martin,克阿尔特伊埃尔-马丁
1628998,Cody Martin,科迪-马丁
733,Cuonzo Martin,克乌奥恩兹奥-马丁
239,Darrick Martin,德阿尔尔克-马丁
77473,Don Martin,唐-马丁
77471,Donald Martin,德奥恩阿尔德-马丁
77472,Fernando Martin,弗埃尔恩德奥-马丁
1626185,Jarell Martin,贾雷尔-马丁
1641798,Jaylen Martin,杰伦-马丁
77474,Jeff Martin,杰夫-马丁
1629725,Jeremiah Martin,耶利米-马丁
1630231,KJ Martin,KJ-马丁
1629103,Kelan Martin,克埃尔阿恩-马丁
2030,Kenyon Martin,克埃恩伊奥恩-马丁
2755,Kevin Martin,凯文-马丁
77475,Larue Martin,尔阿尔乌埃-马丁
77476,Mo Martin,姆奥-马丁
77477,Phil Martin,菲尔-马丁
77479,Ronald Martin,尔奥恩阿尔德-马丁
77480,Slater Martin,斯尔阿特-马丁
1631213,Tyrese Martin,泰雷斯-马丁
1642942,Jahmai Mashack,贾姆阿伊-马斯赫阿克
469,Jamal Mashburn,贾马尔-马什本
77482,Al Masino,阿尔-马斯伊恩奥
193,Anthony Mason,安东尼-梅森
2046,Desmond Mason,戴斯蒙德-梅森
1628412,Frank Mason III,弗兰克-马斯奥恩 伊伊伊
2427,Roger Mason Jr.,尔奥格埃尔-马斯奥恩 杰尔.
763,Tony Massenburg,托尼-马斯斯埃恩布乌尔格
77483,Eddie Mast,埃迪-马斯特
1628999,Yante Maten,伊阿恩特埃-姆阿特埃恩
1629726,Garrison Mathews,加里森-姆阿思埃沃斯
1628493,Mangok Mathiang,曼格奥克-姆阿思伊阿恩
1629751,Dakota Mathias,德阿克奥特阿-姆阿思伊阿斯
1631097,Bennedict Mathurin,布埃恩恩埃德伊克特-姆阿思乌尔伊恩
1631255,Karlo Matković,克阿尔尔奥-姆阿特克奥夫伊ć
77484,Wes Matthews,韦斯-马修斯
202083,Wesley Matthews,韦斯利-马修斯
77485,Ariel Maughan,阿尔伊尔-姆阿乌格赫阿恩
77486,Marlon Maxey,姆阿尔尔奥恩-马克西
1630178,Tyrese Maxey,泰雷斯-马克西
101131,Jason Maxiell,贾森-姆阿克斯伊尔尔
77487,Cedric Maxwell,克埃德尔伊克-姆阿克斯沃尔
137,Vernon Maxwell,夫埃尔恩奥恩-姆阿克斯沃尔
77489,Don May,唐-姆阿伊
77490,Scott May,斯科特-姆阿伊
101118,Sean May,肖恩-姆阿伊
195,Lee Mayberry,李-姆阿伊布埃尔尔伊
77492,Clyde Mayes,克莱德-姆阿伊埃斯
77493,Tharon Mayes,思阿尔奥恩-姆阿伊埃斯
77495,Bill Mayfield,比尔-姆阿伊弗伊尔德
77494,Ken Mayfield,肯-姆阿伊弗伊尔德
201953,Eric Maynor,埃里克-姆阿伊恩奥尔
201564,O.J. Mayo,奥.杰.-姆阿伊奥
1630219,Skylar Mays,斯凯拉-姆阿伊斯
77496,Travis Mays,特尔阿夫伊斯-姆阿伊斯
77497,Matt Mazza,马特-姆阿兹兹阿
1643024,Chris Mañon,克里斯-姆阿ñ奥恩
201601,Luc Mbah a Moute,尔乌克-姆布阿赫 阿 姆奥乌特埃
1643016,Bez Mbeng,布埃兹-姆布埃恩
2788,DJ Mbenga,德杰-姆布埃恩阿
77498,Bob McAdoo,鲍勃-麦卡杜
203949,James Michael McAdoo,詹姆斯-姆伊奇阿埃尔 姆克阿德奥奥
77499,Ken McBride,肯-麦克布尔伊德埃
1630540,Miles McBride,迈尔斯-麦克布尔伊德埃
1642272,Jared McCain,贾里德-麦克克阿伊恩
1628769,Tahjere McCall,特阿赫杰埃尔埃-麦克克阿尔尔
203492,Ray McCallum,雷-麦克克阿尔尔乌姆
737,Bob McCann,鲍勃-麦克克阿恩恩
77500,Brendan McCann,布尔埃恩德阿恩-麦克克阿恩恩
77502,Mel McCants,梅尔-麦克克阿恩特斯
101119,Rashad McCants,尔阿什阿德-麦克克阿恩特斯
77503,Mike McCarron,迈克-麦克克阿尔尔奥恩
77504,Andre McCarter,安德烈-麦克卡特
77505,Willie McCarter,沃伊尔尔伊埃-麦克卡特
77506,Johnny McCarthy,约翰尼-麦克克阿尔思伊
77507,Howie McCarty,赫奥沃伊埃-麦克克阿尔特伊
1820,Kelly McCarty,克尔伊-麦克克阿尔特伊
962,Walter McCarty,沃阿尔特-麦克克阿尔特伊
1043,Amal McCaskill,阿姆阿尔-麦克克阿斯克伊尔尔
1627775,Patrick McCaw,帕特里克-麦克克阿沃
77509,Dwayne McClain,德韦恩-麦克克尔阿伊恩
77510,"Ted, Hound Dog McClain","特埃德,-赫奥乌恩德 德奥格 姆克克尔阿伊恩"
2082,Dan McClintock,丹-麦克克尔伊恩特奥克
77512,Jack McCloskey,杰克-麦克克尔奥斯克埃伊
45,George McCloud,乔治-麦克克尔奥乌德
1630644,Mac McClung,姆阿克-麦克克尔乌恩
203468,CJ McCollum,CJ-麦科勒姆
77513,John McConathy,约翰-麦克克奥恩阿思伊
77514,Paul McConnell,保罗-麦康奈尔
204456,T.J. McConnell,TJ-麦康奈尔
77515,Keith McCord,基思-麦克克奥尔德
77516,Tim McCormick,蒂姆-麦克克奥尔姆克
1741,Jelani McCoy,杰埃尔阿恩伊-麦克克奥伊
77517,Paul McCracken,保罗-麦克克尔阿克埃恩
200840,Chris McCray,克里斯-麦克克尔阿伊
1622,Rodney McCray,罗德尼-麦克克尔阿伊
77518,Scooter McCray,斯克奥奥特-麦克克尔阿伊
1628571,Erik McCree,埃尔伊克-麦克克尔埃埃
1641755,Kevin McCullar Jr.,凯文-麦克克乌拉尔 杰尔.
1626191,Chris McCullough,克里斯-麦克克乌尔尔奥乌格赫
77520,John McCullough,约翰-麦克克乌尔尔奥乌格赫
723,Clint McDaniel,克林特-麦克丹尼尔
1365,Xavier McDaniel,泽维尔-麦克丹尼尔
1630183,Jaden McDaniels,杰登-麦克丹尼尔斯
1629667,Jalen McDaniels,杰伦-麦克丹尼尔斯
77523,Jim McDaniels,吉姆-麦克丹尼尔斯
203909,KJ McDaniels,KJ-麦克丹尼尔斯
203926,Doug McDermott,德奥乌格-麦克德姆奥特特
1630253,Sean McDermott,肖恩-麦克德姆奥特特
77524,Ben McDonald,本-麦克唐纳
77525,Glenn McDonald,格伦恩-麦克唐纳
1075,Michael McDonald,迈克尔-麦克唐纳
77527,Hank McDowell,汉克-麦克德奥沃尔
686,Antonio McDyess,安东尼奥-麦克德伊埃斯斯
77528,Jim McElroy,吉姆-麦克埃尔尔奥伊
200829,Ivan McFarlin,伊万-麦克弗阿尔尔伊恩
77529,Mel McGaha,梅尔-麦克格阿赫阿
203956,Mitch McGary,姆伊特奇-麦克加里
201580,JaVale McGee,杰阿夫阿尔埃-麦基
77530,Mike McGee,迈克-麦基
77531,Bill McGill,比尔-麦克格伊尔尔
77532,George McGinnis,乔治-麦克格伊恩恩伊斯
77533,Jon McGlocklin,乔恩-麦克格尔奥克尔伊恩
1631121,Bryce McGowens,布莱斯-麦克格奥沃埃恩斯
1503,Tracy McGrady,特尔阿克伊-麦格雷迪
77534,Gil McGregor,格伊尔-麦克格尔埃格奥尔
1630787,Cameron McGriff,卡梅伦-麦克格尔伊弗弗
203585,Rodney McGruder,罗德尼-麦克格尔乌德
77536,Al McGuire,阿尔-麦圭尔
77535,Allie McGuire,阿尔尔伊埃-麦圭尔
77537,Dick McGuire,迪克-麦圭尔
201187,Dominic McGuire,德奥姆伊恩伊克-麦圭尔
1450,Kevin McHale,凯文-麦克海尔
29,Jim McIlvaine,吉姆-麦克伊尔夫阿伊恩埃
976,Jeff McInnis,杰夫-麦克伊恩恩伊斯
77540,Kenny McIntosh,肯尼-麦克伊恩特奥什
77541,Kevin McKenna,凯文-麦克克埃纳
77542,Forrest McKenzie,弗奥尔尔埃斯特-麦克克埃恩兹伊埃
77543,Stan McKenzie,斯坦-麦克克埃恩兹伊埃
365,Derrick McKey,德里克-麦克克埃伊
243,Aaron McKie,阿龙-麦克克伊埃
77547,Billy McKinney,布伊尔尔伊-麦克克伊恩恩埃伊
77545,Carlton McKinney,克阿尔尔顿-麦克克伊恩恩埃伊
77546,Horace McKinney,赫奥尔阿克埃-麦克克伊恩恩埃伊
203590,Trey McKinney-Jones,特雷-姆克伊恩恩埃伊-琼斯
1628035,Alfonzo McKinnie,阿尔弗奥恩兹奥-麦克克伊恩恩伊埃
1630605,JaQuori McLaughlin,杰阿阔尔伊-麦克尔阿乌格赫尔伊恩
1629162,Jordan McLaughlin,乔丹-麦克尔阿乌格赫尔伊恩
203463,Ben McLemore,本-麦克尔埃姆奥尔埃
77548,Mccoy McLemore,姆克克奥伊-麦克尔埃姆奥尔埃
77549,George McLeod,乔治-麦克尔埃奥德
2693,Keith McLeod,基思-麦克尔埃奥德
1728,Roshown McLeod,尔奥什奥沃恩-麦克尔埃奥德
77551,Jack McMahon,杰克-麦克姆阿赫奥恩
203,Nate McMillan,内特-麦克米伦
77553,Tom McMillen,汤姆-麦克姆伊尔伦
77554,Jim McMillian,吉姆-麦克姆伊尔尔伊阿恩
77555,Shellie McMillon,什尔伊埃-麦克姆伊尔尔奥恩
77556,Mal McMullan,姆阿尔-麦克姆乌拉恩
77557,Chet McNabb,奇埃特-麦克恩阿布布
77558,Mark McNamara,马克-麦克恩阿姆阿尔阿
77559,Joe McNamee,乔-麦克恩阿姆埃埃
202077,Jerel McNeal,杰埃尔埃尔-麦克尼尔
77560,Chris McNealy,克里斯-麦克恩埃阿尔伊
1642862,Liam McNeeley,尔厄姆-麦克恩埃埃利
77562,Bob McNeill,鲍勃-麦克恩埃伊尔尔
77561,Larry McNeill,拉里-麦克恩埃伊尔尔
77563,Carl McNulty,克阿尔尔-麦克恩乌尔特伊
2101,Paul McPherson,保罗-麦克普赫埃尔森
77565,Cozell McQueen,克奥兹尔-麦克克乌埃埃恩
203895,Jordan McRae,乔丹-麦克雷
77566,Thales McReynolds,思阿莱斯-麦克雷诺兹
201177,Josh McRoberts,约什-麦克罗伯茨
1629098,Jack McVeigh,杰克-麦克夫埃伊格赫
77567,Eric McWilliams,埃里克-麦克威廉姆斯
77568,George Mearns,乔治-姆埃阿尔恩斯
2098,Slava Medvedenko,斯尔阿夫阿-姆埃德夫埃德埃恩克奥
1577,Darnell Mee,德阿尔恩尔-姆埃埃
201975,Jodie Meeks,杰奥德伊埃-米克斯
77570,Cliff Meely,克尔伊弗弗-姆埃埃尔伊
77571,Scott Meents,斯科特-姆埃埃恩特斯
77572,Dick Mehen,迪克-姆埃赫埃恩
77573,Don Meineke,唐-姆埃伊恩埃克埃
77574,Carl Meinhold,克阿尔尔-姆埃伊恩赫奥尔德
1626257,Salah Mejri,斯阿尔阿赫-姆埃杰尔伊
203539,Gal Mekel,格阿尔-姆埃克埃尔
77576,Bill Melchionni,比尔-姆埃尔奇伊奥恩恩伊
77575,Gary Melchionni,加里-姆埃尔奇伊奥恩恩伊
1629740,Nicolo Melli,恩伊克奥尔奥-姆尔伊
203097,Fab Melo,弗阿布-姆埃尔奥
1629001,De'Anthony Melton,德安东尼-姆埃尔顿
77577,Ed Melvin,埃德-梅尔文
77578,Dean Meminger,迪安-姆埃姆伊恩埃尔
77579,Chuck Mencel,查克-姆埃恩克埃尔
77580,John Mengelt,约翰-姆埃恩埃尔特
77581,Ken Menke,肯-姆埃恩克埃
1641877,Nathan Mensah,恩阿思阿恩-姆埃恩斯阿赫
200822,Pops Mensah-Bonsu,普奥普斯-姆埃恩斯阿赫-布奥恩斯乌
1500,Ron Mercer,罗恩-姆埃尔克埃尔
77582,Joe Meriweather,乔-姆埃尔伊沃埃阿思埃尔
77583,Porter Meriwether,波特-姆埃尔伊沃埃思埃尔
1630241,Sam Merrill,萨姆-姆埃尔尔伊尔尔
77584,Tom Meschery,汤姆-姆埃斯奇埃尔伊
1629002,Chimezie Metu,奇梅齐耶-姆埃特乌
684,Loren Meyer,尔奥尔埃恩-姆埃伊埃尔
77586,Dave Meyers,戴夫-迈耶斯
77587,Stan Miasek,斯坦-姆伊阿斯埃克
77588,Larry Micheaux,拉里-姆伊奇埃阿乌克斯
203995,Vasilije Micic,夫阿斯伊尔伊杰埃-姆伊克伊克
1626175,Jordan Mickey,乔丹-米基
203114,Khris Middleton,克里斯-米德尔顿
77589,Zigmund Mihalik,兹伊格姆乌恩德-姆伊赫阿尔伊克
2036,Chris Mihm,克里斯-姆伊赫姆
1628450,Eric Mika,埃里克-姆伊克阿
77590,Ed Mikan,埃德-迈肯
600012,George Mikan,乔治-迈肯
77591,Larry Mikan,拉里-迈肯
77593,Vern Mikkelsen,夫埃尔恩-姆伊克克埃尔斯埃恩
77594,Al Miksis,阿尔-姆伊克斯伊斯
101223,Aaron Miles,阿龙-迈尔斯
101139,CJ Miles,CJ-迈尔斯
2032,Darius Miles,达里厄斯-迈尔斯
77596,Eddie Miles,埃迪-迈尔斯
1527,Marko Milic,姆阿尔克奥-姆伊尔伊克
2545,Darko Milicic,德阿尔克奥-米利西奇
77598,Nat Militzok,恩阿特-姆伊尔伊特兹奥克
1889,Andre Miller,安德烈-米勒
292,Anthony Miller,安东尼-米勒
77605,Bill Miller,比尔-米勒
77603,Bob Miller,鲍勃-米勒
1802,Brad Miller,布尔阿德-米勒
1641706,Brandon Miller,布兰登-米勒
203121,Darius Miller,达里厄斯-米勒
77602,Dick Miller,迪克-米勒
77599,Eddie Miller,埃迪-米勒
1641801,Emanuel Miller,埃曼乌埃尔-米勒
77600,Harry Miller,哈里-米勒
77601,Jay Miller,杰伊-米勒
1641757,Jordan Miller,乔丹-米勒
1631159,Leonard Miller,伦纳德-米勒
1626259,Malcolm Miller,马尔科姆-米勒
2034,Mike Miller,迈克-米勒
932,Oliver Miller,奥尔伊夫埃尔-米勒
203113,Quincy Miller,昆西-米勒
397,Reggie Miller,雷吉-米勒
77604,Walt Miller,沃尔特-米勒
168,Chris Mills,克里斯-米尔斯
77606,John Mills,约翰-米尔斯
201988,Patty Mills,普阿特特伊-米尔斯
371,Terry Mills,特里-米尔斯
202407,Elijah Millsap,伊莱贾-米尔萨普
200794,Paul Millsap,保罗-米尔萨普
1629003,Shake Milton,谢克-姆伊尔顿
1631303,Justin Minaya,贾斯廷-姆伊恩阿伊阿
114,Harold Miner,哈罗德-姆伊纳
1642434,Riley Minix,尔伊利-姆伊恩伊克斯
77609,Dirk Minniefield,德克-姆伊恩恩伊埃弗伊尔德
77610,Dave Minor,戴夫-姆伊恩奥尔
65,Greg Minor,格雷格-姆伊恩奥尔
77612,Mark Minor,马克-姆伊恩奥尔
1631169,Josh Minott,约什-姆伊恩奥特特
202703,Nikola Mirotic,尼科拉-姆伊尔奥特伊克
77613,Wat Misaka,沃阿特-姆伊斯阿克阿
1954,Jason Miskiri,贾森-姆伊斯克伊尔伊
1642274,Yves Missi,伊夫埃斯-姆伊斯斯伊
1642349,Ajay Mitchell,阿杰阿伊-米切尔
1630558,Davion Mitchell,德阿夫伊奥恩-米切尔
1628378,Donovan Mitchell,多诺万-米切尔
77615,Mike Mitchell,迈克-米切尔
77616,Murray Mitchell,默里-米切尔
417,Sam Mitchell,萨姆-米切尔
77614,Todd Mitchell,托德-米切尔
203183,Tony Mitchell,托尼-米切尔
203502,Tony Mitchell,托尼-米切尔
1628513,Naz Mitrou-Long,恩阿兹-姆伊特罗乌-尔奥恩
77618,Steve Mix,史蒂夫-姆伊克斯
77619,Bill Mlkvy,比尔-姆尔克夫伊
1749,Cuttino Mobley,克乌特特伊恩奥-莫布利
211,Eric Mobley,埃里克-莫布利
1630596,Evan Mobley,埃文-莫布利
1630600,Isaiah Mobley,以赛亚-莫布利
77621,Larry Moffett,拉里-姆奥夫特特
1642367,Jonathan Mogbo,乔纳森-姆奥格布奥
77622,Leo Mogus,尔埃奥-姆奥格乌斯
1737,Nazr Mohammed,恩阿兹尔-姆奥赫阿姆姆埃德
2040,Jerome Moiso,杰埃尔奥姆埃-姆奥伊斯奥
77623,Paul Mokeski,保罗-姆奥克埃斯克伊
1629690,Adam Mokoka,阿德阿姆-姆奥克奥克阿
77624,Jack Molinas,杰克-姆奥尔伊恩阿斯
77625,Wayne Molis,韦恩-姆奥尔伊斯
77626,Sidney Moncrief,斯伊德恩埃伊-蒙克尔伊埃弗
1631320,Chima Moneke,奇伊姆阿-蒙埃克埃
77627,Eric Money,埃里克-蒙埃伊
2752,Sergei Monia,斯埃尔格埃伊-蒙伊阿
1628370,Malik Monk,马利克-蒙克
600006,Earl Monroe,厄尔-门罗
202328,Greg Monroe,格雷格-门罗
77628,Rodney Monroe,罗德尼-门罗
1626242,Luis Montero,路易斯-蒙特奥
77630,Howie Montgomery,赫奥沃伊埃-蒙特格奥姆埃尔伊
376,Eric Montross,埃里克-蒙特罗斯斯
1630541,Moses Moody,摩西-穆迪
200081,Jamario Moon,杰阿姆阿尔伊奥-姆奥奥恩
1629875,Xavier Moon,泽维尔-姆奥奥恩
77631,Jim Mooney,吉姆-姆奥奥恩埃伊
1629760,Matt Mooney,马特-姆奥奥恩埃伊
77632,Andre Moore,安德烈-摩尔
1628500,Ben Moore,本-摩尔
202734,E'Twaun Moore,埃特沃阿乌恩-摩尔
77634,Jackie Moore,杰阿克伊埃-摩尔
77633,Johnny Moore,约翰尼-摩尔
77635,Lowes Moore,尔奥沃埃斯-摩尔
1630,Mikki Moore,姆伊克克伊-摩尔
77636,Otto Moore,奥特特奥-摩尔
77637,Ron Moore,罗恩-摩尔
1631386,Taze Moore,特阿兹埃-摩尔
929,Tracy Moore,特尔阿克伊-摩尔
1631111,Wendell Moore Jr.,温德尔-姆奥奥尔埃 杰尔.
1631457,Alex Morales,阿莱士-姆奥尔阿莱斯
1629630,Ja Morant,贾-莫兰特
203961,Eric Moreland,埃里克-姆奥尔埃尔德
77639,Jackie Moreland,杰阿克伊埃-姆奥尔埃尔德
77640,Guy Morgan,格乌伊-姆奥尔格阿恩
1629752,Juwan Morgan,朱万-姆奥尔格阿恩
77641,Rex Morgan,尔埃克斯-姆奥尔格阿恩
77642,Elmo Morgenthaler,埃尔姆奥-姆奥尔格埃恩思阿尔埃尔
77644,Darren Morningstar,德阿尔尔埃恩-姆奥尔恩伊恩斯特阿尔
356,Chris Morris,克里斯-莫里斯
202721,Darius Morris,达里厄斯-莫里斯
77647,Isaiah Morris,以赛亚-莫里斯
1628537,Jaylen Morris,杰伦-莫里斯
202693,Markieff Morris,马基夫-莫里斯
77646,Max Morris,马克斯-莫里斯
1628420,Monte Morris,蒙特-莫里斯
201043,Randolph Morris,兰多夫-莫里斯
2242,Terence Morris,特埃恩克埃-莫里斯
202694,Marcus Morris Sr.,马库斯-姆奥尔里斯 斯尔.
200747,Adam Morrison,阿德阿姆-莫里森
77648,Dwight Morrison,德怀特-莫里森
77649,Mike Morrison,迈克-莫里森
201627,Anthony Morrow,安东尼-姆奥尔尔奥沃
132,Dwayne Morton,德韦恩-姆奥尔顿
1972,John Morton,约翰-姆奥尔顿
77652,Richard Morton,尔伊奇德-姆奥尔顿
77653,Glenn Mosley,格伦恩-姆奥斯利
77654,Perry Moss,佩里-姆奥斯斯
734,Lawrence Moten,尔阿沃尔埃恩克埃-姆奥特埃恩
202700,Donatas Motiejunas,德奥恩阿特阿斯-姆奥特伊埃杰乌恩阿斯
1628405,Johnathan Motley,乔纳森-姆奥特利
2069,Hanno Mottola,赫阿恩恩奥-姆奥特特奥尔阿
203102,Arnett Moultrie,阿尔恩特-姆奥乌尔特里埃
297,Alonzo Mourning,阿尔奥恩兹奥-莫宁
202389,Timofey Mozgov,季莫费-莫兹戈夫
77657,Chuck Mrazovich,查克-姆尔阿兹奥夫伊奇
1626144,Emmanuel Mudiay,埃姆曼乌埃尔-穆迪埃
77658,Erwin Mueller,埃尔沃伊恩-姆乌尔埃尔
203498,Shabazz Muhammad,沙巴兹-姆乌赫阿姆姆阿德
1628539,Mychal Mulder,迈克尔-姆乌尔德
77659,Joe Mullaney,乔-姆乌拉恩埃伊
77660,Bob Mullens,鲍勃-姆乌尔伦斯
201957,Byron Mullens,拜伦-姆乌尔伦斯
904,Chris Mullin,克里斯-穆林
77662,Jeff Mullins,杰夫-姆乌尔尔伊恩斯
942,Todd Mundt,托德-姆乌恩德特
204098,Xavier Munford,泽维尔-姆乌恩弗奥尔德
77664,Chris Munk,克里斯-姆乌恩克
77665,George Munroe,乔治-姆乌恩尔奥埃
785,Eric Murdock,埃里克-姆乌尔德奥克
49,Gheorghe Muresan,格奥尔基-姆乌尔埃斯阿恩
1630278,Ade Murkey,阿德埃-姆乌尔克埃伊
77668,Allen Murphy,艾伦-墨菲
77669,Calvin Murphy,克阿尔夫伊恩-墨菲
77672,Dick Murphy,迪克-墨菲
203513,Erik Murphy,埃尔伊克-墨菲
77670,Jay Murphy,杰伊-墨菲
77671,John Murphy,约翰-墨菲
203122,Kevin Murphy,凯文-墨菲
77673,Ronnie Murphy,罗尼-墨菲
77674,Tod Murphy,特奥德-墨菲
2211,Troy Murphy,特洛伊-墨菲
1630530,Trey Murphy III,特雷-姆乌尔普赫伊 伊伊伊
1627749,Dejounte Murray,德章泰-默里
2436,Flip Murray,弗尔伊普-默里
1627750,Jamal Murray,贾马尔-默里
1631099,Keegan Murray,克埃埃格阿恩-默里
77675,Ken Murray,肯-默里
1631200,Kris Murray,克里斯-默里
441,Lamond Murray,尔阿蒙德-默里
145,Tracy Murray,特尔阿克伊-默里
1642867,Collin Murray-Boyles,克奥尔尔伊恩-默里-布奥伊莱斯
77676,Dorie Murrey,德奥尔伊埃-姆乌尔尔埃伊
203315,Toure' Murry,特奥乌尔埃-姆乌尔尔伊
1629058,Dzanan Musa,扎南-姆乌斯阿
203488,Mike Muscala,迈克-姆乌斯克阿尔阿
77677,Angelo Musi,阿恩埃尔奥-姆乌斯伊
1054,Jerrod Mustaf,杰埃尔尔奥德-姆乌斯特阿弗
87,Dikembe Mutombo,迪肯贝-穆托姆博
982,Martin Muursepp,马丁-姆乌乌尔斯埃普普
939,Pete Myers,皮特-姆伊埃尔斯
1629004,Svi Mykhailiuk,斯维-姆伊克赫阿伊尔伊乌克
1823,Makhtar N'diaye,姆阿克赫特阿尔-恩'德伊阿伊埃
2055,Mamadou N'diaye,姆阿姆阿德奥乌-恩'德伊阿伊埃
77681,Bob Naber,鲍勃-恩阿布埃尔
77682,Boris Nachamkin,布奥里斯-恩阿奇阿姆克伊恩
2411,Bostjan Nachbar,布奥斯特杰阿恩-恩阿奇布阿尔
1627846,Abdel Nader,阿布德埃尔-恩阿德
77683,Jerry Nagel,杰里-恩阿格埃尔
77684,Fred Nagy,弗雷德-恩阿格伊
1924,Lee Nailon,李-恩阿伊尔奥恩
2059,Eduardo Najera,埃德乌德奥-恩阿杰埃尔阿
77685,Larry Nance,拉里-恩阿恩克埃
1631250,Pete Nance,皮特-恩阿恩克埃
1626204,Larry Nance Jr.,拉里-恩阿恩克埃 杰尔.
203894,Shabazz Napier,沙巴兹-恩阿普伊埃尔
77686,Paul Napolitano,保罗-恩阿普奥尔伊特阿恩奥
77688,Bob Nash,鲍勃-纳什
77687,Charles Nash,查尔斯-纳什
959,Steve Nash,史蒂夫-纳什
77689,Swen Nater,斯沃埃恩-恩阿特
77690,Howard Nathan,霍华德-恩阿思阿恩
77691,Calvin Natt,克阿尔夫伊恩-恩阿特特
77692,Kenny Natt,肯尼-恩阿特特
77693,Willie Naulls,沃伊尔尔伊埃-恩阿乌尔尔斯
2434,Juan Carlos Navarro,胡安-克阿尔尔奥斯 恩阿夫阿尔尔奥
202380,Hamady Ndiaye,赫阿姆阿德伊-恩德伊阿伊埃
101238,Boniface Ndong,布奥恩伊弗阿克埃-恩德奥恩
1626254,Maurice Ndour,莫里斯-恩德奥乌尔
77694,Craig Neal,克雷格-尼尔
202390,Gary Neal,加里-尼尔
77695,Jim Neal,吉姆-尼尔
77696,Lloyd Neal,劳埃德-尼尔
77697,Ed Nealy,埃德-恩埃阿尔伊
203517,Nemanja Nedovic,恩埃曼杰阿-恩埃德奥夫伊克
77698,Al Negratti,阿尔-恩埃格尔阿特特伊
77699,Barry Nelson,巴里-尼尔森
201634,DeMarcus Nelson,德埃姆阿尔克乌斯-尼尔森
77700,Don Nelson,唐-尼尔森
1641761,Grant Nelson,格兰特-尼尔森
2749,Jameer Nelson,杰阿姆埃埃尔-尼尔森
77701,Louie Nelson,路易-尼尔森
1629614,Andrew Nembhard,安德鲁-恩埃姆布赫德
1129,Ruben Nembhard,尔乌布埃恩-恩埃姆布赫德
1642948,Ryan Nembhard,瑞安-恩埃姆布赫德
1630612,Ruben Nembhard Jr.,尔乌布埃恩-恩埃姆布赫德 杰尔.
1838,Tyrone Nesby,特伊尔奥恩埃-恩埃斯布伊
1630174,Aaron Nesmith,阿龙-内史密斯
77704,Martin Nessley,马丁-恩埃斯斯利
1725,Rasho Nesterovic,尔阿什奥-恩埃斯特奥夫伊克
203526,Raul Neto,劳尔-恩埃特奥
77705,Johnny Neumann,约翰尼-恩埃乌曼恩
77706,Paul Neumann,保罗-恩埃乌曼恩
77707,Chuck Nevitt,查克-恩埃夫伊特特
1116,Melvin Newbern,梅尔文-恩埃沃布埃尔恩
1096,Ivano Newbill,伊夫阿恩奥-恩埃沃布伊尔尔
1956,Ira Newble,伊尔阿-恩埃沃布尔埃
1642854,Asa Newell,阿斯阿-恩埃沃尔
77710,Mike Newlin,迈克-恩埃沃尔伊恩
271,Johnny Newman,约翰尼-恩埃沃曼
1629005,Malik Newman,马利克-恩埃沃曼
77712,Dave Newmark,戴夫-恩埃沃姆阿尔克
1641803,Tristen Newton,特里斯特埃恩-恩埃沃顿
1627777,Georges Niang,乔治斯-恩伊阿恩
201193,Demetris Nichols,德埃姆埃特里斯-恩伊奇奥尔斯
77713,Jack Nichols,杰克-恩伊奇奥尔斯
203094,Andrew Nicholson,安德鲁-恩伊奇奥尔森
1093,Gaylon Nickerson,格阿伊尔奥恩-恩克埃尔森
77715,Carl Nicks,克阿尔尔-恩克斯
1642949,Yanic Konan Niederhäuser,伊阿恩伊克-克奥恩阿恩 恩伊埃德赫ä乌斯埃尔
77716,Rich Niemann,里奇-恩伊埃曼恩
77717,John Niemiera,约翰-恩伊埃姆伊埃尔阿
77718,Mike Niles,迈克-恩伊莱斯
77719,Kurt Nimphius,库尔特-恩伊姆普赫伊乌斯
1630227,Daishen Nix,德阿伊什埃恩-恩伊克斯
77720,Dyron Nix,德伊尔奥恩-恩伊克斯
77721,Norm Nixon,恩奥尔姆-恩伊克斯奥恩
1630192,Zeke Nnaji,兹埃克埃-纳杰伊
201149,Joakim Noah,乔金-诺厄
77722,Chuck Noble,查克-恩奥布尔埃
2804,Andres Nocioni,德尔埃斯-恩奥克伊奥恩伊
200786,David Noel,戴维-诺埃尔
203457,Nerlens Noel,诺伦斯-诺埃尔
77723,Paul Noel,保罗-诺埃尔
203512,Lucas Nogueira,尔乌克阿斯-恩奥格乌埃伊尔阿
77724,Jim Nolan,吉姆-恩奥尔阿恩
77725,Paul Nolen,保罗-恩奥伦
999,Jeff Nordgaard,杰夫-恩奥尔德格阿德
77727,Robert Nordmann,罗伯特-恩奥尔德曼恩
77728,Johnny Norlander,约翰尼-恩奥尔尔德埃尔
77729,Connie Norman,克奥恩恩伊埃-诺曼
80,Ken Norman,肯-诺曼
77731,Audie Norris,阿乌德伊埃-诺里斯
1641936,Miles Norris,迈尔斯-诺里斯
983,Moochie Norris,姆奥奥奇伊埃-诺里斯
77732,Sylvester Norris,斯伊尔夫埃斯特-诺里斯
1629668,Zach Norvell Jr.,扎克-恩奥尔夫尔 杰尔.
77733,Willie Norwood,沃伊尔尔伊埃-恩奥尔沃奥奥德
77734,George Nostrand,乔治-恩奥斯特尔德
77735,Stan Noszka,斯坦-恩奥斯兹克阿
77736,Mike Novak,迈克-恩奥夫阿克
200779,Steve Novak,史蒂夫-恩奥夫阿克
1629669,Jaylen Nowell,杰伦-恩奥沃尔
1641806,Markquis Nowell,姆阿尔克奎斯-恩奥沃尔
77737,Mel Nowell,梅尔-恩奥沃尔
1717,Dirk Nowitzki,德克-诺维茨基
1628373,Frank Ntilikina,弗兰克-尼利基纳
1629134,Kendrick Nunn,克埃恩德尔克-恩乌恩恩
203263,James Nunnally,詹姆斯-恩乌纳尔尔伊
203994,Jusuf Nurkić,优素福-恩乌尔克伊ć
77738,Dennis Nutt,丹尼斯-恩乌特特
1628021,David Nwaba,戴维-恩沃阿布阿
1629670,Jordan Nwora,乔丹-恩沃奥尔阿
1022,Julius Nwosu,朱利叶斯-恩沃奥斯乌
1525,Charles O'Bannon,查尔斯-奥布阿恩恩奥恩
709,Ed O'Bannon,埃德-奥布阿恩恩奥恩
77742,John O'Boyle,约翰-奥布奥伊尔埃
77744,Bob O'Brien,鲍勃-奥布尔伊埃恩
77743,Buckshot O'Brien,布乌克什奥特-奥布尔伊埃恩
1626266,JJ O'Brien,杰杰-奥布尔伊埃恩
200753,Patrick O'Bryant,帕特里克-奥布莱恩特
203948,Johnny O'Bryant III,约翰尼-奥布尔伊阿恩特 伊伊伊
77745,Dermie O'Connell,德姆伊埃-奥克奥恩恩尔
77746,Andy O'Donnell,安迪-奥德奥恩恩尔
77750,Francis O'Grady,弗朗西斯-奥格尔阿德伊
77752,Dick O'Keefe,迪克-奥克埃埃弗埃
77753,Tommy O'Keefe,汤米-奥克埃埃弗埃
77754,Mike O'Koren,迈克-奥克奥尔埃恩
77766,Grady O'Malley,格尔阿德伊-奥姆阿尔利
979,Jermaine O'Neal,杰埃尔姆阿伊恩埃-奥尼尔
406,Shaquille O'Neal,沙奎尔-奥尼尔
1626220,Royce O'Neale,罗伊斯-奥恩埃阿尔埃
77767,Mike O'Neill,迈克-奥恩埃伊尔尔
203124,Kyle O'Quinn,凯尔-奥奎恩恩
77773,Kevin O'Shea,凯文-奥谢
77774,Garland O'Shields,加兰-奥什伊尔德斯
77776,Dan O'Sullivan,丹-奥斯乌尔尔伊夫阿恩
891,Charles Oakley,查尔斯-奥阿克利
101177,Fabricio Oberto,法布里西奥-奥布特奥
1627849,Daniel Ochefu,丹尼尔-奥奇埃弗乌
201141,Greg Oden,格雷格-奥德埃恩
1885,Lamar Odom,拉马尔-奥德奥姆
1642490,Josh Oduro,约什-奥德乌尔奥
77747,Carlos Ogden,卡洛斯-奥格德埃恩
77748,Ralph Ogden,拉尔夫-奥格德埃恩
1628,Alan Ogg,阿尔阿恩-奥格格
77751,Don Ohl,唐-奥赫尔
203317,Tim Ohlbrecht,蒂姆-奥赫尔布尔埃奇特
1628400,Semi Ojeleye,斯埃姆伊-奥杰埃利埃
2731,Emeka Okafor,埃姆埃克阿-奥卡福
1626143,Jahlil Okafor,贾尔伊尔-奥卡福
1643253,Toby Okani,特奥布伊-奥克阿恩伊
1629643,Chuma Okeke,奇乌姆阿-奥克埃克埃
1629059,Elie Okobo,埃尔伊埃-奥克奥布奥
1629006,Josh Okogie,约什-奥克奥格伊埃
1630168,Onyeka Okongwu,奥恩伊埃克阿-奥克奥恩沃乌
1630171,Isaac Okoro,艾萨克-奥克奥尔奥
1629644,KZ Okpala,KZ-奥克普阿尔阿
2246,Mehmet Okur,穆罕默德-奥克乌尔
203506,Victor Oladipo,维克托-奥拉迪波
165,Hakeem Olajuwon,哈基姆-奥拉朱旺
77756,Mark Olberding,马克-奥尔布埃尔德伊恩
1642950,Lachlan Olbrich,尔阿奇尔阿恩-奥尔布尔伊奇
77757,Jawann Oldham,杰阿沃阿恩恩-奥尔德赫阿姆
77758,Johnny Oldham,约翰尼-奥尔德赫阿姆
77759,Frank Oleynick,弗兰克-奥利恩克
1642439,Quincy Olivari,昆西-奥尔伊夫阿尔伊
77760,John Olive,约翰-奥尔伊夫埃
1680,Brian Oliver,布赖恩-奥尔伊夫埃尔
1628419,Cameron Oliver,卡梅伦-奥尔伊夫埃尔
2352,Dean Oliver,迪安-奥尔伊夫埃尔
1429,Jimmy Oliver,吉米-奥尔伊夫埃尔
1563,Kevin Ollie,凯文-奥尔尔伊埃
77764,Gene Ollrich,格埃恩埃-奥尔尔尔伊奇
1709,Michael Olowokandi,迈克尔-奥尔奥沃奥克德伊
77765,Enoch Olsen,埃恩奥奇-奥尔斯埃恩
203482,Kelly Olynyk,克尔伊-奥利尼克
1641807,Norchad Omier,恩奥尔奇阿德-奥姆伊埃尔
1630647,Eugene Omoruyi,尤金-奥姆奥尔乌伊伊
1629671,Miye Oni,姆伊伊埃-奥恩伊
202620,Arinze Onuaku,阿尔伊恩兹埃-奥恩乌阿克乌
1627778,Chinanu Onuaku,奇伊恩阿恩乌-奥恩乌阿克乌
77768,Barry Orms,巴里-奥尔姆斯
77769,Johnny Orr,约翰尼-奥尔尔
77770,Louis Orr,尔奥乌伊斯-奥尔尔
77771,Jose Ortiz,何塞-奥尔特伊兹
202350,Daniel Orton,丹尼尔-奥尔顿
77772,Chuck Osborne,查克-奥斯布奥尔恩埃
1626224,Cedi Osman,克埃德伊-奥斯曼
77775,Wally Osterkorn,沃阿尔尔伊-奥斯特克奥尔恩
731,Greg Ostertag,格雷格-奥斯特特阿格
77777,Matt Othick,马特-奥思克
77778,Don Otten,唐-奥特恩
77779,Mac Otten,姆阿克-奥特恩
1630187,Daniel Oturu,丹尼尔-奥特乌尔乌
1626162,Kelly Oubre Jr.,克尔伊-奥乌布尔埃 杰尔.
448,Bo Outlaw,布奥-奥乌特尔阿沃
2566,Travis Outlaw,特尔阿夫伊斯-奥乌特尔阿沃
77780,Claude Overton,克尔阿乌德埃-奥夫特奥恩
77,Doug Overton,德奥乌格-奥夫特奥恩
101261,Andre Owens,安德烈-欧文斯
182,Billy Owens,布伊尔尔伊-欧文斯
2442,Chris Owens,克里斯-欧文斯
77782,Eddie Owens,埃迪-欧文斯
77783,James Owens,詹姆斯-欧文斯
77784,Jim Owens,吉姆-欧文斯
77785,Keith Owens,基思-欧文斯
202082,Larry Owens,拉里-欧文斯
1629745,Tariq Owens,塔里克-欧文斯
77786,Tom Owens,汤姆-欧文斯
1077,Ray Owes,雷-奥沃埃斯
2071,Olumide Oyedeji,奥尔乌姆伊德埃-奥伊埃德埃杰伊
77788,Joe Pace,乔-普阿克埃
2585,Zaza Pachulia,兹阿兹阿-普阿奇乌尔伊阿
123,Robert Pack,罗伯特-普阿克
77789,Gerald Paddio,杰拉德-普阿德德伊奥
1909,Scott Padgett,斯科特-普阿德格特
1629873,Jaysean Paige,杰阿伊斯埃阿恩-普阿伊格埃
1627779,Marcus Paige,马库斯-普阿伊格埃
77790,Fred Paine,弗雷德-普阿伊恩埃
1960,Milt Palacio,姆伊尔特-普阿尔阿克伊奥
77791,Togo Palazzi,特奥格奥-普阿尔阿兹兹伊
77792,Jim Palmer,吉姆-普阿尔姆埃尔
77793,John Palmer,约翰-普阿尔姆埃尔
1629309,Trayvon Palmer,特尔阿伊夫奥恩-普阿尔姆埃尔
77794,Walter Palmer,沃阿尔特-普阿尔姆埃尔
1630698,Kevin Pangos,凯文-普阿恩奥斯
1950,Andy Panko,安迪-普阿恩克奥
1627834,Georgios Papagiannis,乔治奥斯-普阿普阿格伊阿恩恩伊斯
203123,Kostas Papanikolaou,科斯塔斯-普阿普阿恩伊克奥尔阿奥乌
2457,Jannero Pargo,杰阿恩纳奥-普阿尔格奥
202951,Jeremy Pargo,杰里米-普阿尔格奥
77797,Estes Parham,埃斯特埃斯-普阿尔赫阿姆
305,Robert Parish,罗伯特-普阿里斯赫
77799,Medford Park,姆埃德弗奥尔德-普阿尔克
1515,Anthony Parker,安东尼-帕克
203953,Jabari Parker,贾巴里-帕克
2470,Smush Parker,斯姆乌什-帕克
77800,Sonny Parker,森恩伊-帕克
2225,Tony Parker,托尼-帕克
77801,Jack Parkinson,杰克-普阿尔克伊恩森
685,Cherokee Parks,奇埃尔奥克埃埃-普阿尔克斯
77802,Jack Parr,杰克-普阿尔尔
77803,Doyle Parrack,德奥伊尔埃-普阿尔尔阿克
77804,Charlie Parsley,奇阿尔尔伊埃-普阿尔斯利
202718,Chandler Parsons,钱德勒-普阿尔森斯
1629672,Eric Paschall,埃里克-普阿斯奇阿尔尔
1628394,Anžejs Pasečņiks,阿恩ž埃杰斯-普阿斯埃čņ伊克斯
1097,Zarko Paspalj,兹阿尔克奥-普阿斯普阿尔杰
77806,Marty Passaglia,姆阿尔特伊-普阿斯斯阿格尔伊阿
77807,George A. Pastushok,乔治-阿. 普阿斯特斯赫奥克
77808,Myles Patrick,迈尔斯-帕特里克
77809,Stan Patrick,斯坦-帕特里克
1754,Andrae Patterson,德尔阿埃-帕特森
77811,George Patterson,乔治-帕特森
203934,Lamar Patterson,拉马尔-帕特森
202335,Patrick Patterson,帕特里克-帕特森
1739,Ruben Patterson,尔乌布埃恩-帕特森
77812,Steve Patterson,史蒂夫-帕特森
77813,Tommy Patterson,汤米-帕特森
77814,Worthy Patterson,沃西-帕特森
1628383,Justin Patton,贾斯廷-普阿特顿
203464,Brandon Paul,布兰登-保罗
101108,Chris Paul,克里斯-保罗
77815,Charlie Paulk,奇阿尔尔伊埃-普阿乌尔克
77816,Jerry Paulson,杰里-普阿乌尔森
77817,Billy Paultz,布伊尔尔伊-普阿乌尔特兹
2562,Sasha Pavlovic,斯阿什阿-普阿夫尔奥夫伊克
77818,Jim Paxson,吉姆-普阿克斯森
77819,Jim Paxson,吉姆-普阿克斯森
77820,John Paxson,约翰-普阿克斯森
77821,Johnny Payak,约翰尼-普阿伊阿克
203940,Adreian Payne,阿德尔埃伊阿恩-佩恩
1626166,Cameron Payne,卡梅伦-佩恩
77822,Kenny Payne,肯尼-佩恩
77823,Tom Payne,汤姆-佩恩
203901,Elfrid Payton,埃尔弗里德-佩顿
56,Gary Payton,加里-佩顿
77824,Mel Payton,梅尔-佩顿
1627780,Gary Payton II,加里-普阿伊顿 伊伊
77825,George Pearcy,乔治-普埃阿尔克伊
77826,Henry Pearcy,亨利-普埃阿尔克伊
1642877,Micah Peavy,姆伊克阿赫-普埃阿夫伊
200762,Oleksiy Pecherov,奥尔埃克斯伊伊-普埃奇埃尔奥夫
77827,Wiley Peck,沃伊利-普埃克
1642951,Sean Pedulla,肖恩-普埃德乌拉
324,Anthony Peeler,安东尼-普埃埃尔埃尔
201593,Nikola Pekovic,尼科拉-佩科维奇
77828,Jake Pelkington,杰克-普埃尔克伊恩顿
203658,Norvel Pelle,恩奥尔夫埃尔-普尔埃
77829,Sam Pellom,萨姆-普尔奥姆
2130,Mike Penberthy,迈克-普埃恩布特赫伊
1642869,Noah Penda,诺厄-普埃恩德阿
2667,Desmond Penigar,戴斯蒙德-普埃恩伊格阿尔
2632,Kirk Penney,柯克-普埃恩恩埃伊
46,Mike Peplowski,迈克-普埃普尔奥沃斯克伊
781,Will Perdue,威尔-普埃尔德乌埃
1641970,Maozinha Pereira,姆阿奥兹伊恩赫阿-普埃尔埃伊尔阿
2570,Kendrick Perkins,克埃恩德尔克-珀金斯
64,Sam Perkins,萨姆-珀金斯
77834,Warren Perkins,沃伦-珀金斯
200785,Kosta Perovic,克奥斯特阿-普埃尔奥夫伊克
1628506,London Perrantes,尔奥恩德奥恩-普埃尔尔阿恩特埃斯
77835,Curtis Perry,柯蒂斯-佩里
386,Elliot Perry,尔伊奥特-佩里
1629617,Reggie Perry,雷吉-佩里
897,Tim Perry,蒂姆-佩里
456,Chuck Person,查克-普埃尔森
445,Wesley Person,韦斯利-普埃尔森
1643007,Taelon Peter,特阿埃尔奥恩-普埃特
1628409,Alec Peters,亚历克-普埃特斯
77839,Jim Petersen,吉姆-普埃特斯埃恩
77840,Loy Petersen,尔奥伊-普埃特斯埃恩
77843,Bob Peterson,鲍勃-普埃特森
1641809,Drew Peterson,德鲁-普埃特森
77841,Ed Peterson,埃德-普埃特森
77842,Mel Peterson,梅尔-普埃特森
2050,Morris Peterson,莫里斯-普埃特森
77844,Geoff Petrie,格埃奥弗弗-普埃特里埃
101130,Johan Petro,约阿恩-普埃特罗
77845,Drazen Petrovic,德拉任-普埃特罗夫伊克
1630196,Filip Petrusev,弗伊尔伊普-普埃特鲁斯埃夫
77846,Richard Petruska,尔伊奇德-普埃特鲁斯克阿
77847,Bob Pettit,鲍勃-普特伊特
77848,Roger Phegley,尔奥格埃尔-普赫埃格利
77850,Jack Phelan,杰克-普赫埃尔阿恩
77849,Jim Phelan,吉姆-普赫埃尔阿恩
74,Derrick Phelps,德里克-普赫埃尔普斯
77852,Mike Phelps,迈克-普赫埃尔普斯
77853,Andy Phillip,安迪-普赫伊尔尔伊普
1629341,Tarik Phillip,特阿尔伊克-普赫伊尔尔伊普
77854,Eddie Phillips,埃迪-菲利普斯
77855,Gary Phillips,加里-菲利普斯
1641763,Julian Phillips,朱利安-菲利普斯
184,Bobby Phills,博比-普赫伊尔尔斯
15,Eric Piatkowski,埃里克-普伊阿特克奥沃斯克伊
1629618,Jalen Pickett,杰伦-普克特
1630691,Jamorko Pickett,杰阿姆奥尔克奥-普克特
1718,Paul Pierce,保罗-皮尔斯
894,Ricky Pierce,里基-皮尔斯
77858,Stan Pietkiewicz,斯坦-普伊埃特克伊埃沃伊克兹
2554,Mickael Pietrus,姆克阿埃尔-普伊埃特鲁斯
77859,John Pilch,约翰-普伊尔奇
291,Ed Pinckney,埃德-普伊恩克恩埃伊
200838,Kevinn Pinkney,克埃夫伊恩恩-普伊恩克恩埃伊
77861,John Pinone,约翰-普伊恩奥恩埃
1629033,Theo Pinson,思埃奥-普伊恩森
77862,Dave Piontek,戴夫-普伊奥恩特埃克
77863,Tom Piotrowski,汤姆-普伊奥特罗沃斯克伊
937,Scottie Pippen,斯科蒂-皮蓬
1630590,Scotty Pippen Jr.,斯克奥特特伊-普伊普恩 杰尔.
77864,Charlie Pittman,奇阿尔尔伊埃-普伊特特曼
202354,Dexter Pittman,德埃克斯特-普伊特特曼
2565,Zoran Planinic,兹奥尔阿恩-普尔阿恩伊恩伊克
202353,Tibor Pleiss,特伊布奥尔-普尔埃伊斯斯
1631342,Daeqwon Plowden,德阿埃克沃奥恩-普尔奥沃德埃恩
1627850,Marshall Plumlee,马歇尔-普尔乌姆尔埃埃
203486,Mason Plumlee,梅森-普尔乌姆尔埃埃
203101,Miles Plumlee,迈尔斯-普尔乌姆尔埃埃
77865,Gary Plummer,加里-普尔乌姆姆埃尔
2750,Pavel Podkolzin,普阿夫埃尔-普奥德克奥尔兹伊恩
1641764,Brandin Podziemski,布尔德伊恩-普奥德兹伊埃姆斯克伊
1627751,Jakob Poeltl,雅各布-普奥埃尔特尔
1629738,Vincent Poirier,文森特-普奥伊尔伊埃尔
1630197,Aleksej Pokusevski,阿尔埃克斯埃杰-普奥克乌斯埃夫斯克伊
77866,Dwayne Polee,德韦恩-普奥尔埃埃
77867,Jim Pollard,吉姆-普奥拉尔德
1513,Scot Pollard,斯克奥特-普奥拉尔德
77868,Ralph Polson,拉尔夫-普奥尔森
178,Olden Polynice,奥尔德埃恩-普奥尔伊恩伊克埃
77869,Cliff Pondexter,克尔伊弗弗-普奥恩德埃克斯特
202347,Quincy Pondexter,昆西-普奥恩德埃克斯特
1629044,Shamorie Ponds,什阿姆奥尔伊埃-普奥恩德斯
1630582,Yves Pons,伊夫埃斯-普奥恩斯
1629673,Jordan Poole,乔丹-普尔
77870,David Pope,戴维-普奥普埃
998,Mark Pope,马克-普奥普埃
77872,Dave Popson,戴夫-普奥普森
77873,Ben Poquette,本-普奥克乌特埃
2084,Chris Porter,克里斯-波特
77875,Howard Porter,霍华德-波特
1629007,Jontay Porter,杰奥恩特阿伊-波特
77876,Kevin Porter,凯文-波特
345,Terry Porter,特里-波特
1641854,Craig Porter Jr.,克雷格-普奥尔特 杰尔.
1629645,Kevin Porter Jr.,凯文-普奥尔特 杰尔.
1629008,Michael Porter Jr.,迈克尔-普奥尔特 杰尔.
203490,Otto Porter Jr.,奥特特奥-普奥尔特 杰尔.
1626171,Bobby Portis,博比-波蒂斯
77878,Bob Portman,鲍勃-普奥尔特曼
204001,Kristaps Porziņģis,克里斯特阿普斯-普奥尔兹伊ņģ伊斯
1899,James Posey,詹姆斯-普奥斯埃伊
1642366,Quinten Post,奎恩特埃恩-普奥斯特
2068,Lavor Postell,尔阿夫奥尔-普奥斯特尔
958,Vitaly Potapenko,夫伊特阿尔伊-普奥特阿普埃恩克奥
1630695,Micah Potter,姆伊克阿赫-普奥特尔
1642967,John Poulakidas,约翰-普奥乌尔阿克伊德阿斯
200796,Leon Powe,利昂-普奥沃埃
1642962,Drake Powell,德拉克埃-鲍威尔
203939,Dwight Powell,德怀特-鲍威尔
2694,Josh Powell,约什-鲍威尔
2867,Kasib Powell,克阿斯伊布-鲍威尔
1629619,Myles Powell,迈尔斯-鲍威尔
1626181,Norman Powell,诺曼-鲍威尔
101232,Roger Powell,尔奥格埃尔-鲍威尔
1627816,Alex Poythress,阿莱士-普奥伊思尔埃斯斯
77879,Paul Pressey,保罗-普尔埃斯伊
203515,Phil Pressey,菲尔-普尔埃斯伊
77880,Dominic Pressley,德奥姆伊恩伊克-普尔埃斯斯利
77881,Harold Pressley,哈罗德-普尔埃斯斯利
1630554,Jason Preston,贾森-普尔埃斯顿
201985,AJ Price,阿杰-普莱斯
85,Brent Price,布尔埃恩特-普莱斯
77883,Jim Price,吉姆-普莱斯
899,Mark Price,马克-普莱斯
77884,Mike Price,迈克-普莱斯
101179,Ronnie Price,罗尼-普莱斯
77882,Tony Price,托尼-普莱斯
77886,Bob Priddy,鲍勃-普尔伊德德伊
203143,Pablo Prigioni,巴勃罗-普尔伊格伊奥恩伊
1630563,Joshua Primo,乔舒亚-普尔伊姆奥
1627752,Taurean Prince,特阿乌尔埃阿恩-普林斯
2419,Tayshaun Prince,特阿伊什阿乌恩-普林斯
77887,John Pritchard,约翰-普里查德
340,Kevin Pritchard,凯文-普里查德
1630202,Payton Pritchard,佩顿-普里查德
1642878,Tyrese Proctor,泰雷斯-普尔奥克特奥尔
1919,Laron Profit,尔阿尔奥恩-普尔奥弗伊特
1641765,Olivier-Maxence Prosper,奥尔伊夫伊埃尔-姆阿克斯埃恩克埃-普尔奥斯普埃尔
201172,Gabe Pruitt,格阿布埃-普尔乌伊特特
2038,Joel Przybilla,乔尔-普尔兹伊布伊拉
77888,Les Pugh,莱斯-普乌格赫
77889,Roy Pugh,罗伊-普乌格赫
77890,Anthony Pullard,安东尼-普乌拉尔德
1626643,Jacob Pullen,雅各布-普乌尔伦
1642389,Zyon Pullin,兹伊奥恩-普乌尔尔伊恩
1628681,Rodney Purvis,罗德尼-普乌尔夫伊斯
77891,Don Putman,唐-普乌特曼
1627753,Zhou Qi,兹赫奥乌-克伊
1627817,Tim Quarterman,蒂姆-夸尔特曼
1642852,Derik Queen,德伊克-克乌埃埃恩
1630243,Trevelin Queen,特雷夫埃尔伊恩-克乌埃埃恩
1629674,Neemias Queta,恩埃埃姆伊阿斯-克乌埃特阿
77892,Bob Quick,鲍勃-奎克
1630193,Immanuel Quickley,伊姆曼乌埃尔-奎克利
200809,Chris Quinn,克里斯-奎恩恩
77893,Brian Quinnett,布赖恩-奎恩恩特
1631311,Lester Quinones,莱斯特-奎恩奥恩埃斯
1628397,Ivan Rabb,伊万-尔阿布布
77894,Luke Rackley,卢克-尔阿克利
77895,Howie Rader,赫奥沃伊埃-尔阿德
77896,Mark Radford,马克-尔阿德弗奥尔德
77897,Wayne Radford,韦恩-尔阿德弗奥尔德
129,Dino Radja,德伊恩奥-尔阿德杰阿
2209,Vladimir Radmanovic,夫尔阿德伊姆伊尔-尔阿德曼奥夫伊克
1893,Aleksandar Radojevic,阿尔埃克斯德阿尔-尔阿德奥杰埃夫伊克
77899,Frank Radovich,弗兰克-尔阿德奥夫伊奇
77900,Moe Radovich,莫-尔阿德奥夫伊奇
203545,Miroslav Raduljica,姆伊尔奥斯尔阿夫-尔阿德乌尔杰伊克阿
77901,Ray Radziszewski,雷-尔阿德兹伊斯兹埃沃斯克伊
77902,Ray Ragelis,雷-尔阿格埃尔伊斯
77903,Sherwin Raiken,什埃尔沃伊恩-尔阿伊克埃恩
77904,Ed Rains,埃德-尔阿伊恩斯
2080,Igor Rakocevic,伊格奥尔-尔阿克奥克埃夫伊克
77905,Kurt Rambis,库尔特-尔阿姆布伊斯
2762,Peter John Ramos,普埃特-约恩 尔阿姆奥斯
77906,Cal Ramsey,卡尔-尔阿姆斯埃伊
77907,Frank Ramsey,弗兰克-尔阿姆斯埃伊
1630186,Jahmi'us Ramsey,贾姆伊乌斯-尔阿姆斯埃伊
77908,Ray Ramsey,雷-尔阿姆斯埃伊
1821,Mark Randall,马克-尔德阿尔尔
1626184,Chasson Randle,奇阿斯森-兰德尔
203944,Julius Randle,朱利叶斯-兰德尔
201576,Anthony Randolph,安东尼-兰多夫
101183,Shavlik Randolph,什阿夫尔伊克-兰多夫
2216,Zach Randolph,扎克-兰多夫
77910,Wally Rank,沃阿尔尔伊-尔阿恩克
77911,Kelvin Ransey,克埃尔夫伊恩-尔阿恩斯埃伊
77912,Sam Ranzino,萨姆-尔阿恩兹伊恩奥
78656,Blair Rasmussen,布莱尔-尔阿斯姆乌斯恩
1628504,Xavier Rathan-Mayes,泽维尔-尔阿思阿恩-姆阿伊埃斯
77913,George Ratkovicz,乔治-尔阿特克奥夫伊克兹
77914,Ed Ratleff,埃德-尔阿特尔埃弗弗
77915,Mike Ratliff,迈克-尔阿特尔伊弗弗
689,Theo Ratliff,思埃奥-尔阿特尔伊弗弗
202360,Andy Rautins,安迪-尔阿乌特伊恩斯
77916,Leo Rautins,尔埃奥-尔阿乌特伊恩斯
200810,Allan Ray,阿拉恩-雷
77917,Clifford Ray,克尔伊弗弗奥尔德-雷
77918,Don Ray,唐-雷
77920,Jamesearl Ray,杰阿姆埃斯埃阿尔尔-雷
77919,Jim Ray,吉姆-雷
77921,Craig Raymond,克雷格-尔阿伊蒙德
1642875,Maxime Raynaud,姆阿克斯伊姆埃-尔阿伊恩阿乌德
77922,Connie Rea,克奥恩恩伊埃-尔埃阿
1641871,Duop Reath,德乌奥普-尔埃阿思
1630559,Austin Reaves,奥斯汀-尔埃阿夫埃斯
77923,Joe Reaves,乔-尔埃阿夫埃斯
1629729,Josh Reaves,约什-尔埃阿夫埃斯
1442,Zeljko Rebraca,兹埃尔杰克奥-尔埃布尔阿克阿
695,Eldridge Recasner,埃尔德尔伊德格埃-尔埃克阿斯纳
2072,Michael Redd,迈克尔-尔埃德德
1629629,Cam Reddish,克阿姆-尔埃德德伊什
77925,Frank Reddout,弗兰克-尔埃德德奥乌特
200755,JJ Redick,杰杰-雷迪克
77926,Marlon Redmond,姆阿尔尔奥恩-尔埃德蒙德
1628432,Davon Reed,德阿夫奥恩-里德
77927,Hub Reed,赫乌布-里德
2770,Justin Reed,贾斯廷-里德
1630194,Paul Reed,保罗-里德
77928,Ron Reed,罗恩-里德
203186,Willie Reed,沃伊尔尔伊埃-里德
77929,Willis Reed,威利斯-里德
1642024,Alex Reese,阿莱士-尔埃埃斯埃
1642882,Julian Reese,朱利安-尔埃埃斯埃
1641810,Antonio Reeves,安东尼奥-里夫斯
735,Bryant Reeves,布莱恩特-里夫斯
234,Khalid Reeves,克赫阿尔伊德-里夫斯
77932,Richie Regan,尔伊奇伊埃-尔埃格阿恩
77933,Don Rehfeldt,唐-尔埃赫弗埃尔德特
77937,Billy Reid,布伊尔尔伊-尔埃伊德
690,Don Reid,唐-尔埃伊德
462,J.R. Reid,杰.尔.-尔埃伊德
77935,Jim Reid,吉姆-尔埃伊德
1629675,Naz Reid,恩阿兹-尔埃伊德
77936,Robert Reid,罗伯特-尔埃伊德
202385,Ryan Reid,瑞安-尔埃伊德
2876,Jared Reiner,贾里德-尔埃伊纳
77938,Joseph Reiser,约瑟夫-尔埃伊斯埃尔
77939,Richard Rellford,尔伊奇德-尔尔弗奥尔德
720,Terrence Rencher,特尔埃恩克埃-尔埃恩奇埃尔
77941,John Rennicke,约翰-尔埃恩恩克埃
77942,Rob Rensberger,尔奥布-尔埃恩斯布埃尔格埃尔
981,Efthimios Rentzias,埃弗思伊姆伊奥斯-尔埃恩特兹伊阿斯
704,Shawn Respert,肖恩-尔埃斯普特
77944,Kevin Restani,凯文-尔埃斯特阿恩伊
1629244,Cam Reynolds,克阿姆-雷诺兹
77945,George Reynolds,乔治-雷诺兹
77946,Jerry Reynolds,杰里-雷诺兹
1631197,Jared Rhoden,贾里德-尔赫奥德埃恩
77947,Gene Rhodes,格埃恩埃-尔赫奥德埃斯
1518,Rodrick Rhodes,尔奥德尔克-尔赫奥德埃斯
779,Glen Rice,格伦-赖斯
203318,Glen Rice,格伦-赖斯
201181,Chris Richard,克里斯-尔伊奇德
1642954,Will Richard,威尔-尔伊奇德
1630208,Nick Richards,尼克-理查兹
77950,Clint Richardson,克林特-理查德森
1642859,Jase Richardson,杰阿斯埃-理查德森
2202,Jason Richardson,贾森-理查德森
200978,Jeremy Richardson,杰里米-理查德森
1626196,Josh Richardson,约什-理查德森
1627781,Malachi Richardson,玛拉基-理查德森
77952,Micheal Ray Richardson,姆伊奇埃阿尔-尔阿伊 尔伊奇德森
2369,Norman Richardson,诺曼-理查德森
71,Pooh Richardson,普奥奥赫-理查德森
2047,Quentin Richardson,昆廷-理查德森
1642955,Kadary Richmond,克阿德阿尔伊-里奇蒙德
782,Mitch Richmond,姆伊特奇-里奇蒙德
77954,John Richter,约翰-尔伊奇特
77955,Dick Ricketts,迪克-尔克特斯
375,Isaiah Rider,以赛亚-尔伊德
77957,Jackie Ridgle,杰阿克伊埃-尔伊德格尔埃
2557,Luke Ridnour,卢克-尔伊德恩奥乌尔
77958,Mel Riebe,梅尔-尔伊埃布埃
77959,Jim Riffey,吉姆-尔伊夫伊
2541,Antoine Rigaudeau,安托万-尔伊格阿乌德埃阿乌
77960,Tom Riker,汤姆-尔伊克埃尔
77963,Bob Riley,鲍勃-尔伊利
35,Eric Riley,埃里克-尔伊利
77962,Pat Riley,帕特-尔伊利
77964,Ron Riley,罗恩-尔伊利
1642860,Will Riley,威尔-尔伊利
1630203,Grant Riller,格兰特-尔伊勒
77965,Rich Rinaldi,里奇-尔伊恩阿尔德伊
77966,Mike Riordan,迈克-尔伊奥尔德阿恩
1642258,Zaccharie Risacher,兹阿克奇阿尔伊埃-里斯阿奇埃尔
77967,Arnie Risen,阿尔恩伊埃-里斯埃恩
77968,Goebel Ritter,格奥埃布埃尔-尔伊特尔
77969,Ramon Rivas,拉蒙-尔伊夫阿斯
203085,Austin Rivers,奥斯汀-里弗斯
77970,David Rivers,戴维-里弗斯
470,Doc Rivers,德奥克-里弗斯
77972,Lee Robbins,李-尔奥布布伊恩斯
1641857,Liam Robbins,尔厄姆-尔奥布布伊恩斯
203460,Andre Roberson,安德烈-尔奥布埃尔森
101194,Anthony Roberson,安东尼-尔奥布埃尔森
77973,Rick Roberson,里克-尔奥布埃尔森
2121,Terrance Roberson,特尔阿恩克埃-尔奥布埃尔森
77975,Anthony Roberts,安东尼-罗伯茨
77979,Bill Roberts,比尔-罗伯茨
203148,Brian Roberts,布赖恩-罗伯茨
122,Fred Roberts,弗雷德-罗伯茨
77977,Joe Roberts,乔-罗伯茨
101160,Lawrence Roberts,尔阿沃尔埃恩克埃-罗伯茨
77978,Marv Roberts,姆阿尔夫-罗伯茨
914,Stanley Roberts,斯坦利-罗伯茨
926,Alvin Robertson,阿尔夫伊恩-罗伯逊
600015,Oscar Robertson,奥斯卡-罗伯逊
1926,Ryan Robertson,瑞安-罗伯逊
77983,Tony Robertson,托尼-罗伯逊
77984,Rick Robey,里克-尔奥布埃伊
2774,Bernard Robinson,布埃尔恩德-罗宾逊
997,Chris Robinson,克里斯-罗宾逊
77986,Cliff T. Robinson,克尔伊弗弗-特. 尔奥布伊恩森
361,Clifford Robinson,克尔伊弗弗奥尔德-罗宾逊
764,David Robinson,戴维-罗宾逊
1628421,Devin Robinson,德文-罗宾逊
1629130,Duncan Robinson,邓肯-罗宾逊
1944,Eddie Robinson,埃迪-罗宾逊
77988,Flynn Robinson,弗林-罗宾逊
299,Glenn Robinson,格伦恩-罗宾逊
77989,Jackie Robinson,杰阿克伊埃-罗宾逊
1554,Jamal Robinson,贾马尔-罗宾逊
381,James Robinson,詹姆斯-罗宾逊
1629010,Jerome Robinson,杰埃尔奥姆埃-罗宾逊
1629620,Justin Robinson,贾斯廷-罗宾逊
1683,Larry Robinson,拉里-罗宾逊
1629011,Mitchell Robinson,米切尔-罗宾逊
101126,Nate Robinson,内特-罗宾逊
77994,Oliver Robinson,奥尔伊夫埃尔-罗宾逊
1631115,Orlando Robinson,奥尔尔德奥-罗宾逊
716,Rumeal Robinson,鲁梅尔-罗宾逊
203080,Thomas Robinson,托马斯-罗宾逊
77993,Truck Robinson,特尔乌克-罗宾逊
77996,Wayne Robinson,韦恩-罗宾逊
203922,Glenn Robinson III,格伦恩-尔奥布伊恩森 伊伊伊
1630526,Jeremiah Robinson-Earl,耶利米-罗宾逊-厄尔
77997,Bill Robinzine,比尔-尔奥布伊恩兹伊恩埃
77998,Dave Robisch,戴夫-尔奥布伊斯奇
1629676,Isaiah Roby,以赛亚-尔奥布伊
77999,Red Rocha,尔埃德-尔奥奇阿
78000,John Roche,约翰-尔奥奇埃
78001,Gene Rock,格埃恩埃-尔奥克
78002,Jack Rocker,杰克-尔奥克埃尔
1631223,David Roddy,戴维-尔奥德德伊
78003,Guy Rodgers,格乌伊-尔奥德格埃尔斯
23,Dennis Rodman,丹尼斯-罗德曼
200771,Sergio Rodriguez,塞尔吉奥-罗德里格斯
691,Lou Roe,尔奥乌-尔奥埃
435,Carlos Rogers,卡洛斯-罗杰斯
78007,Johnny Rogers,约翰尼-罗杰斯
78008,Marshall Rogers,马歇尔-罗杰斯
915,Rodney Rogers,罗德尼-罗杰斯
964,Roy Rogers,罗伊-罗杰斯
78010,Al Roges,阿尔-尔奥格埃斯
78011,Ken Rohloff,肯-尔奥赫尔奥弗弗
202375,Magnum Rolle,姆阿格恩乌姆-尔奥尔尔埃
78012,Kenny Rollins,肯尼-尔奥尔尔伊恩斯
78013,Phil Rollins,菲尔-尔奥尔尔伊恩斯
1631157,Ryan Rollins,瑞安-尔奥尔尔伊恩斯
78014,Tree Rollins,特里-尔奥尔尔伊恩斯
78015,Lorenzo Romar,尔奥尔埃恩兹奥-尔奥姆阿尔
200765,Rajon Rondo,尔阿杰奥恩-朗多
399,Sean Rooks,肖恩-尔奥奥克斯
201565,Derrick Rose,德里克-罗斯
147,Jalen Rose,杰伦-罗斯
990,Malik Rose,马利克-罗斯
78016,Robert Rose,罗伯特-罗斯
78017,Alexander Rosenberg,亚历山大-尔奥斯埃恩布埃尔格
78018,Lennie Rosenbluth,伦恩伊埃-尔奥斯埃恩布尔乌思
78019,Hank Rosenstein,汉克-尔奥斯埃恩斯特埃伊恩
78020,Dick Rosenthal,迪克-尔奥斯埃恩思阿尔
2624,Quinton Ross,奎恩顿-罗斯
203082,Terrence Ross,特尔埃恩克埃-罗斯
78021,Doug Roth,德奥乌格-尔奥思
78022,Scott Roth,斯科特-尔奥思
78023,Irv Rothenberg,伊尔夫-尔奥思埃恩布埃尔格
78024,Mickey Rottner,米基-尔奥特特纳
78025,Dan Roundfield,丹-尔奥乌恩德弗伊尔德
78026,Giff Roux,格伊弗弗-尔奥乌克斯
78027,Ron Rowan,罗恩-尔奥沃阿恩
78028,Curtis Rowe,柯蒂斯-尔奥沃埃
1642050,Jackson Rowe,杰克逊-尔奥沃埃
78029,Jim Rowinski,吉姆-尔奥沃伊恩斯克伊
78030,Derrick Rowland,德里克-尔奥沃尔德
78031,Brian Rowsom,布赖恩-尔奥沃斯奥姆
200750,Brandon Roy,布兰登-罗伊
140,Donald Royal,德奥恩阿尔德-尔奥伊阿尔
78033,Bob Royer,鲍勃-尔奥伊埃尔
32,Clifford Rozier,克尔伊弗弗奥尔德-罗齐尔
1626179,Terry Rozier,特里-罗齐尔
201937,Ricky Rubio,里基-卢比奥
2462,Guy Rucker,格乌伊-尔乌克埃尔
78035,Delaney Rudd,德埃尔阿恩埃伊-尔乌德德
78036,John Rudd,约翰-尔乌德德
204014,Damjan Rudez,德阿姆杰阿恩-尔乌德埃兹
78037,John Rudometkin,约翰-尔乌德奥姆埃特克伊恩
1913,Michael Ruffin,迈克尔-尔乌弗弗伊恩
460,Trevor Ruffin,特雷弗-尔乌弗弗伊恩
78039,Paul Ruffner,保罗-尔乌弗弗纳
78040,Joe Ruklick,乔-尔乌克尔克
78041,Jeff Ruland,杰夫-尔乌尔德
78042,Bob Rule,鲍勃-尔乌尔埃
78043,Jerry Rullo,杰里-尔乌尔尔奥
1641712,Rayan Rupert,尔阿伊阿恩-尔乌普特
474,Stefano Rusconi,斯特埃弗阿恩奥-鲁斯克奥恩伊
201575,Brandon Rush,布兰登-鲁斯赫
2416,Kareem Rush,卡里姆-鲁斯赫
78049,Bill Russell,比尔-拉塞尔
935,Bryon Russell,布尔伊奥恩-拉塞尔
78047,Campy Russell,克阿姆普伊-拉塞尔
78045,Cazzie Russell,克阿兹兹伊埃-拉塞尔
1626156,D'Angelo Russell,德文-布克
78046,Frank Russell,弗兰克-拉塞尔
78048,Walker Russell,沃克-拉塞尔
201041,Walker Russell,沃克-拉塞尔
1642504,Cormac Ryan,克奥尔姆阿克-瑞安
1630346,Matt Ryan,马特-瑞安
717,Arvydas Sabonis,阿维达斯-萨博尼斯
1627734,Domantas Sabonis,多曼塔斯-萨博尼斯
203135,Robert Sacre,罗伯特-斯阿克尔埃
78050,Ed Sadowski,埃德-斯阿德奥沃斯克伊
78051,Kenny Sailors,肯尼-斯阿伊尔奥尔斯
1642275,Tidjane Salaün,特伊德杰阿恩埃-斯阿尔阿ü恩
927,John Salley,约翰-斯阿尔利
1642282,Hunter Sallis,亨特-斯阿尔尔伊斯
2422,John Salmons,约翰-萨尔蒙斯
1089,Kevin Salvadori,凯文-斯阿尔夫阿德奥尔伊
2066,Soumaila Samake,斯奥乌姆阿伊尔阿-斯阿姆阿克埃
1629677,Luka Samanic,卢卡-斯阿曼伊克
200798,Cheikh Samb,奇埃伊克赫-斯阿姆布
1629102,Brandon Sampson,布兰登-桑普森
203960,JaKarr Sampson,杰阿克阿尔尔-桑普森
2441,Jamal Sampson,贾马尔-桑普森
78055,Ralph Sampson,拉尔夫-桑普森
202396,Samardo Samuels,斯阿姆德奥-塞缪尔斯
1631257,Jermaine Samuels Jr.,杰埃尔姆阿伊恩埃-斯阿姆乌埃尔斯 杰尔.
2143,Pepe Sanchez,普埃普埃-桑切斯
78057,Frankie Sanders,弗尔阿恩克伊埃-桑德斯
1874,Jeff Sanders,杰夫-桑德斯
1642920,Kobe Sanders,科比-桑德斯
202336,Larry Sanders,拉里-桑德斯
2684,Melvin Sanders,梅尔文-桑德斯
78059,Mike Sanders,迈克-桑德斯
78060,Thomas Sanders,托马斯-桑德斯
1642362,Payton Sandfort,佩顿-斯德弗奥尔特
1641766,Adama Sanogo,阿德阿姆阿-斯阿恩奥格奥
2091,Daniel Santiago,丹尼尔-斯阿恩特伊阿格奥
78061,Bob Santini,鲍勃-斯阿恩特伊恩伊
1630611,Gui Santos,吉-斯阿恩特奥斯
78062,Wayne Sappleton,韦恩-斯阿普普尔埃顿
1642879,Ben Saraf,本-斯阿尔阿弗
203967,Dario Saric,达里奥-萨里奇
1642259,Alex Sarr,阿莱士-斯阿尔尔
1630846,Olivier Sarr,奥尔伊夫伊埃尔-斯阿尔尔
987,Jason Sasser,贾森-斯阿斯尔
2219,Jeryl Sasser,杰埃尔伊尔-斯阿斯尔
1631204,Marcus Sasser,马库斯-斯阿斯尔
203107,Tomas Satoransky,托马斯-斯阿特奥尔阿恩斯克伊
2261,Kenny Satterfield,肯尼-斯阿特尔弗伊尔德
78063,Frank Saul,弗兰克-斯阿乌尔
78064,Woody Sauldsberry,伍迪-斯阿乌尔德斯布埃尔尔伊
78065,Fred Saunders,弗雷德-斯阿乌恩德斯
78066,Don Savage,唐-斯阿夫阿格埃
2453,Predrag Savovic,普雷德拉格-斯阿夫奥夫伊克
78067,Alan Sawyer,阿尔阿恩-斯阿沃伊埃尔
2243,Brian Scalabrine,布赖恩-斯克阿尔阿布尔伊恩埃
2637,Alex Scales,阿莱士-斯克阿莱斯
78068,Dewayne Scales,德埃沃阿伊恩埃-斯克阿莱斯
78069,Frank Schade,弗兰克-斯奇阿德埃
78070,Ben Schadler,本-斯奇阿德尔埃尔
78071,Herm Schaefer,赫埃尔姆-斯奇阿埃弗埃尔
78072,Bob Schafer,鲍勃-斯奇阿弗埃尔
1630648,Jordan Schakel,乔丹-斯奇阿克埃尔
78073,Ben Scharnus,本-斯奇阿尔努斯
78074,Marv Schatzman,姆阿尔夫-斯奇阿特兹曼
78075,Fred Schaus,弗雷德-斯奇阿乌斯
7,Dan Schayes,丹-斯奇阿伊埃斯
78076,Dolph Schayes,德奥尔普赫-斯奇阿伊埃斯
78078,Ossie Schectman,奥斯斯伊埃-斯奇埃克特曼
88,Steve Scheffler,史蒂夫-斯奇埃弗弗尔埃尔
78080,Tom Scheffler,汤姆-斯奇埃弗弗尔埃尔
1631248,Baylor Scheierman,贝勒-斯奇埃伊埃尔曼
78081,Dave Schellhase,戴夫-斯奇尔赫阿斯埃
101195,Luke Schenscher,卢克-斯奇埃恩斯奇埃尔
78082,Herb Scherer,赫埃尔布-斯奇埃尔埃尔
368,Dwayne Schintzius,德韦恩-斯奇伊恩特兹伊乌斯
78084,Dale Schlueter,德阿尔埃-斯奇尔乌埃特
78085,Otto Schnellbacher,奥特特奥-斯奇恩尔布阿奇埃尔
78086,Dick Schnittker,迪克-斯奇恩伊特特克埃尔
78087,Russ Schoene,鲁斯斯-斯奇奥埃恩埃
1629678,Admiral Schofield,阿德姆伊尔阿尔-斯奇奥弗伊尔德
78088,Dave Scholz,戴夫-斯奇奥尔兹
78089,Milt Schoon,姆伊尔特-斯奇奥奥恩
96,Detlef Schrempf,德埃特尔埃弗-斯奇尔埃姆普弗
203471,Dennis Schröder,丹尼斯-斯奇尔ö德
78091,Howie Schultz,赫奥沃伊埃-斯奇乌尔特兹
78092,Dick Schulz,迪克-斯奇乌尔兹
78093,John Schweitz,约翰-斯奇沃埃伊特兹
2449,Luis Scola,路易斯-斯科拉
78094,Freddie Scolari,弗雷迪-斯克奥尔阿尔伊
78095,Alvin Scott,阿尔夫伊恩-斯科特
1064,Brent Scott,布尔埃恩特-斯科特
2,Byron Scott,拜伦-斯科特
78097,Charlie Scott,奇阿尔尔伊埃-斯科特
192,Dennis Scott,丹尼斯-斯科特
1109,James Scott,詹姆斯-斯科特
203118,Mike Scott,迈克-斯科特
78100,Ray Scott,雷-斯科特
1035,Shawnelle Scott,什阿沃恩尔埃-斯科特
1630286,Trevon Scott,特雷夫奥恩-斯科特
1630206,Jay Scrubb,杰伊-斯克尔乌布布
78102,Carey Scurry,克阿尔埃伊-斯克乌尔尔伊
1631220,Dereon Seabron,德埃奥恩-斯埃阿布尔奥恩
78103,Bruce Seals,布鲁斯-斯埃阿尔斯
1578,Shea Seals,谢-斯埃阿尔斯
907,Malik Sealy,马利克-斯埃阿尔伊
78105,Ed Searcy,埃德-斯埃阿尔克伊
78106,Ken Sears,肯-斯埃阿尔斯
1641813,Mark Sears,马克-斯埃阿尔斯
78107,Wayne See,韦恩-斯埃埃
200757,Thabo Sefolosha,思阿布奥-斯埃弗奥尔奥什阿
938,Rony Seikaly,尔奥恩伊-斯埃伊克阿尔伊
78109,Glen Selbo,格伦-斯埃尔布奥
202729,Josh Selby,约什-斯埃尔布伊
1627782,Wayne Selden,韦恩-斯埃尔德埃恩
78110,Brad Sellers,布尔阿德-斯尔埃尔斯
78111,Phil Sellers,菲尔-斯尔埃尔斯
78112,Rollie Seltz,尔奥尔尔伊埃-斯埃尔特兹
78113,Frank Selvy,弗兰克-斯埃尔夫伊
78114,Jim Seminoff,吉姆-斯埃姆伊恩奥弗弗
200754,Mouhamed Sene,姆奥乌赫阿姆埃德-斯埃恩埃
78115,George Senesky,乔治-斯埃恩埃斯克伊
1630578,Alperen Sengun,阿尔佩伦-申京
1641729,Brice Sensabaugh,布尔伊克埃-斯埃恩斯阿布阿乌格赫
202338,Kevin Seraphin,凯文-斯埃尔阿普赫伊恩
1738,Ansu Sesay,阿恩斯乌-斯埃斯阿伊
201196,Ramon Sessions,拉蒙-塞申斯
78116,Tom Sewell,汤姆-斯埃沃尔
1629012,Collin Sexton,克奥尔尔伊恩-塞克斯顿
78117,Paul Seymour,保罗-斯埃伊姆奥乌尔
78118,Nick Shaback,尼克-什阿布阿克
1593,Charles Shackleford,查尔斯-什阿克尔埃弗奥尔德
78120,Carl Shaeffer,克阿尔尔-什阿埃夫尔
78121,Lee Shaffer,李-什阿夫尔
201203,Mustafa Shakur,姆乌斯特阿弗阿-什阿克乌尔
1629013,Landry Shamet,兰德里-沙梅特
1539,God Shammgod,格奥德-什阿姆姆格奥德
78123,Earl Shannon,厄尔-什阿恩恩奥恩
78124,Howie Shannon,赫奥沃伊埃-什阿恩恩奥恩
1630545,Terrence Shannon Jr.,特尔埃恩克埃-什阿恩恩奥恩 杰尔.
78125,Charlie Share,奇阿尔尔伊埃-什阿尔埃
78126,Bill Sharman,比尔-什阿尔曼
1630549,Day'Ron Sharpe,德阿伊尔奥恩-夏普
1631101,Shaedon Sharpe,什阿埃德奥恩-夏普
201594,Walter Sharpe,沃阿尔特-夏普
1117,John Shasky,约翰-什阿斯克伊
78128,Ron Shavlik,罗恩-什阿夫尔伊克
216,Brian Shaw,布赖恩-肖
1745,Casey Shaw,克阿斯埃伊-肖
1629621,Marial Shayok,姆阿尔伊阿尔-什阿伊奥克
78130,Bob Shea,鲍勃-谢
1642347,Jamal Shead,贾马尔-什埃阿德
78131,Fred Sheffield,弗雷德-什埃弗弗伊尔德
78132,Craig Shelton,克雷格-什埃尔顿
78133,Lonnie Shelton,朗尼-什埃尔顿
203129,Tornike Shengelia,特奥尔恩伊克埃-什埃恩埃尔伊阿
1641767,Ben Sheppard,本-什埃普普德
1852,Jeff Sheppard,杰夫-什埃普普德
1642263,Reed Sheppard,里德-什埃普普德
78135,Steve Sheppard,史蒂夫-什埃普普德
78136,Edmund Sherod,埃德姆乌恩德-什埃尔奥德
78653,Charlie Shipp,奇阿尔尔伊埃-什伊普普
2321,Paul Shirley,保罗-什伊尔利
78138,Gene Short,格埃恩埃-什奥尔特
78139,Purvis Short,普乌尔夫伊斯-什奥尔特
78140,Dexter Shouse,德埃克斯特-什奥乌斯埃
78141,Dick Shrider,迪克-什尔伊德
78142,Gene Shue,格埃恩埃-什乌埃
1642917,Max Shulga,马克斯-什乌尔格阿
78143,John Shumate,约翰-什乌姆阿特埃
202697,Iman Shumpert,伊曼-香珀特
203144,Alexey Shved,阿尔埃克斯埃伊-什夫埃德
1627783,Pascal Siakam,普阿斯克阿尔-斯伊阿克阿姆
1626296,Jordan Sibert,乔丹-斯伊布特
78144,Sam Sibert,萨姆-斯伊布特
78145,Mark Sibley,马克-斯伊布利
78146,Jerry Sichting,杰里-斯伊奇特伊恩
78147,Larry Siegfried,拉里-斯伊埃格弗尔伊埃德
78148,Ralph Siewert,拉尔夫-斯伊埃沃特
78149,Jack Sikma,杰克-斯伊克姆阿
78150,James Silas,詹姆斯-赛拉斯
78151,Paul Silas,保罗-赛拉斯
202918,Xavier Silas,泽维尔-赛拉斯
202081,Garret Siler,格阿尔尔埃特-斯伊尔埃尔
78152,Mike Silliman,迈克-斯伊尔尔伊曼
1629735,Chris Silva,克里斯-斯伊尔夫阿
101134,Wayne Simien,韦恩-斯伊姆伊埃恩
1627732,Ben Simmons,乔尔-恩比德
2250,Bobby Simmons,博比-西蒙斯
200759,Cedric Simmons,克埃德尔伊克-西蒙斯
78153,Connie Simmons,克奥恩恩伊埃-西蒙斯
78154,Johnny Simmons,约翰尼-西蒙斯
203613,Jonathon Simmons,杰奥恩阿思奥恩-西蒙斯
1628424,Kobi Simmons,克奥布伊-西蒙斯
1489,Lionel Simmons,尔伊奥恩埃尔-西蒙斯
1750,Miles Simon,迈尔斯-斯伊蒙
1630250,Marko Simonovic,姆阿尔克奥-斯伊蒙奥夫伊克
1629014,Anfernee Simons,安芬尼-斯伊蒙斯
54,Dickey Simpkins,德克埃伊-斯伊姆普克伊恩斯
202067,Diamon Simpson,德厄姆奥恩-辛普森
1642354,KJ Simpson,KJ-辛普森
78157,Ralph Simpson,拉尔夫-辛普森
1630285,Zavier Simpson,兹阿夫伊埃尔-辛普森
1591,Alvin Sims,阿尔夫伊恩-斯伊姆斯
78160,Bob Sims,鲍勃-斯伊姆斯
201235,Courtney Sims,考特尼-斯伊姆斯
78159,Doug Sims,德奥乌格-斯伊姆斯
203156,Henry Sims,亨利-斯伊姆斯
1631301,Jaylen Sims,杰伦-斯伊姆斯
1630579,Jericho Sims,杰埃尔伊奇奥-斯伊姆斯
78161,Scott Sims,斯科特-斯伊姆斯
202713,Kyle Singler,凯尔-斯伊恩尔埃尔
201606,Sean Singletary,肖恩-斯伊恩尔埃特阿尔伊
202698,Chris Singleton,克里斯-斯伊恩尔埃顿
101189,James Singleton,詹姆斯-斯伊恩尔埃顿
78162,Mckinley Singleton,姆克伊恩利-斯伊恩尔埃顿
78163,Zeke Sinicola,兹埃克埃-斯伊恩伊克奥尔阿
1629686,Deividas Sirvydis,代维达斯-斯伊尔夫伊德伊斯
78164,Charlie Sitton,奇阿尔尔伊埃-斯伊特顿
203491,Peyton Siva,佩顿-斯伊夫阿
1631376,Dmytro Skapintsev,德姆伊特罗-斯克阿普伊恩特斯埃夫
101,Scott Skiles,斯科特-斯克伊莱斯
78167,Al Skinner,阿尔-斯克伊恩纳
1730,Brian Skinner,布赖恩-斯克伊恩纳
78168,Talvin Skinner,特阿尔夫伊恩-斯克伊恩纳
78169,Whitey Skoog,沃赫伊特埃伊-斯克奥奥格
78170,Jeff Slade,杰夫-斯尔阿德埃
1073,Reggie Slater,雷吉-斯尔阿特
78171,Jim Slaughter,吉姆-斯尔阿乌格赫特
78172,Jose Slaughter,何塞-斯尔阿乌格赫特
1641771,Jalen Slawson,杰伦-斯尔阿沃森
2447,Tamar Slay,特阿姆阿尔-斯尔阿伊
202388,Donald Sloan,德奥恩阿尔德-斯尔奥阿恩
78173,Jerry Sloan,杰里-斯尔奥阿恩
101166,Uros Slokar,乌尔奥斯-斯尔奥克阿尔
78174,Tom Sluby,汤姆-斯尔乌布伊
1629346,Alen Smailagic,阿伦-斯姆阿伊尔阿格伊克
1642914,Javon Small,杰阿夫奥恩-斯姆阿尔尔
1630606,Javonte Smart,贾冯特-斯马特
78175,Keith Smart,基思-斯马特
203935,Marcus Smart,马库斯-斯马特
78176,Belus Smawley,布埃尔乌斯-斯姆阿沃利
78177,Jack Smiley,杰克-斯姆伊利
78178,Adrian Smith,阿德里安-史密斯
78207,Bill Smith,比尔-史密斯
78209,Bill Smith,比尔-史密斯
78202,Bingo Smith,布伊恩奥-史密斯
78203,Bobby Smith,博比-史密斯
293,Charles Smith,查尔斯-史密斯
1520,Charles Smith,查尔斯-史密斯
78179,Charles Smith,查尔斯-史密斯
1814,Chris Smith,克里斯-史密斯
203147,Chris Smith,克里斯-史密斯
78181,Clinton Smith,克尔伊恩顿-史密斯
200783,Craig Smith,克雷格-史密斯
78182,Deb Smith,德埃布-史密斯
78183,Derek Smith,德里克-史密斯
78184,Don Smith,唐-史密斯
78185,Donald Smith,德奥恩阿尔德-史密斯
2764,Donta Smith,德奥恩特阿-史密斯
475,Doug Smith,德奥乌格-史密斯
1630696,Dru Smith,德尔乌-史密斯
78187,Ed Smith,埃德-史密斯
78188,Elmore Smith,埃尔姆奥尔埃-史密斯
78189,Garfield Smith,格阿尔弗伊尔德-史密斯
78190,Greg Smith,格雷格-史密斯
202962,Greg Smith,格雷格-史密斯
202397,Ish Smith,伊什-史密斯
2747,JR Smith,杰尔-史密斯
2074,Jabari Smith,贾巴里-史密斯
1630188,Jalen Smith,杰伦-史密斯
201160,Jason Smith,贾森-史密斯
202536,Jerry Smith,杰里-史密斯
78191,Jim Smith,吉姆-史密斯
693,Joe Smith,乔-史密斯
2746,Josh Smith,约什-史密斯
78192,Keith Smith,基思-史密斯
181,Kenny Smith,肯尼-史密斯
78194,Labradford Smith,尔阿布尔阿德弗奥尔德-史密斯
78195,Larry Smith,拉里-史密斯
1910,Leon Smith,利昂-史密斯
1641869,Malachi Smith,玛拉基-史密斯
63,Michael Smith,迈克尔-史密斯
78197,Michael Smith,迈克尔-史密斯
2065,Mike Smith,迈克-史密斯
202701,Nolan Smith,恩奥尔阿恩-史密斯
78198,Otis Smith,奥特伊斯-史密斯
78199,Phil Smith,菲尔-史密斯
78200,Randy Smith,兰迪-史密斯
78201,Reggie Smith,雷吉-史密斯
78204,Robert Smith,罗伯特-史密斯
203893,Russ Smith,鲁斯斯-史密斯
78205,Sammy Smith,斯阿姆姆伊-史密斯
120,Steven Smith,斯蒂文-史密斯
200848,Steven Smith,斯蒂文-史密斯
1478,Stevin Smith,斯特埃夫伊恩-史密斯
1631173,Terquavion Smith,特夸夫伊奥恩-史密斯
2604,Theron Smith,思埃尔奥恩-史密斯
1642449,Tolu Smith,特奥尔乌-史密斯
380,Tony Smith,托尼-史密斯
1641890,Tyler Smith,泰勒-史密斯
78208,Willie Smith,沃伊尔尔伊埃-史密斯
1629015,Zhaire Smith,兹赫阿伊尔埃-史密斯
1628372,Dennis Smith Jr.,丹尼斯-斯姆伊思 杰尔.
1631095,Jabari Smith Jr.,贾巴里-斯姆伊思 杰尔.
1641733,Nick Smith Jr.,尼克-斯姆伊思 杰尔.
22,Rik Smits,尔伊克-斯密茨
1091,Mike Smrek,迈克-斯姆尔埃克
78212,Joe Smyth,乔-斯姆伊思
1630270,Xavier Sneed,泽维尔-斯恩埃埃德
203503,Tony Snell,托尼-斯内尔
727,Eric Snow,埃里克-斯恩奥沃
78213,Dick Snyder,迪克-斯恩伊德
2745,Kirk Snyder,柯克-斯恩伊德
78214,George Sobek,乔治-斯奥布埃克
78215,Ricky Sobers,里基-斯奥布埃尔斯
78216,Ron Sobie,罗恩-斯奥布伊埃
1631110,Jeremy Sochan,杰里米-斯奥奇阿恩
78217,Mike Sojourner,迈克-斯奥杰奥乌尔纳
2226,Will Solomon,威尔-斯奥尔奥蒙
78219,Willie Somerset,沃伊尔尔伊埃-斯奥姆埃尔斯埃特
2443,Darius Songaila,达里厄斯-森格阿伊尔阿
1642850,Thomas Sorber,托马斯-斯奥尔布埃尔
78220,Dave Sorenson,戴夫-斯奥尔埃恩森
203480,James Southerland,詹姆斯-斯奥乌思埃尔尔德
78221,Gino Sovran,格伊恩奥-斯奥夫尔阿恩
2776,Pape Sow,普阿普埃-斯奥沃
1629034,Ray Spalding,雷-斯普阿尔德伊恩
78222,Jim Spanarkel,吉姆-斯普阿恩阿尔克埃尔
2779,Vassilis Spanoulis,瓦西利斯-斯普阿恩奥乌尔伊斯
78223,Guy Sparrow,格乌伊-斯普阿尔尔奥沃
600009,Rory Sparrow,尔奥尔伊-斯普阿尔尔奥沃
78225,Odie Spears,奥德伊埃-斯普埃阿尔斯
78226,Art Spector,阿尔特-斯普埃克特奥尔
201578,Marreese Speights,姆阿尔尔埃埃斯埃-斯普埃伊格赫特斯
1629016,Omari Spellman,奥姆阿尔伊-斯普尔曼
78227,Andre Spencer,安德烈-斯潘塞
1642285,Cam Spencer,克阿姆-斯潘塞
771,Elmore Spencer,埃尔姆奥尔埃-斯潘塞
280,Felton Spencer,弗埃尔顿-斯潘塞
1630311,Pat Spencer,帕特-斯潘塞
78230,Lou Spicer,尔奥乌-斯普伊克埃尔
78231,Craig Spitzer,克雷格-斯普伊特兹埃尔
201168,Tiago Splitter,蒂亚戈-斯普尔伊特尔
78232,Art Spoelstra,阿尔特-斯普奥埃尔斯特尔阿
84,Latrell Sprewell,尔阿特雷尔尔-斯普雷维尔
78233,Larry Spriggs,拉里-斯普尔伊格格斯
1630531,Jaden Springer,杰登-斯普尔伊恩埃尔
78234,Jim Springer,吉姆-斯普尔伊恩埃尔
78235,Jim Spruill,吉姆-斯普尔乌伊尔尔
1756,Ryan Stack,瑞安-斯特阿克
711,Jerry Stackhouse,杰里-斯塔克豪斯
78237,Kevin Stacom,凯文-斯特阿克奥姆
78238,Dave Stallworth,戴夫-斯特阿尔尔沃奥尔思
78239,Isaac Stallworth,艾萨克-斯特阿尔尔沃奥尔思
78240,Ed Stanczak,埃德-斯特阿恩克兹阿克
1630199,Cassius Stanley,卡修斯-斯坦利
78241,Terence Stansbury,特埃恩克埃-斯特阿恩斯布乌尔伊
317,John Starks,约翰-斯塔克斯
78243,Keith Starr,基思-斯特阿尔尔
203917,Nik Stauskas,恩伊克-斯特阿乌斯克阿斯
78244,Larry Staverman,拉里-斯特阿夫埃尔曼
78245,Larry Steele,拉里-斯特埃埃尔埃
1099,Matt Steigenga,马特-斯特埃伊格埃恩阿
1735,Vladimir Stepania,夫尔阿德伊姆伊尔-斯特埃普阿恩伊阿
203474,DJ Stephens,德杰-斯特埃普赫埃恩斯
78247,Everette Stephens,埃夫埃尔特埃-斯特埃普赫埃恩斯
78249,Jack Stephens,杰克-斯特埃普赫埃恩斯
1086,Joe Stephens,乔-斯特埃普赫埃恩斯
202362,Lance Stephenson,尔阿恩克埃-斯特埃普赫埃恩森
1627293,Alex Stepheson,阿莱士-斯特埃普赫埃森
78250,Brook Steppe,布尔奥奥克-斯特埃普
78251,Barry Stevens,巴里-史蒂文斯
1641815,Isaiah Stevens,以赛亚-史蒂文斯
1630205,Lamar Stevens,拉马尔-史蒂文斯
78252,Wayne Stevens,韦恩-史蒂文斯
2052,DeShawn Stevenson,德埃什阿沃恩-史蒂文森
1630597,DJ Stewart,德杰-斯图尔特
78253,Dennis Stewart,丹尼斯-斯图尔特
1630191,Isaiah Stewart,以赛亚-斯图尔特
1529,Kebu Stewart,克埃布乌-斯图尔特
1125,Larry Stewart,拉里-斯图尔特
1565,Michael Stewart,迈克尔-斯图尔特
78256,Norm Stewart,恩奥尔姆-斯图尔特
201880,Greg Stiemsma,格雷格-斯特伊埃姆斯姆阿
78257,Steve Stipanovich,史蒂夫-斯特伊普阿恩奥夫伊奇
179,Bryant Stith,布莱恩特-斯特伊思
78259,Sam Stith,萨姆-斯特伊思
78260,Tom Stith,汤姆-斯特伊思
78261,Alex Stivrins,阿莱士-斯特伊夫尔伊恩斯
204065,David Stockton,戴维-斯特奥克顿
304,John Stockton,约翰-斯特奥克顿
978,Peja Stojakovic,佩贾-斯特奥杰阿克奥夫伊克
1055,Ed Stokes,埃德-斯托克斯
78264,Greg Stokes,格雷格-斯托克斯
203950,Jarnell Stokes,杰阿尔恩尔-斯托克斯
600016,Maurice Stokes,莫里斯-斯托克斯
78266,Art Stolkey,阿尔特-斯特奥尔克埃伊
1627754,Diamond Stone,德厄姆奥恩德-斯顿埃
202933,Julyan Stone,杰乌尔伊阿恩-斯顿埃
2852,Awvee Storey,阿沃夫埃埃-斯特奥尔埃伊
757,Damon Stoudamire,德阿蒙-斯塔德迈尔
101136,Salim Stoudamire,斯阿尔伊姆-斯塔德迈尔
2405,Amar'e Stoudemire,阿姆阿尔埃-斯特奥乌德埃姆伊尔埃
78267,Paul Stovall,保罗-斯特奥夫阿尔尔
201199,DJ Strawberry,德杰-斯特尔阿沃布埃尔尔伊
78268,Joe Strawder,乔-斯特尔阿沃德
1631124,Julian Strawther,朱利安-斯特尔阿沃思埃尔
78269,Bill Stricker,比尔-斯特里克埃尔
1065,Erick Strickland,埃尔克-斯特里克尔德
1110,Mark Strickland,马克-斯特里克尔德
393,Rod Strickland,罗德-斯特里克尔德
78270,Roger Strickland,尔奥格埃尔-斯特里克尔德
78271,John Stroeder,约翰-斯特罗埃德
400,Derek Strong,德里克-斯特罗恩
78273,Lamont Strothers,尔阿蒙特-斯特罗思埃尔斯
78274,John Stroud,约翰-斯特罗乌德
1629622,Max Strus,马克斯-斯特鲁斯
201155,Rodney Stuckey,罗德尼-斯特乌克埃伊
78275,Gene Stump,格埃恩埃-斯特乌姆普
78276,Stan Stutz,斯坦-斯特乌特兹
1630591,Jalen Suggs,杰伦-萨格斯
78277,Gary Suiter,加里-斯乌伊特
203096,Jared Sullinger,贾里德-萨林杰
201969,DaJuan Summers,德阿杰乌阿恩-斯乌姆姆埃尔斯
1628410,Edmond Sumner,埃德蒙德-斯乌姆纳
78654,Barry Sumpter,巴里-斯乌姆普特
201180,Sun Yue,孙悦
78278,Don Sunderlage,唐-斯乌恩德尔阿格埃
1743,Bruno Sundov,布鲁诺-斯乌恩德奥夫
78279,Jon Sundvold,乔恩-斯乌恩德夫奥尔德
682,Bob Sura,鲍勃-斯乌尔阿
78280,Dick Surhoff,迪克-斯乌尔赫奥弗弗
78281,Dane Suttle,德阿恩埃-斯乌特特尔埃
357,Greg Sutton,格雷格-斯乌特顿
78283,Bennie Swain,布埃恩恩伊埃-斯沃阿伊恩
1628403,Caleb Swanigan,迦勒-斯沃阿恩伊格阿恩
78284,Norm Swanson,恩奥尔姆-斯沃阿恩森
78285,Dan Swartz,丹-斯沃阿尔特兹
2552,Michael Sweetney,迈克尔-斯沃埃埃特恩埃伊
1631306,Cole Swider,科尔-斯沃伊德
2741,Robert Swift,罗伯特-斯沃伊弗特
2031,Stromile Swift,斯特罗姆伊尔埃-斯沃伊弗特
78286,Aaron Swinson,阿龙-斯沃伊恩森
1628591,Craig Sword,克雷格-斯沃奥尔德
202377,Pape Sy,普阿普埃-斯伊
78287,Wallace Sydnor,华莱士-斯伊德恩奥尔
1626208,Keifer Sykes,克埃伊弗埃尔-斯伊克埃斯
1132,Larry Sykes,拉里-斯伊克埃斯
1136,Brett Szabo,布尔特-斯兹阿布奥
1887,Wally Szczerbiak,沃阿尔尔伊-斯兹克兹埃尔布伊阿克
440,Zan Tabak,兹阿恩-特阿布阿克
2657,Yuta Tabuse,渡边-特阿布乌斯埃
101147,Chris Taft,克里斯-特阿弗特
78291,Sid Tannenbaum,斯伊德-特阿恩恩埃恩布阿乌姆
1434,Dragan Tarlac,德拉甘-特阿尔尔阿克
78293,Roy Tarpley,罗伊-特阿尔普利
1630256,Jae'Sean Tate,杰阿埃斯埃阿恩-泰特
78294,Earl Tatum,厄尔-塔图姆
1628369,Jayson Tatum,杰森-塔图姆
204002,Edy Tavares,埃德伊-特阿夫阿尔埃斯
78295,Anthony Taylor,安东尼-泰勒
78296,Brian Taylor,布赖恩-泰勒
101182,Donell Taylor,德奥恩尔-泰勒
78298,Fred Taylor,弗雷德-泰勒
1627819,Isaiah Taylor,以赛亚-泰勒
78297,Jay Taylor,杰伊-泰勒
78299,Jeff Taylor,杰夫-泰勒
203106,Jeffery Taylor,杰埃夫尔伊-泰勒
201966,Jermaine Taylor,杰埃尔姆阿伊恩埃-泰勒
1511,Johnny Taylor,约翰尼-泰勒
78301,Leonard Taylor,伦纳德-泰勒
1508,Maurice Taylor,莫里斯-泰勒
201446,Mike Taylor,迈克-泰勒
78302,Roland Taylor,尔奥尔德-泰勒
1630678,Terry Taylor,特里-泰勒
203116,Tyshawn Taylor,特伊什阿沃恩-泰勒
78303,Vince Taylor,文斯-泰勒
78304,Terry Teagle,特里-特埃阿格尔埃
201952,Jeff Teague,杰夫-特埃阿格乌埃
203104,Marquis Teague,姆阿尔奎斯-特埃阿格乌埃
203141,Mirza Teletovic,姆伊尔兹阿-特埃尔埃特奥夫伊克
2742,Sebastian Telfair,斯埃布阿斯特伊阿恩-特埃尔弗阿伊尔
1643141,Jahmyl Telfort,贾姆伊尔-特埃尔弗奥尔特
202066,Garrett Temple,格阿尔尔特-特埃姆普尔埃
1628462,Milos Teodosic,姆伊尔奥斯-特埃奥德奥斯伊克
78305,Ira Terrell,伊尔阿-特尔尔
1629123,Jared Terrell,贾里德-特尔尔
78307,Carlos Terry,卡洛斯-特里
78306,Chuck Terry,查克-特里
78308,Claude Terry,克尔阿乌德埃-特里
1631207,Dalen Terry,德阿伦-特里
1629150,Emanuel Terry,埃曼乌埃尔-特里
1891,Jason Terry,贾森-特里
1630179,Tyrell Terry,特伊尔尔-特里
1630257,Jon Teske,乔恩-特埃斯克埃
201934,Hasheem Thabeet,赫阿什埃埃姆-思阿布埃埃特
78309,Tom Thacker,汤姆-思阿克埃尔
1628464,Daniel Theis,丹尼尔-思埃伊斯
78310,Reggie Theus,雷吉-思埃乌斯
78311,Peter Thibeaux,普埃特-思伊布埃阿乌克斯
78312,Bill Thieben,比尔-思伊埃布埃恩
1642876,Adou Thiero,阿德奥乌-思伊埃尔奥
78313,Justus Thigpen,朱斯特斯-思伊格普埃恩
78314,David Thirdkill,戴维-思伊尔德克伊尔尔
203519,Adonis Thomas,阿德奥恩伊斯-托马斯
2873,Billy Thomas,布伊尔尔伊-托马斯
1630271,Brodric Thomas,布罗德里克-托马斯
1630560,Cam Thomas,克阿姆-托马斯
1063,Carl Thomas,克阿尔尔-托马斯
78316,Charles Thomas,查尔斯-托马斯
2041,Etan Thomas,埃特阿恩-托马斯
78317,Irving Thomas,欧文-托马斯
202738,Isaiah Thomas,以赛亚-托马斯
78318,Isiah Thomas,伊塞亚-托马斯
1975,Jamel Thomas,杰阿姆埃尔-托马斯
2839,James Thomas,詹姆斯-托马斯
78320,Jim Thomas,吉姆-托马斯
78321,Joe Thomas,乔-托马斯
1519,John Thomas,约翰-托马斯
1903,Kenny Thomas,肯尼-托马斯
1629017,Khyri Thomas,克赫伊尔伊-托马斯
703,Kurt Thomas,库尔特-托马斯
202498,Lance Thomas,尔阿恩克埃-托马斯
202952,Malcolm Thomas,马尔科姆-托马斯
1629744,Matt Thomas,马特-托马斯
78322,Terry Thomas,特里-托马斯
1501,Tim Thomas,蒂姆-托马斯
200748,Tyrus Thomas,特伊鲁斯-托马斯
202717,Trey Thompkins,特雷-思奥姆普克伊恩斯
1641708,Amen Thompson,阿姆埃恩-汤普森
1641709,Ausar Thompson,阿乌斯阿尔-汤普森
78323,Bernard Thompson,布埃尔恩德-汤普森
1631,Billy Thompson,布伊尔尔伊-汤普森
240,Brooks Thompson,布鲁克斯-汤普森
78325,Corny Thompson,克奥尔恩伊-汤普森
78326,David Thompson,戴维-汤普森
101159,Dijon Thompson,德伊杰奥恩-汤普森
1630679,Ethan Thompson,埃思阿恩-汤普森
78327,George Thompson,乔治-汤普森
203138,Hollis Thompson,赫奥尔尔伊斯-汤普森
201574,Jason Thompson,贾森-汤普森
78328,John Thompson,约翰-汤普森
78329,Kevin Thompson,凯文-汤普森
202691,Klay Thompson,克莱-汤普森
78,LaSalle Thompson,拉斯阿尔尔埃-汤普森
78331,Mychal Thompson,迈克尔-汤普森
202814,Mychel Thompson,姆伊奇埃尔-汤普森
78332,Paul Thompson,保罗-汤普森
78333,Stephen Thompson,斯蒂芬-汤普森
202684,Tristan Thompson,特里斯特阿恩-汤普森
1630550,JT Thor,杰特-思奥尔
78335,Rod Thorn,罗德-思奥尔恩
201154,Al Thornton,阿尔-桑顿
738,Bob Thornton,鲍勃-桑顿
201977,Marcus Thornton,马库斯-桑顿
1628414,Sindarius Thornwell,斯伊恩德阿尔伊乌斯-思奥尔恩沃尔
901,Otis Thorpe,奥特伊斯-思奥尔普埃
9,Sedale Threatt,斯埃德阿尔埃-思尔埃阿特特
600001,Nate Thurmond,内特-思乌尔蒙德
78340,Mel Thurston,梅尔-思乌尔斯顿
1629680,Matisse Thybulle,马蒂斯-思伊布乌尔尔埃
78341,Howard Tidrick,霍华德-特伊德尔克
78342,Dan Tieman,丹-特伊埃曼
1629681,Killian Tillie,基利安-特伊尔尔伊埃
78343,Darren Tillis,德阿尔尔埃恩-特伊尔尔伊斯
1630214,Xavier Tillman,泽维尔-特伊尔尔曼
1631166,Drew Timme,德鲁-特伊姆姆埃
78344,Jack Tingle,杰克-特伊恩尔埃
2224,Jamaal Tinsley,贾马尔-特伊恩斯利
47,Wayman Tisdale,沃阿伊曼-特伊斯德阿尔埃
1627861,Mike Tobey,迈克-特奥布埃伊
1630225,Isaiah Todd,以赛亚-托德
78346,Marko Todorovich,姆阿尔克奥-特奥德奥尔奥夫伊奇
78348,Ray Tolbert,雷-特奥尔布特
78347,Tom Tolbert,汤姆-特奥尔布特
201229,Anthony Tolliver,安东尼-特奥尔尔伊夫埃尔
78349,Dean Tolson,迪安-特奥尔森
78350,Rudy Tomjanovich,鲁迪-特奥姆杰阿恩奥夫伊奇
1641772,Nae'Qwan Tomlin,恩阿埃克沃阿恩-特奥姆尔伊恩
78351,Andrew Toney,安德鲁-顿埃伊
78352,Sedric Toney,斯埃德尔伊克-顿埃伊
1642910,John Tonje,约翰-顿杰埃
78353,Andy Tonkovich,安迪-顿克奥夫伊奇
342,Andy Toolson,安迪-特奥奥尔森
78355,Jack Toomay,杰克-特奥奥姆阿伊
78356,Bernard Toone,布埃尔恩德-特奥奥恩埃
1642260,Nikola Topić,尼科拉-特奥普伊ć
1631210,Jacob Toppin,雅各布-特奥普普伊恩
1630167,Obi Toppin,奥布伊-特奥普普伊恩
78357,Irv Torgoff,伊尔夫-特奥尔格奥弗弗
78358,Gene Tormohlen,格埃恩埃-特奥尔姆奥赫伦
2351,Oscar Torres,奥斯卡-特奥尔尔埃斯
1629308,Juan Toscano-Anderson,胡安-特奥斯克阿恩奥-安德森
78359,Bill Tosheff,比尔-特奥什埃弗弗
78360,Bob Tough,鲍勃-特奥乌格赫
1626253,Axel Toupane,阿克斯埃尔-特奥乌普阿恩埃
78361,Monte Towe,蒙特-特奥沃埃
700,Keith Tower,基思-特奥沃埃尔
78363,William Towery,威廉-特奥沃埃尔伊
78364,Linton Townes,尔伊恩顿-特奥沃恩埃斯
1626157,Karl-Anthony Towns,卡尔-安东尼-唐斯
78365,Raymond Townsend,尔阿伊蒙德-特奥沃恩斯埃恩德
1642422,Armel Traore,阿尔姆埃尔-特尔阿奥尔埃
1642849,Nolan Traore,恩奥尔阿恩-特尔阿奥尔埃
78366,George Trapp,乔治-特尔阿普普
78367,John Trapp,约翰-特尔阿普普
1631247,Luke Travers,卢克-特尔阿夫埃尔斯
1714,Robert Traylor,罗伯特-特尔阿伊尔奥尔
718,Gary Trent,加里-特伦特
1629018,Gary Trent Jr.,加里-特雷恩特 杰尔.
2244,Jeff Trepagnier,杰夫-特雷普阿格恩伊埃尔
78651,John Tresvant,约翰-特雷斯夫阿恩特
1629019,Allonzo Trier,阿隆佐-特里埃尔
78368,Dick Triptow,迪克-特里普特奥沃
78369,Kelly Tripucka,克尔伊-特里普乌克阿
2456,Cezary Trybanski,克埃兹阿尔伊-特尔伊布阿恩斯克伊
2054,Jake Tsakalidis,杰克-特斯阿克阿尔伊德伊斯
78370,John Tschogl,约翰-特斯奇奥格尔
1631131,Oscar Tshiebwe,奥斯卡-特什伊埃布沃埃
78371,Lou Tsioropoulos,尔奥乌-特斯伊奥尔奥普奥乌尔奥斯
2401,Nikoloz Tskitishvili,恩伊克奥尔奥兹-特斯克伊特伊什夫伊尔伊
78372,Al Tucker,阿尔-塔克
201169,Alando Tucker,阿尔德奥-塔克
141,Anthony Tucker,安东尼-塔克
78374,Jim Tucker,吉姆-塔克
200782,P.J. Tucker,普.杰.-塔克
1629730,Rayjon Tucker,尔阿伊杰奥恩-塔克
78375,Trent Tucker,特伦特-塔克
101142,Ronny Turiaf,尔奥恩恩伊-特乌尔伊阿弗
1726,Mirsad Turkcan,姆伊尔斯阿德-特乌尔克克阿恩
2045,Hedo Turkoglu,赫多-特乌尔克奥格尔乌
78377,Andre Turner,安德烈-特纳
78385,Bill Turner,比尔-特纳
78378,Elston Turner,埃尔斯顿-特纳
202323,Evan Turner,埃文-特纳
78379,Henry Turner,亨利-特纳
78380,Jack Turner,杰克-特纳
78382,Jack Turner,杰克-特纳
78381,Jeff Turner,杰夫-特纳
1819,John Turner,约翰-特纳
1626167,Myles Turner,迈尔斯-特纳
1943,Wayne Turner,韦恩-特纳
78386,Mel Turpin,梅尔-特乌尔普伊恩
78387,Dave Twardzik,戴夫-特沃德兹伊克
78388,Jack Twyman,杰克-特沃伊曼
189,B.J. Tyler,布.杰.-泰勒
202719,Jeremy Tyler,杰里米-泰勒
78390,Terry Tyler,特里-泰勒
78391,Charlie Tyra,奇阿尔尔伊埃-特伊尔阿
1641816,Hunter Tyson,亨特-特伊森
1642281,Jaylon Tyson,杰阿伊尔奥恩-特伊森
202775,Edwin Ubiles,埃德沃伊恩-乌布伊莱斯
202327,Ekpe Udoh,埃克普埃-乌德奥赫
2137,Ime Udoka,伊姆埃-乌多卡
2757,Beno Udrih,布埃恩奥-尤德里
101146,Roko Ukic,尔奥克奥-乌克伊克
1627755,Tyler Ulis,泰勒-乌尔伊斯
1630649,Stanley Umude,斯坦利-乌姆乌德埃
78392,Wes Unseld,韦斯-乌恩斯埃尔德
78393,Hal Uplinger,赫阿尔-乌普尔伊恩埃尔
78394,Kelvin Upshaw,克埃尔夫伊恩-乌普什阿沃
1627784,Jarrod Uthoff,杰阿尔尔奥德-乌思奥弗弗
202386,Ben Uzoh,本-乌兹奥赫
201987,Robert Vaden,罗伯特-夫阿德埃恩
202685,Jonas Valančiūnas,约纳斯-夫阿尔阿恩č伊ū恩阿斯
78395,Darnell Valentine,德阿尔恩尔-瓦伦丁
1627756,Denzel Valentine,丹泽尔-瓦伦丁
78396,Ron Valentine,罗恩-瓦伦丁
78397,John Vallely,约翰-夫阿尔尔埃尔伊
78398,Dick Van Arsdale,迪克-夫阿恩 阿尔斯德阿尔埃
78399,Tom Van Arsdale,汤姆-夫阿恩 阿尔斯德阿尔埃
78401,Butch Van Breda Kolff,布乌特奇-夫阿恩 布尔埃德阿 克奥尔弗弗
78400,Jan Van Breda Kolff,杰阿恩-夫阿恩 布尔埃德阿 克奥尔弗弗
89,Nick Van Exel,尼克-夫阿恩 埃克斯埃尔
1496,Keith Van Horn,基思-夫阿恩 赫奥尔恩
78406,Norm Van Lier,恩奥尔姆-夫阿恩 尔伊埃尔
1627832,Fred VanVleet,弗雷德-范弗利特
78402,Gene Vance,格埃恩埃-夫阿恩克埃
78403,Log Vander Velden,尔奥格-夫德埃尔 夫埃尔德埃恩
1629020,Jarred Vanderbilt,杰阿尔尔埃德-夫德埃尔布伊尔特
78405,Ernie Vandeweghe,埃尔恩伊埃-夫德埃沃埃格赫埃
78404,Kiki Vandeweghe,克伊克伊-夫德埃沃埃格赫埃
78407,Nick Vanos,尼克-夫阿恩奥斯
2128,David Vanterpool,戴维-夫阿恩特普奥奥尔
2237,Ratko Varda,尔阿特克奥-夫德阿
2760,Anderson Varejao,安德森-瓦莱乔
202363,Jarvis Varnado,杰阿尔夫伊斯-夫阿尔恩阿德奥
202349,Greivis Vasquez,格尔埃伊夫伊斯-夫阿斯克乌埃兹
1630170,Devin Vassell,德文-夫阿斯尔尔
78409,Charles Vaughn,查尔斯-沃恩
710,David Vaughn,戴维-沃恩
1521,Jacque Vaughn,杰阿克克乌埃-沃恩
1626173,Rashad Vaughn,尔阿什阿德-沃恩
78411,Virgil Vaughn,夫伊尔格伊尔-沃恩
919,Loy Vaught,尔奥伊-夫阿乌格赫特
78413,Bob Verga,鲍勃-夫埃尔格阿
78414,Peter Verhoeven,普埃特-夫埃尔赫奥埃夫埃恩
202686,Jan Vesely,杰阿恩-夫埃斯埃尔伊
78415,Gundars Vetra,格乌恩德阿尔斯-夫埃特尔阿
1628426,Sasha Vezenkov,斯阿什阿-夫埃兹埃恩克奥夫
78416,Joao Vianna,杰奥阿奥-夫伊阿纳
1630492,Luca Vildoza,尔乌克阿-夫伊尔德奥兹阿
101111,Charlie Villanueva,奇阿尔尔伊埃-维拉纽瓦
1629216,Gabe Vincent,格阿布埃-文森特
78418,Jay Vincent,杰伊-文森特
78417,Sam Vincent,萨姆-文森特
200790,Marcus Vinicius,马库斯-夫伊恩伊克伊乌斯
1844,Fred Vinson,弗雷德-夫伊恩森
78419,Gary Voce,加里-夫奥克埃
78420,Floyd Volker,弗尔奥伊德-夫奥尔克埃尔
78421,Alexander Volkov,亚历山大-夫奥尔克奥夫
78422,Whitey Von Nieda,沃赫伊特埃伊-夫奥恩 恩伊埃德阿
203943,Noah Vonleh,诺厄-夫奥恩尔埃赫
2063,Jake Voskuhl,杰克-夫奥斯克乌赫尔
78423,Danny Vranes,丹尼-夫尔阿恩埃斯
2582,Slavko Vranes,斯尔阿夫克奥-夫尔阿恩埃斯
1037,Stojko Vrankovic,斯特奥杰克奥-夫尔阿恩克奥夫伊克
78425,Brett Vroman,布尔特-夫尔奥曼
2761,Jackson Vroman,杰克逊-夫尔奥曼
2756,Sasha Vujacic,斯阿什阿-夫乌杰阿克伊克
1641774,Tristan Vukcevic,特里斯特阿恩-夫乌克克埃夫伊克
202696,Nikola Vučević,尼科拉-夫乌č埃夫伊ć
1629731,Dean Wade,迪安-韦德
2548,Dwyane Wade,德维恩-韦德
78426,Mark Wade,马克-韦德
101144,Von Wafer,夫奥恩-沃阿弗埃尔
78427,Clint Wager,克林特-沃阿格埃尔
2402,Dajuan Wagner,德阿杰乌阿恩-瓦格纳
78428,Danny Wagner,丹尼-瓦格纳
1630532,Franz Wagner,弗尔阿恩兹-瓦格纳
78429,Milt Wagner,姆伊尔特-瓦格纳
1629021,Moritz Wagner,姆奥尔伊特兹-瓦格纳
1630688,Ish Wainright,伊什-沃阿伊恩尔伊格赫特
203079,Dion Waiters,德伊奥恩-韦特斯
78430,Granville Waiters,格尔阿恩夫伊尔尔埃-韦特斯
78431,Andre Wakefield,安德烈-沃阿克埃弗伊尔德
78432,Neal Walk,尼尔-沃阿尔克
78433,Andy Walker,安迪-沃克
952,Antoine Walker,安托万-沃克
78434,Brady Walker,布尔阿德伊-沃克
78435,Chet Walker,奇埃特-沃克
78437,Darrell Walker,德阿尔尔尔-沃克
78436,Foots Walker,弗奥奥特斯-沃克
201611,Henry Walker,亨利-沃克
78438,Horace Walker,赫奥尔阿克埃-沃克
1631133,Jabari Walker,贾巴里-沃克
1641716,Jarace Walker,杰阿尔阿克埃-沃克
78439,Jimmy Walker,吉米-沃克
202689,Kemba Walker,克埃姆布阿-沃克
78440,Kenny Walker,肯尼-沃克
1630640,MJ Walker,姆杰-沃克
78441,Phil Walker,菲尔-沃克
955,Samaki Walker,斯阿姆阿克伊-沃克
78442,Wally Walker,沃阿尔尔伊-沃克
1629022,Lonnie Walker IV,朗尼-沃阿尔克埃尔 伊夫
202322,John Wall,约翰-沃尔
1112,Ben Wallace,本-华莱士
1641717,Cason Wallace,克阿森-华莱士
2222,Gerald Wallace,杰拉德-华莱士
961,John Wallace,约翰-华莱士
1630811,Keaton Wallace,克埃阿顿-华莱士
78443,Michael Wallace,迈克尔-华莱士
739,Rasheed Wallace,尔阿什埃埃德-华莱士
1627820,Tyrone Wallace,特伊尔奥恩埃-华莱士
78444,Dwight Waller,德怀特-沃阿勒
78445,Jamie Waller,杰阿姆伊埃-沃阿勒
78446,Jim Walsh,吉姆-沃尔什
1641775,Jordan Walsh,乔丹-沃尔什
101190,Matt Walsh,马特-沃尔什
1642266,Ja'Kobe Walter,杰阿克奥布埃-沃阿尔特
777,Rex Walters,尔埃克斯-沃阿尔特斯
78447,Paul Walther,保罗-沃阿尔思埃尔
78448,Rabbit Walthour,尔阿布布伊特-沃阿尔思奥乌尔
78450,Bill Walton,比尔-沃顿
78449,Lloyd Walton,劳埃德-沃顿
2575,Luke Walton,卢克-沃顿
1628476,Derrick Walton Jr.,德里克-沃阿尔顿 杰尔.
202954,Brad Wanamaker,布尔阿德-沃阿恩阿姆阿克埃尔
78453,Bobby Wanzer,博比-沃阿恩兹埃尔
78454,Perry Warbington,佩里-沃阿尔布伊恩顿
369,Charlie Ward,奇阿尔尔伊埃-沃德
78455,Gerry Ward,格埃尔尔伊-沃德
78456,Henry Ward,亨利-沃德
203810,Casper Ware,克阿斯普埃尔-沃阿尔埃
78457,Jim Ware,吉姆-沃阿尔埃
1642276,Kel'el Ware,克埃尔埃尔-沃阿尔埃
78458,Ben Warley,本-沃阿尔利
78459,Bob Warlick,鲍勃-沃阿尔尔克
78460,Cornell Warner,克奥尔恩尔-沃阿尔纳
1627866,Jameel Warney,杰阿姆埃埃尔-沃阿尔恩埃伊
78461,Johnny Warren,约翰尼-沃伦
203933,T.J. Warren,TJ-沃伦
202378,Willie Warren,沃伊尔尔伊埃-沃伦
78462,Bryan Warrick,布尔伊阿恩-沃阿尔尔克
101124,Hakim Warrick,赫阿克伊姆-沃阿尔尔克
78463,Chris Washburn,克里斯-沃阿什布乌尔恩
1627395,Julian Washburn,朱利安-沃阿什布乌尔恩
78469,Bobby Washington,博比-华盛顿
200827,Darius Washington,达里厄斯-华盛顿
78464,Duane Washington,德乌阿恩埃-华盛顿
78465,Dwayne Washington,德韦恩-华盛顿
1540,Eric Washington,埃里克-华盛顿
78466,Jim Washington,吉姆-华盛顿
78467,Kermit Washington,克埃尔姆伊特-华盛顿
1629023,P.J. Washington,普.杰.-华盛顿
78468,Richard Washington,尔伊奇德-华盛顿
78470,Stan Washington,斯坦-华盛顿
78471,Wilson Washington,威尔逊-华盛顿
1630613,Duane Washington Jr.,德乌阿恩埃-沃阿什伊恩顿 杰尔.
1631102,TyTy Washington Jr.,特伊特伊-沃阿什伊恩顿 杰尔.
1629139,Yuta Watanabe,渡边-沃阿特阿恩阿布埃
1629682,Tremont Waters,特里蒙特-沃特斯
1630322,Lindy Waters III,尔伊恩德伊-沃阿特斯 伊伊伊
1630570,Trendon Watford,特伦登-沃阿特弗奥尔德
201208,Darryl Watkins,德阿尔尔伊尔-沃阿特克伊恩斯
1642364,Jamir Watkins,杰阿姆伊尔-沃阿特克伊恩斯
1641817,Anton Watson,阿恩顿-沃森
201228,C.J. Watson,克.杰.-沃森
2248,Earl Watson,厄尔-沃森
320,Jamie Watson,杰阿姆伊埃-沃森
1628778,Paul Watson,保罗-沃森
1631212,Peyton Watson,佩顿-沃森
78474,Ron Watts,罗恩-沃阿特特斯
78473,Slick Watts,斯尔克-沃阿特特斯
203146,Maalik Wayns,姆阿阿尔伊克-沃阿伊恩斯
204033,David Wear,戴维-沃埃阿尔
204037,Travis Wear,特尔阿夫伊斯-沃埃阿尔
221,Clar. Weatherspoon,克尔阿尔.-沃埃阿思埃尔斯普奥奥恩
78475,Nick Weatherspoon,尼克-沃埃阿思埃尔斯普奥奥恩
1629683,Quinndary Weatherspoon,奎恩恩德阿尔伊-沃埃阿思埃尔斯普奥奥恩
201602,Kyle Weaver,凯尔-韦弗
78477,Jeff Webb,杰夫-韦伯
78478,Marcus Webb,马库斯-韦伯
892,Spud Webb,斯珀德-韦伯
1627821,James Webb III,詹姆斯-沃埃布布 伊伊伊
185,Chris Webber,克里斯-韦伯
1627362,Briante Weber,布尔伊阿恩特埃-韦伯
78479,Forest Weber,弗奥尔埃斯特-韦伯
1067,Jeff Webster,杰夫-沃埃布斯特
101110,Martell Webster,姆阿尔特尔-沃埃布斯特
78481,Marvin Webster,马文-沃埃布斯特
78482,Scott Wedman,斯科特-沃埃德曼
201603,Sonny Weems,森恩伊-沃埃埃姆斯
78483,Dick Wehr,迪克-沃埃赫尔
78484,Brant Weidner,布尔阿恩特-沃埃伊德纳
78485,Bob Weiss,鲍勃-沃埃伊斯斯
78486,Rick Weitzman,里克-沃埃伊特兹曼
1719,Bonzi Wells,布奥恩兹伊-沃尔斯
1528,Bubba Wells,布乌布布阿-沃尔斯
1642377,Jaylen Wells,杰伦-沃尔斯
78488,Owen Wells,欧文-沃尔斯
78489,Ralph Wells,拉尔夫-沃尔斯
1846,Chris Welp,克里斯-沃埃尔普
2412,Jiri Welsch,杰伊尔伊-沃埃尔斯奇
1629118,Thomas Welsh,托马斯-沃埃尔什
1641705,Victor Wembanyama,维克托-沃埃姆布阿恩伊阿姆阿
82,Bill Wennington,比尔-沃埃恩恩伊恩顿
78492,Matt Wenstrom,马特-沃埃恩斯特罗姆
438,Robert Werdann,罗伯特-沃埃尔德阿恩恩
78494,Ray Wertis,雷-沃特伊斯
1631104,Blake Wesley,布雷克-韦斯利
133,David Wesley,戴维-韦斯利
78495,Walt Wesley,沃尔特-韦斯利
2561,David West,戴维-韦斯特
2753,Delonte West,德埃尔奥恩特埃-韦斯特
28,Doug West,德奥乌格-韦斯特
78497,Jerry West,杰里-韦斯特
201238,Mario West,马里奥-韦斯特
770,Mark West,马克-韦斯特
78499,Roland West,尔奥尔德-韦斯特
201566,Russell Westbrook,拉塞尔-韦斯特布鲁克
78500,Paul Westphal,保罗-沃埃斯特普赫阿尔
78501,John Wetzel,约翰-沃埃特兹埃尔
101156,Robert Whaley,罗伯特-沃赫阿利
941,Ennis Whatley,埃恩恩伊斯-沃赫阿特利
1545,DeJuan Wheat,德埃杰乌阿恩-沃赫埃阿特
78504,Clinton Wheeler,克尔伊恩顿-沃赫埃埃尔埃尔
1630762,Phillip Wheeler,普赫伊尔尔伊普-沃赫埃埃尔埃尔
1755,Tyson Wheeler,特伊森-沃赫埃埃尔埃尔
78506,Lucian Whitaker,尔乌克伊阿恩-沃赫伊特阿克埃尔
1629632,Coby White,科比-怀特
201591,DJ White,德杰-怀特
1628401,Derrick White,德里克-怀特
78507,Eric White,埃里克-怀特
78508,Herb White,赫埃尔布-怀特
78509,Hubie White,赫乌布伊埃-怀特
1631298,Jack White,杰克-怀特
1751,Jahidi White,贾伊德伊-怀特
200778,James White,詹姆斯-怀特
78510,Jojo White,杰奥杰奥-怀特
1627855,Okaro White,奥卡罗-怀特
1839,Randy White,兰迪-怀特
2206,Rodney White,罗德尼-怀特
78512,Rory White,尔奥尔伊-怀特
203091,Royce White,罗伊斯-怀特
78513,Rudy White,鲁迪-怀特
202358,Terrico White,特尔伊克奥-怀特
78514,Tony White,托尼-怀特
78515,Willie White,沃伊尔尔伊埃-怀特
1628510,Andrew White III,安德鲁-沃赫伊特埃 伊伊伊
1641727,Dariq Whitehead,德阿尔伊克-怀特黑德
1627785,Isaiah Whitehead,以赛亚-怀特黑德
78516,Jerome Whitehead,杰埃尔奥姆埃-怀特黑德
1126,Donald Whiteside,德奥恩阿尔德-怀特塞德
202355,Hassan Whiteside,哈桑-怀特塞德
730,Dwayne Whitfield,德韦恩-沃赫伊特弗伊尔德
1641715,Cam Whitmore,克阿姆-沃赫伊特姆奥尔埃
78519,Charles Whitney,查尔斯-沃赫伊特恩埃伊
43,Chris Whitney,克里斯-沃赫伊特恩埃伊
204222,Greg Whittington,格雷格-惠廷顿
203963,Shayne Whittington,什阿伊恩埃-惠廷顿
78520,Sidney Wicks,斯伊德恩埃伊-沃克斯
78521,Murray Wier,默里-沃伊埃尔
78522,Bob Wiesenhahn,鲍勃-沃伊埃斯埃恩赫阿赫恩
1630580,Joe Wieskamp,乔-沃伊埃斯克阿姆普
1630598,Aaron Wiggins,阿龙-威金斯
203952,Andrew Wiggins,安德鲁-威金斯
78523,Mitchell Wiggins,米切尔-威金斯
1629623,Lindell Wigginton,尔伊恩德尔-沃伊格格伊恩顿
78524,Ken Wilburn,肯-沃伊尔布乌尔恩
203912,C.J. Wilcox,克.杰.-沃伊尔克奥克斯
2404,Chris Wilcox,克里斯-沃伊尔克奥克斯
78525,D.C. Wilcutt,德.克.-沃伊尔克乌特特
78526,Gene Wiley,格埃恩埃-沃伊利
1628451,Jacob Wiley,雅各布-沃伊利
78527,Michael Wiley,迈克尔-沃伊利
78528,Morlon Wiley,姆奥尔尔奥恩-沃伊利
78529,Win Wilfong,沃伊恩-沃伊尔弗奥恩
78530,Lenny Wilkens,伦恩伊-沃伊尔克埃恩斯
78531,Bob Wilkerson,鲍勃-沃伊尔克埃尔森
78532,Jamaal Wilkes,贾马尔-沃伊尔克埃斯
78533,James Wilkes,詹姆斯-沃伊尔克埃斯
2863,Damien Wilkins,德阿姆伊埃恩-威尔金斯
1122,Dominique Wilkins,德奥姆伊恩伊克乌埃-威尔金斯
78534,Eddielee Wilkins,埃德德伊尔埃埃-威尔金斯
786,Gerald Wilkins,杰拉德-威尔金斯
78537,Jeff Wilkins,杰夫-威尔金斯
78538,Dale Wilkinson,德阿尔埃-沃伊尔克伊恩森
2366,Mike Wilks,迈克-沃伊尔克斯
1425,Aaron Williams,阿龙-威廉姆斯
1626210,Alan Williams,阿尔阿恩-威廉姆斯
1631214,Alondes Williams,阿尔奥恩德埃斯-威廉姆斯
1541,Alvin Williams,阿尔夫伊恩-威廉姆斯
1642873,Amari Williams,阿姆阿尔伊-威廉姆斯
78539,Arthur Williams,阿尔思乌尔-威廉姆斯
78540,Bernie Williams,布埃尔恩伊埃-威廉姆斯
78564,Bob Williams,鲍勃-威廉姆斯
1585,Brandon Williams,布兰登-威廉姆斯
1630314,Brandon Williams,布兰登-威廉姆斯
433,Buck Williams,布乌克-威廉姆斯
203710,C.J. Williams,克.杰.-威廉姆斯
78547,Chuck Williams,查克-威廉姆斯
78541,Chuckie Williams,奇乌克伊埃-威廉姆斯
78543,Cliff Williams,克尔伊弗弗-威廉姆斯
1642262,Cody Williams,科迪-威廉姆斯
200603,Corey Williams,克奥尔埃伊-威廉姆斯
101114,Deron Williams,德奥恩-威廉姆斯
202682,Derrick Williams,德里克-威廉姆斯
78545,Don Williams,唐-威廉姆斯
1631495,Donovan Williams,多诺万-威廉姆斯
78546,Earl Williams,厄尔-威廉姆斯
202343,Elliot Williams,尔伊奥特-威廉姆斯
677,Eric Williams,埃里克-威廉姆斯
2421,Frank Williams,弗兰克-威廉姆斯
78548,Freeman Williams,弗尔埃埃曼-威廉姆斯
1629684,Grant Williams,格兰特-威廉姆斯
78549,Gus Williams,格斯-威廉姆斯
78550,Guy Williams,格乌伊-威廉姆斯
1006,Herb Williams,赫埃尔布-威廉姆斯
73,Hot Rod Williams,赫奥特-尔奥德 沃伊尔尔厄姆斯
1631114,Jalen Williams,杰伦-威廉姆斯
1715,Jason Williams,贾森-威廉姆斯
101214,Jawad Williams,杰阿沃阿德-威廉姆斯
2398,Jay Williams,杰伊-威廉姆斯
1631119,Jaylin Williams,杰阿伊尔伊恩-威廉姆斯
420,Jayson Williams,杰森-威廉姆斯
966,Jerome Williams,杰埃尔奥姆埃-威廉姆斯
78554,John Williams,约翰-威廉姆斯
1629140,Johnathan Williams,乔纳森-威廉姆斯
202716,Jordan Williams,乔丹-威廉姆斯
200818,Justin Williams,贾斯廷-威廉姆斯
78555,Kenny Williams,肯尼-威廉姆斯
1629026,Kenrich Williams,肯里奇-威廉姆斯
78556,Kevin Williams,凯文-威廉姆斯
31,Lorenzo Williams,尔奥尔埃恩兹奥-威廉姆斯
101150,Lou Williams,尔奥乌-威廉姆斯
1642013,Malik Williams,马利克-威廉姆斯
200766,Marcus Williams,马库斯-威廉姆斯
201173,Marcus Williams,马库斯-威廉姆斯
1631109,Mark Williams,马克-威廉姆斯
101107,Marvin Williams,马文-威廉姆斯
52,Micheal Williams,姆伊奇埃阿尔-威廉姆斯
78558,Mike Williams,迈克-威廉姆斯
78560,Milt Williams,姆伊尔特-威廉姆斯
2590,Mo Williams,姆奥-威廉姆斯
42,Monty Williams,蒙特伊-威廉姆斯
78561,Nate Williams,内特-威廉姆斯
1631466,Nate Williams,内特-威廉姆斯
1630172,Patrick Williams,帕特里克-威廉姆斯
78566,Pete Williams,皮特-威廉姆斯
78571,Ray Williams,雷-威廉姆斯
199,Reggie Williams,雷吉-威廉姆斯
202130,Reggie Williams,雷吉-威廉姆斯
78563,Rickey Williams,尔克埃伊-威廉姆斯
78565,Rob Williams,尔奥布-威廉姆斯
78567,Ron Williams,罗恩-威廉姆斯
78568,Sam Williams,萨姆-威廉姆斯
78569,Samuel Williams,塞缪尔-威廉姆斯
281,Scott Williams,斯科特-威廉姆斯
201157,Sean Williams,肖恩-威廉姆斯
1742,Shammond Williams,什阿姆蒙德-威廉姆斯
200761,Shawne Williams,什阿沃恩埃-威廉姆斯
200749,Shelden Williams,什埃尔德埃恩-威廉姆斯
78570,Sly Williams,斯尔伊-威廉姆斯
201944,Terrence Williams,特尔埃恩克埃-威廉姆斯
1576,Travis Williams,特尔阿夫伊斯-威廉姆斯
1627786,Troy Williams,特洛伊-威廉姆斯
1005,Walt Williams,沃尔特-威廉姆斯
78573,Ward Williams,沃德-威廉姆斯
78574,Willie Williams,沃伊尔尔伊埃-威廉姆斯
1630533,Ziaire Williams,兹伊阿伊尔埃-威廉姆斯
1629057,Robert Williams III,罗伯特-沃伊尔尔厄姆斯 伊伊伊
1628475,Matt Williams Jr.,马特-沃伊尔尔厄姆斯 杰尔.
1631246,Vince Williams Jr.,文斯-沃伊尔尔厄姆斯 杰尔.
1628430,Nigel Williams-Goss,恩伊格埃尔-威廉姆斯-格奥斯斯
722,Corliss Williamson,克奥尔尔伊斯斯-威廉姆森
78575,John Williamson,约翰-威廉姆森
1631351,Lucas Williamson,尔乌克阿斯-威廉姆森
1629627,Zion Williamson,锡安-威廉姆森
788,Kevin Willis,凯文-威利斯
78577,Bill Willoughby,比尔-沃伊尔尔奥乌格赫布伊
2000,Dedric Willoughby,德埃德尔伊克-沃伊尔尔奥乌格赫布伊
78586,Bob Wilson,鲍勃-威尔逊
78585,Bobby Wilson,博比-威尔逊
1628391,D.J. Wilson,DJ-威尔逊
78579,George Wilson,乔治-威尔逊
78580,Isaiah Wilson,以赛亚-威尔逊
1630592,Jalen Wilson,杰伦-威尔逊
203966,Jamil Wilson,杰阿姆伊尔-威尔逊
78581,Mike Wilson,迈克-威尔逊
78582,Nikita Wilson,恩伊克伊特阿-威尔逊
78578,Othell Wilson,奥思尔-威尔逊
78583,Rick Wilson,里克-威尔逊
78584,Ricky Wilson,里基-威尔逊
78587,Thomas Wilson,托马斯-威尔逊
1027,Trevor Wilson,特雷弗-威尔逊
1627787,Kyle Wiltjer,凯尔-沃伊尔特杰埃尔
78589,Kennard Winchester,克埃纳尔德-沃伊恩奇埃斯特
78590,Tony Windis,托尼-沃伊恩德伊斯
1629685,Dylan Windler,迪伦-沃伊恩德尔埃尔
78591,John Windsor,约翰-沃伊恩德斯奥尔
78592,Lee Winfield,李-沃伊恩弗伊尔德
766,David Wingate,戴维-沃伊恩阿特埃
112,Dontonio Wingfield,德奥恩顿伊奥-沃伊恩弗伊尔德
78596,Harthorne Wingo,赫阿尔思奥尔恩埃-沃伊恩奥
78597,Marv Winkler,姆阿尔夫-沃伊恩克尔埃尔
1626159,Justise Winslow,朱斯特伊斯埃-温斯洛
1984,Rickie Winslow,尔克伊埃-温斯洛
1630216,Cassius Winston,卡修斯-温斯顿
1868,Trevor Winter,特雷弗-沃伊恩特
78600,Brian Winters,布赖恩-沃伊恩特斯
78601,Voise Winters,夫奥伊斯埃-沃伊恩特斯
78602,Willie Wise,沃伊尔尔伊埃-沃伊斯埃
1630164,James Wiseman,詹姆斯-怀斯曼
203481,Jeff Withey,杰夫-沃伊思埃伊
78603,Luke Witte,卢克-沃伊特
1456,Randy Wittman,兰迪-沃伊特特曼
78605,Garry Witts,格阿尔尔伊-沃伊特特斯
78606,Dave Wohl,戴夫-沃奥赫尔
1642874,Danny Wolf,丹尼-沃奥尔弗
341,Joe Wolf,乔-沃奥尔弗
2106,Ruben Wolkowyski,尔乌布埃恩-沃奥尔克奥沃伊斯克伊
203489,Nate Wolters,内特-沃奥尔特斯
1631209,Isaiah Wong,以赛亚-沃奥恩
78610,Al Wood,阿尔-伍德
78612,Bob Wood,鲍勃-伍德
1626174,Christian Wood,克里斯蒂安-伍德
116,David Wood,戴维-伍德
78609,Howard Wood,霍华德-伍德
78611,Leon Wood,利昂-伍德
1630218,Robert Woodard II,罗伯特-沃奥奥德德 伊伊
2254,Loren Woods,尔奥尔埃恩-伍兹
2417,Qyntel Woods,克伊恩特埃尔-伍兹
1010,Randy Woods,兰迪-伍兹
78614,Mike Woodson,迈克-伍德森
78615,Orlando Woolridge,奥尔尔德奥-沃奥奥尔尔伊德格埃
1629624,Kenny Wooten,肯尼-沃奥奥特埃恩
906,Haywoode Workman,赫阿伊沃奥奥德埃-沃奥尔克曼
78616,Mark Workman,马克-沃奥尔克曼
78617,Tom Workman,汤姆-沃奥尔克曼
1897,Metta World Peace,姆特阿-沃奥尔尔德 普埃阿克埃
78618,Sam Worthen,萨姆-沃奥尔思埃恩
1460,James Worthy,詹姆斯-沃西
101120,Antoine Wright,安托万-赖特
101152,Bracey Wright,布尔阿克埃伊-赖特
78620,Brad Wright,布尔阿德-赖特
201148,Brandan Wright,布尔德阿恩-赖特
202874,Chris Wright,克里斯-赖特
203203,Chris Wright,克里斯-赖特
1626153,Delon Wright,德埃尔奥恩-赖特
2748,Dorell Wright,德奥尔尔-赖特
78621,Howard Wright,霍华德-赖特
78622,Joby Wright,杰奥布伊-赖特
201153,Julian Wright,朱利安-赖特
78623,Larry Wright,拉里-赖特
953,Lorenzen Wright,尔奥尔埃恩兹埃恩-赖特
1007,Luther Wright,尔乌思埃尔-赖特
1630589,Moses Wright,摩西-赖特
412,Sharone Wright,什阿尔奥恩埃-赖特
1630593,McKinley Wright IV,姆克伊恩利-赖格赫特 伊夫
1629625,Justin Wright-Foreman,贾斯廷-赖特-弗奥尔埃曼
203100,Tony Wroten,托尼-罗特埃恩
78627,A.J. Wynder,AJ-沃伊恩德
1627824,Guerschon Yabusele,格乌埃尔斯奇奥恩-伊阿布乌斯埃尔埃
1642905,Yang Hansen,伊阿恩-赫阿恩斯埃恩
2397,Yao Ming,伊阿奥-姆伊恩
2428,Vincent Yarbrough,文森特-伊阿尔布尔奥乌格赫
78628,George Yardley,乔治-伊德利
78629,Barry Yates,巴里-伊阿特埃斯
78630,Wayne Yates,韦恩-伊阿特埃斯
78631,Charlie Yelverton,奇阿尔尔伊埃-伊埃尔夫特奥恩
201146,Yi Jianlian,伊伊-杰伊阿恩尔伊阿恩
78632,Rich Yonakor,里奇-伊奥恩阿克奥尔
1628221,Gabe York,格阿布埃-伊奥尔克
78633,Danny Young,丹尼-杨
1642443,Jahmir Young,贾姆伊尔-杨
203923,James Young,詹姆斯-杨
1626202,Joe Young,乔-杨
1748,Korleone Young,克奥尔尔埃奥恩埃-杨
78634,Michael Young,迈克尔-杨
201156,Nick Young,尼克-杨
78635,Perry Young,佩里-杨
201970,Sam Young,萨姆-杨
201152,Thaddeus Young,思阿德德埃乌斯-杨
1937,Tim Young,蒂姆-杨
1629027,Trae Young,特雷-杨
1642959,Chris Youngblood,克里斯-杨布拉德
1630209,Omer Yurtseven,奥姆埃尔-伊乌尔特斯埃夫埃恩
78638,Max Zaslofsky,马克斯-兹阿斯尔奥弗斯克伊
78639,Robert Zawoluk,罗伯特-兹阿沃奥尔乌克
203469,Cody Zeller,科迪-泽勒
78640,Dave Zeller,戴夫-泽勒
78641,Gary Zeller,加里-泽勒
78642,Hank Zeller,汉克-泽勒
202545,Luke Zeller,卢克-泽勒
203092,Tyler Zeller,泰勒-泽勒
78643,Tony Zeno,托尼-兹埃恩奥
78644,Phil Zevenbergen,菲尔-兹埃夫埃恩布埃尔格埃恩
1917,Wang Zhi-zhi,沃阿恩-兹赫伊-兹赫伊
678,George Zidek,乔治-兹伊德埃克
1642911,Rocco Zikarsky,尔奥克克奥-兹伊克阿尔斯克伊
2583,Derrick Zimmerman,德里克-兹伊姆姆埃尔曼
1627757,Stephen Zimmerman,斯蒂芬-兹伊姆姆埃尔曼
1627835,Paul Zipser,保罗-兹伊普斯埃尔
1627790,Ante Zizic,安特-兹伊兹伊克
78647,Jim Zoet,吉姆-兹奥埃特
78648,Bill Zopf,比尔-兹奥普弗
1627826,Ivica Zubac,伊维察-祖巴茨
78650,Matt Zunic,马特-兹乌恩伊克
1641783,Tristan da Silva,特里斯特阿恩-德阿 斯伊尔夫阿
1628427,Vlatko Čančar,弗拉特科-č阿恩č阿尔
1629071,LiAngelo Ball,尔伊阿恩埃尔奥-布阿尔尔
1631234,Marcus Bingham Jr.,马库斯-布伊恩赫阿姆 杰尔.
1631122,Gabe Brown,格阿布埃-布朗
1631347,Anthony Duruji,安东尼-德乌尔乌杰伊
1631300,Drake Jeffries,德拉克埃-杰埃弗弗尔伊埃斯
1630588,Makur Maker,姆阿克乌尔-姆阿克埃尔
1630627,Isaiah Miller,以赛亚-米勒
1626122,Makhtar N'diaye,姆阿克赫特阿尔-恩'德伊阿伊埃
1630321,Nate Pierre-Louis,内特-普伊埃尔尔埃-尔奥乌伊斯
