编号,英文名,效力球队(全称),效力球队(缩写),中文名
编号,英文名,效力球队(全称),效力球队(缩写),中文名
76001,Alaa Abdelnaby,Portland Trail Blazers|Milwaukee Bucks|Boston Celtics|Sacramento Kings|Philadelphia 76ers,POR|MIL|BOS|SAC|PHI,阿拉-阿卜杜勒纳比
76002,Zaid Abdul-Aziz,Milwaukee Bucks|Sacramento Kings|Oklahoma City Thunder|Houston Rockets|LA Clippers|Boston Celtics,MIL|SAC|OKC|HOU|LAC|BOS,扎伊德-阿卜杜尔-阿齐兹
76003,Kareem Abdul-Jabbar,Milwaukee Bucks|Los Angeles Lakers,MIL|LAL,卡里姆-阿卜杜勒-贾巴尔
51,Mahmoud Abdul-Rauf,Denver Nuggets|Sacramento Kings|Memphis Grizzlies,DEN|SAC|MEM,马赫莫乌德-阿卜杜尔-拉乌夫
1505,Tariq Abdul-Wahad,Sacramento Kings|Orlando Magic|Denver Nuggets|Dallas Mavericks,SAC|ORL|DEN|DAL,塔里克-阿卜杜尔-瓦哈德
949,Shareef Abdur-Rahim,Memphis Grizzlies|Atlanta Hawks|Portland Trail Blazers|Sacramento Kings,MEM|ATL|POR|SAC,什阿尔伊夫-阿布杜尔-拉希姆
76005,Tom Abernethy,Los Angeles Lakers|Golden State Warriors|Indiana Pacers,LAL|GSW|IND,汤姆-阿贝尔内斯伊
203518,Alex Abrines,Oklahoma City Thunder,OKC,阿莱士-阿布里内斯
1630173,Precious Achiuwa,Miami Heat|Toronto Raptors|New York Knicks|Sacramento Kings,MIA|TOR|NYK|SAC,普雷西乌斯-阿奇伊乌瓦
101165,Alex Acker,Detroit Pistons|LA Clippers,DET|LAC,阿莱士-阿克
76009,Mark Acres,Boston Celtics|Orlando Magic|Houston Rockets|Washington Wizards,BOS|ORL|HOU|WAS,马克-阿克雷斯
203112,Quincy Acy,Toronto Raptors|Sacramento Kings|New York Knicks|Dallas Mavericks|Brooklyn Nets|Phoenix Suns,TOR|SAC|NYK|DAL|BKN|PHX,昆西-阿克伊
76011,Alvan Adams,Phoenix Suns,PHX,阿尔瓦恩-亚当斯
76012,Don Adams,Houston Rockets|Atlanta Hawks|Detroit Pistons|LA Clippers,HOU|ATL|DET|LAC,唐-亚当斯
200801,Hassan Adams,Brooklyn Nets|Toronto Raptors,BKN|TOR,哈斯萨恩-亚当斯
1629121,Jaylen Adams,Atlanta Hawks|Milwaukee Bucks,ATL|MIL,杰伦-亚当斯
203919,Jordan Adams,Memphis Grizzlies,MEM,乔丹-亚当斯
149,Michael Adams,Sacramento Kings|Washington Wizards|Denver Nuggets|Charlotte Hornets,SAC|WAS|DEN|CHA,迈克尔-亚当斯
203500,Steven Adams,Oklahoma City Thunder|New Orleans Pelicans|Memphis Grizzlies|Houston Rockets,OKC|NOP|MEM|HOU,史蒂文-亚当斯
912,Rafael Addison,Phoenix Suns|Brooklyn Nets|Detroit Pistons|Charlotte Hornets,PHX|BKN|DET|CHA,拉法伊尔-阿德迪森
1628389,Bam Adebayo,Miami Heat,MIA,巴姆-阿德巴约
76015,Rick Adelman,Houston Rockets|Portland Trail Blazers|Chicago Bulls|Utah Jazz|Sacramento Kings,HOU|POR|CHI|UTA|SAC,里克-阿德尔曼
202399,Jeff Adrien,Golden State Warriors|Houston Rockets|Charlotte Hornets|Milwaukee Bucks|Minnesota Timberwolves,GSW|HOU|CHA|MIL|MIN,杰夫-阿德里伊恩
201167,Arron Afflalo,Detroit Pistons|Denver Nuggets|Orlando Magic|Portland Trail Blazers|New York Knicks|Sacramento Kings,DET|DEN|ORL|POR|NYK|SAC,阿隆-阿弗拉罗
1630534,Ochai Agbaji,Utah Jazz|Toronto Raptors|Brooklyn Nets,UTA|TOR|BKN,奥奇艾-阿格布阿吉
200772,Maurice Ager,Dallas Mavericks|Brooklyn Nets|Minnesota Timberwolves,DAL|BKN|MIN,莫里斯-艾奇尔
76016,Mark Aguirre,Dallas Mavericks|Detroit Pistons|LA Clippers,DAL|DET|LAC,马克-阿古伊尔
201336,Blake Ahearn,Miami Heat|San Antonio Spurs|Utah Jazz,MIA|SAS|UTA,布雷克-阿亨
76017,Danny Ainge,Boston Celtics|Sacramento Kings|Portland Trail Blazers|Phoenix Suns,BOS|SAC|POR|PHX,丹尼-安吉
201582,Alexis Ajinca,Charlotte Hornets|Dallas Mavericks|Toronto Raptors|New Orleans Pelicans,CHA|DAL|TOR|NOP,阿尔埃克斯伊斯-阿金萨
76018,Henry Akin,New York Knicks|Oklahoma City Thunder,NYK|OKC,亨利-阿基恩
202374,Solomon Alabi,Toronto Raptors,TOR,斯奥尔奥蒙-阿拉比
76019,Mark Alarie,Denver Nuggets|Washington Wizards,DEN|WAS,马克-阿拉里
76020,Gary Alcorn,Detroit Pistons|Los Angeles Lakers,DET|LAL,加里-阿尔科尔恩
1630583,Santi Aldama,Memphis Grizzlies,MEM,萨恩蒂-阿尔达马
202332,Cole Aldrich,Oklahoma City Thunder|Houston Rockets|Sacramento Kings|New York Knicks|LA Clippers|Minnesota Timberwolves,OKC|HOU|SAC|NYK|LAC|MIN,科尔-阿尔德里奇
200746,LaMarcus Aldridge,Portland Trail Blazers|San Antonio Spurs|Brooklyn Nets,POR|SAS|BKN,拉马尔库斯-阿尔德里德格
724,Cory Alexander,San Antonio Spurs|Denver Nuggets|Orlando Magic|Charlotte Hornets,SAS|DEN|ORL|CHA,科里-亚历山大
2042,Courtney Alexander,Dallas Mavericks|Washington Wizards|New Orleans Pelicans,DAL|WAS|NOP,考特尼-亚历山大
76022,Gary Alexander,Miami Heat|Cleveland Cavaliers,MIA|CLE,加里-亚历山大
201570,Joe Alexander,Milwaukee Bucks|Chicago Bulls,MIL|CHI,乔-亚历山大
1641725,Trey Alexander,Denver Nuggets|New Orleans Pelicans,DEN|NOP,特雷-亚历山大
2349,Victor Alexander,Golden State Warriors|Detroit Pistons,GSW|DET,维克托-亚历山大
1629638,Nickeil Alexander-Walker,New Orleans Pelicans|Utah Jazz|Minnesota Timberwolves|Atlanta Hawks,NOP|UTA|MIN|ATL,尼克艾尔-亚历山大-沃克
76024,Steve Alford,Dallas Mavericks|Golden State Warriors,DAL|GSW,史蒂夫-阿尔福德
1628960,Grayson Allen,Utah Jazz|Memphis Grizzlies|Milwaukee Bucks|Phoenix Suns,UTA|MEM|MIL|PHX,格雷森-阿伦
1628386,Jarrett Allen,Brooklyn Nets|Cleveland Cavaliers,BKN|CLE,贾勒特-阿伦
706,Jerome Allen,Minnesota Timberwolves|Indiana Pacers|Denver Nuggets,MIN|IND|DEN,杰罗姆-阿伦
1628443,Kadeem Allen,Boston Celtics|New York Knicks,BOS|NYK,卡迪姆-艾伦
202730,Lavoy Allen,Philadelphia 76ers|Indiana Pacers,PHI|IND,拉沃伊-阿伦
76027,Lucius Allen,Oklahoma City Thunder|Milwaukee Bucks|Los Angeles Lakers|Sacramento Kings,OKC|MIL|LAL|SAC,卢西乌斯-阿伦
2124,Malik Allen,Miami Heat|Charlotte Hornets|Chicago Bulls|Brooklyn Nets|Dallas Mavericks|Milwaukee Bucks|Denver Nuggets|Orlando Magic,MIA|CHA|CHI|BKN|DAL|MIL|DEN|ORL,马利克-阿伦
76025,Randy Allen,Sacramento Kings,SAC,兰迪-阿伦
951,Ray Allen,Milwaukee Bucks|Oklahoma City Thunder|Boston Celtics|Miami Heat,MIL|OKC|BOS|MIA,雷-阿伦
2754,Tony Allen,Boston Celtics|Memphis Grizzlies|New Orleans Pelicans,BOS|MEM|NOP,托尼-阿伦
201165,Morris Almond,Utah Jazz|Washington Wizards,UTA|WAS,莫里斯-阿尔莫恩德
308,Derrick Alston,Philadelphia 76ers|Atlanta Hawks,PHI|ATL,德里克-阿尔斯顿
1747,Rafer Alston,Milwaukee Bucks|Toronto Raptors|Miami Heat|Houston Rockets|Orlando Magic|Brooklyn Nets,MIL|TOR|MIA|HOU|ORL|BKN,拉费尔-阿尔斯顿
1630631,Jose Alvarado,New Orleans Pelicans|New York Knicks,NOP|NYK,何塞-阿尔瓦拉多
680,John Amaechi,Cleveland Cavaliers|Orlando Magic|Utah Jazz,CLE|ORL|UTA,约翰-姆阿伊奇伊
732,Ashraf Amaya,Memphis Grizzlies|Washington Wizards,MEM|WAS,阿斯赫拉夫-阿马亚
202329,Al-Farouq Aminu,LA Clippers|New Orleans Pelicans|Dallas Mavericks|Portland Trail Blazers|Orlando Magic|Chicago Bulls,LAC|NOP|DAL|POR|ORL|CHI,艾尔-法鲁克-阿米奴
200811,Lou Amundson,Utah Jazz|Philadelphia 76ers|Phoenix Suns|Golden State Warriors|Indiana Pacers|Minnesota Timberwolves|Chicago Bulls|New Orleans Pelicans|Cleveland Cavaliers|New York Knicks,UTA|PHI|PHX|GSW|IND|MIN|CHI|NOP|CLE|NYK,卢-姆乌恩德森
2365,Chris Andersen,Denver Nuggets|New Orleans Pelicans|Miami Heat|Memphis Grizzlies|Cleveland Cavaliers,DEN|NOP|MIA|MEM|CLE,克里斯-安德尔森
2431,David Andersen,Houston Rockets|Toronto Raptors|New Orleans Pelicans,HOU|TOR|NOP,大卫-安德尔森
101187,Alan Anderson,Charlotte Hornets|Toronto Raptors|Brooklyn Nets|Washington Wizards|LA Clippers,CHA|TOR|BKN|WAS|LAC,阿兰-安德森
76035,Cliff Anderson,Los Angeles Lakers|Cleveland Cavaliers|Philadelphia 76ers,LAL|CLE|PHI,克利夫-安德森
76036,Daniel Anderson,Portland Trail Blazers,POR,丹尼尔-安德森
1507,Derek Anderson,Cleveland Cavaliers|LA Clippers|San Antonio Spurs|Portland Trail Blazers|Houston Rockets|Miami Heat|Charlotte Hornets,CLE|LAC|SAS|POR|HOU|MIA|CHA,德里克-安德森
944,Eric Anderson,New York Knicks,NYK,埃里克-安德森
246,Greg Anderson,San Antonio Spurs|Milwaukee Bucks|Brooklyn Nets|Denver Nuggets|Detroit Pistons|Atlanta Hawks,SAS|MIL|BKN|DEN|DET|ATL,格雷格-安德森
202341,James Anderson,San Antonio Spurs|Houston Rockets|Philadelphia 76ers|Sacramento Kings,SAS|HOU|PHI|SAC,詹姆斯-安德森
76040,Jerome Anderson,Boston Celtics|Indiana Pacers,BOS|IND,杰罗姆-安德森
1626147,Justin Anderson,Dallas Mavericks|Philadelphia 76ers|Atlanta Hawks|Brooklyn Nets|Cleveland Cavaliers|Indiana Pacers,DAL|PHI|ATL|BKN|CLE|IND,贾斯汀-安德森
72,Kenny Anderson,Brooklyn Nets|Charlotte Hornets|Portland Trail Blazers|Boston Celtics|Oklahoma City Thunder|New Orleans Pelicans|Indiana Pacers|Atlanta Hawks|LA Clippers,BKN|CHA|POR|BOS|OKC|NOP|IND|ATL|LAC,肯尼-安德森
203937,Kyle Anderson,San Antonio Spurs|Memphis Grizzlies|Minnesota Timberwolves|Golden State Warriors|Miami Heat|Utah Jazz,SAS|MEM|MIN|GSW|MIA|UTA,凯尔-安德森
76043,Mitchell Anderson,Philadelphia 76ers|Utah Jazz,PHI|UTA,米切尔-安德森
98,Nick Anderson,Orlando Magic|Sacramento Kings|Memphis Grizzlies,ORL|SAC|MEM,尼克-安德森
76045,Richard Anderson,LA Clippers|Denver Nuggets|Houston Rockets|Portland Trail Blazers|Charlotte Hornets,LAC|DEN|HOU|POR|CHA,理查德-安德森
76046,Ron Anderson,Cleveland Cavaliers|Indiana Pacers|Philadelphia 76ers|Brooklyn Nets|Washington Wizards,CLE|IND|PHI|BKN|WAS,罗恩-安德森
201583,Ryan Anderson,Brooklyn Nets|Orlando Magic|New Orleans Pelicans|Houston Rockets|Phoenix Suns|Miami Heat,BKN|ORL|NOP|HOU|PHX|MIA,莱恩-安德森
1000,Shandon Anderson,Utah Jazz|Houston Rockets|New York Knicks|Miami Heat,UTA|HOU|NYK|MIA,什安登-安德森
335,Willie Anderson,San Antonio Spurs|Toronto Raptors|New York Knicks|Miami Heat,SAS|TOR|NYK|MIA,威利-安德森
1628387,Ike Anigbogu,Indiana Pacers,IND,伊凯-阿尼格博古
76050,Michael Ansley,Orlando Magic|Philadelphia 76ers|Charlotte Hornets,ORL|PHI|CHA,迈克尔-安斯利
1512,Chris Anstey,Dallas Mavericks|Chicago Bulls,DAL|CHI,克里斯-安斯特伊
203507,Giannis Antetokounmpo,Milwaukee Bucks,MIL,扬尼斯-阿德托昆博
1628961,Kostas Antetokounmpo,Dallas Mavericks|Los Angeles Lakers,DAL|LAL,科斯塔斯-阿德托昆博
203648,Thanasis Antetokounmpo,New York Knicks|Milwaukee Bucks,NYK|MIL,斯安阿斯伊斯-阿德托昆博
2546,Carmelo Anthony,Denver Nuggets|New York Knicks|Oklahoma City Thunder|Houston Rockets|Portland Trail Blazers|Los Angeles Lakers,DEN|NYK|OKC|HOU|POR|LAL,卡梅隆-安东尼
1630175,Cole Anthony,Orlando Magic|Milwaukee Bucks,ORL|MIL,科尔-安东尼
21,Greg Anthony,New York Knicks|Memphis Grizzlies|Oklahoma City Thunder|Portland Trail Blazers|Chicago Bulls|Milwaukee Bucks,NYK|MEM|OKC|POR|CHI|MIL,格雷格-安东尼
201202,Joel Anthony,Miami Heat|Boston Celtics|Detroit Pistons|San Antonio Spurs,MIA|BOS|DET|SAS,乔尔-安东尼
203544,Pero Antic,Atlanta Hawks,ATL,佩罗-安蒂奇
1628384,OG Anunoby,Toronto Raptors|New York Knicks,TOR|NYK,OG-阿奴诺比
2737,Rafael Araujo,Toronto Raptors|Utah Jazz,TOR|UTA,拉斐尔-阿劳若
76054,Nate Archibald,Sacramento Kings|Brooklyn Nets|Boston Celtics|Milwaukee Bucks,SAC|BKN|BOS|MIL,内特-阿奇博尔德
2425,Robert Archibald,Memphis Grizzlies|Phoenix Suns|Orlando Magic|Toronto Raptors,MEM|PHX|ORL|TOR,罗伯特-阿尔奇伊布阿尔德
1627853,Ryan Arcidiacono,Chicago Bulls|New York Knicks|Portland Trail Blazers,CHI|NYK|POR,莱恩-阿尔西迪阿科诺
76055,Jim Ard,Boston Celtics|Chicago Bulls,BOS|CHI,吉姆-阿尔德
2240,Gilbert Arenas,Golden State Warriors|Washington Wizards|Orlando Magic|Memphis Grizzlies,GSW|WAS|ORL|MEM,吉尔贝尔特-阿尔伊纳斯
2772,Trevor Ariza,New York Knicks|Orlando Magic|Los Angeles Lakers|Houston Rockets|New Orleans Pelicans|Washington Wizards|Phoenix Suns|Sacramento Kings|Portland Trail Blazers|Miami Heat,NYK|ORL|LAL|HOU|NOP|WAS|PHX|SAC|POR|MIA,特雷沃-阿里扎
76056,Paul Arizin,Golden State Warriors,GSW,保罗-阿里金
769,B.J. Armstrong,Chicago Bulls|Golden State Warriors|Charlotte Hornets|Orlando Magic,CHI|GSW|CHA|ORL,BJ-阿姆斯特朗
2220,Brandon Armstrong,Brooklyn Nets,BKN,布兰登-阿姆斯特朗
353,Darrell Armstrong,Orlando Magic|New Orleans Pelicans|Dallas Mavericks|Indiana Pacers|Brooklyn Nets,ORL|NOP|DAL|IND|BKN,达雷尔-阿姆斯特朗
200756,Hilton Armstrong,New Orleans Pelicans|Sacramento Kings|Houston Rockets|Washington Wizards|Atlanta Hawks|Golden State Warriors,NOP|SAC|HOU|WAS|ATL|GSW,希尔顿-阿姆斯特朗
76060,Paul Armstrong,Detroit Pistons,DET,保罗-阿姆斯特朗
76059,Tate Armstrong,Chicago Bulls,CHI,塔特-阿姆斯特朗
76063,Jay Arnette,Sacramento Kings,SAC,杰伊-阿尔内特特
2306,Carlos Arroyo,Toronto Raptors|Denver Nuggets|Utah Jazz|Detroit Pistons|Orlando Magic|Miami Heat|Boston Celtics,TOR|DEN|UTA|DET|ORL|MIA|BOS,卡洛斯-阿尔罗伊奥
201589,Darrell Arthur,Memphis Grizzlies|Denver Nuggets,MEM|DEN,达雷尔-阿尔斯乌尔
201600,Omer Asik,Chicago Bulls|Houston Rockets|New Orleans Pelicans,CHI|HOU|NOP,奥梅尔-阿西克
355,Vincent Askew,Philadelphia 76ers|Golden State Warriors|Sacramento Kings|Oklahoma City Thunder|Brooklyn Nets|Indiana Pacers|Denver Nuggets|Portland Trail Blazers,PHI|GSW|SAC|OKC|BKN|IND|DEN|POR,文森特-阿斯凯瓦
173,Keith Askins,Miami Heat,MIA,基思-阿斯基恩斯
76069,Richard Atha,New York Knicks|Detroit Pistons,NYK|DET,尔伊奇德-阿思阿
1088,Chucky Atkins,Orlando Magic|Detroit Pistons|Boston Celtics|Los Angeles Lakers|Washington Wizards|Memphis Grizzlies|Denver Nuggets|Oklahoma City Thunder,ORL|DET|BOS|LAL|WAS|MEM|DEN|OKC,查基-特基恩斯
76070,Alvin Attles,Golden State Warriors,GSW,阿尔文-阿特尔斯
278,Stacey Augmon,Atlanta Hawks|Detroit Pistons|Portland Trail Blazers|Charlotte Hornets|New Orleans Pelicans|Orlando Magic,ATL|DET|POR|CHA|NOP|ORL,斯泰西-奥格莫恩
201571,D.J. Augustin,Charlotte Hornets|Indiana Pacers|Toronto Raptors|Chicago Bulls|Detroit Pistons|Oklahoma City Thunder|Denver Nuggets|Orlando Magic|Milwaukee Bucks|Houston Rockets|Los Angeles Lakers,CHA|IND|TOR|CHI|DET|OKC|DEN|ORL|MIL|HOU|LAL,DJ-奥古斯丁
200788,James Augustine,Orlando Magic,ORL,詹姆斯-奥古斯丁
1134,Ike Austin,Utah Jazz|Philadelphia 76ers|Miami Heat|LA Clippers|Orlando Magic|Washington Wizards|Memphis Grizzlies,UTA|PHI|MIA|LAC|ORL|WAS|MEM,伊克埃-奥斯汀
1630166,Deni Avdija,Washington Wizards|Portland Trail Blazers,WAS|POR,德尼-阿夫迪亚
138,Anthony Avent,Milwaukee Bucks|Orlando Magic|Memphis Grizzlies|Utah Jazz|LA Clippers,MIL|ORL|MEM|UTA|LAC,安东尼-艾夫恩特
76076,William Averitt,LA Clippers|Brooklyn Nets,LAC|BKN,威廉-阿夫埃尔伊特特
1895,William Avery,Minnesota Timberwolves,MIN,维尔利姆-埃弗里
76078,Dennis Awtrey,Philadelphia 76ers|Chicago Bulls|Phoenix Suns|Boston Celtics|Oklahoma City Thunder|Portland Trail Blazers,PHI|CHI|PHX|BOS|OKC|POR,丹尼斯-奥特雷伊
202970,Gustavo Ayon,New Orleans Pelicans|Orlando Magic|Milwaukee Bucks|Atlanta Hawks,NOP|ORL|MIL|ATL,古斯塔沃-阿永
201965,Jeff Ayres,Portland Trail Blazers|Indiana Pacers|San Antonio Spurs|LA Clippers,POR|IND|SAS|LAC,杰夫-艾雷斯
1629028,Deandre Ayton,Phoenix Suns|Portland Trail Blazers|Los Angeles Lakers,PHX|POR|LAL,德安德烈-艾顿
101235,Kelenna Azubuike,Golden State Warriors|Dallas Mavericks,GSW|DAL,凯伦纳-阿兹乌布伊克
1628962,Udoka Azubuike,Utah Jazz|Phoenix Suns,UTA|PHX,乌多卡-阿兹乌布伊克
202337,Luke Babbitt,Portland Trail Blazers|New Orleans Pelicans|Miami Heat|Atlanta Hawks,POR|NOP|MIA|ATL,卢克-布阿布比特特
76079,Milos Babic,Cleveland Cavaliers|Miami Heat,CLE|MIA,米洛什-巴比奇
1628407,Dwayne Bacon,Charlotte Hornets|Orlando Magic,CHA|ORL,德瓦伊恩-布阿科恩
76081,Jim Baechtold,New York Knicks,NYK,吉姆-布阿伊奇托尔德
2053,Dalibor Bagaric,Chicago Bulls,CHI,达利博尔-巴加里奇
76082,John Bagley,Cleveland Cavaliers|Brooklyn Nets|Boston Celtics|Atlanta Hawks,CLE|BKN|BOS|ATL,约翰-巴格利
1628963,Marvin Bagley III,Sacramento Kings|Detroit Pistons|Washington Wizards|Memphis Grizzlies|Dallas Mavericks,SAC|DET|WAS|MEM|DAL,马文-巴格利-三世
76083,Gus Bailey,Houston Rockets|Utah Jazz|Washington Wizards,HOU|UTA|WAS,格斯-贝利
76085,James Bailey,Oklahoma City Thunder|Brooklyn Nets|Houston Rockets|New York Knicks|Phoenix Suns,OKC|BKN|HOU|NYK|PHX,詹姆斯-贝利
1847,Thurl Bailey,Utah Jazz|Minnesota Timberwolves,UTA|MIN,斯乌尔-贝利
1753,Toby Bailey,Phoenix Suns,PHX,托比-贝利
203946,Cameron Bairstow,Chicago Bulls,CHI,卡梅伦-布艾尔斯托瓦
2486,Maurice Baker,LA Clippers|Portland Trail Blazers,LAC|POR,莫里斯-贝克
1627758,Ron Baker,New York Knicks|Washington Wizards,NYK|WAS,罗恩-贝克
452,Vin Baker,Milwaukee Bucks|Oklahoma City Thunder|Boston Celtics|New York Knicks|Houston Rockets|LA Clippers,MIL|OKC|BOS|NYK|HOU|LAC,维恩-贝克
1627735,Wade Baldwin IV,Memphis Grizzlies|Portland Trail Blazers,MEM|POR,韦德-布阿尔德沃伊恩
1631116,Patrick Baldwin Jr.,Golden State Warriors|Washington Wizards|LA Clippers|Philadelphia 76ers|Sacramento Kings,GSW|WAS|LAC|PHI|SAC,帕特里克-布阿尔德维恩
200764,Renaldo Balkman,New York Knicks|Denver Nuggets,NYK|DEN,雷纳尔多-布阿尔克曼
1630163,LaMelo Ball,Charlotte Hornets,CHA,拉梅洛-鲍尔
1628366,Lonzo Ball,Los Angeles Lakers|New Orleans Pelicans|Chicago Bulls|Cleveland Cavaliers,LAL|NOP|CHI|CLE,朗佐-鲍尔
76091,Greg Ballard,Washington Wizards|Golden State Warriors|Oklahoma City Thunder,WAS|GSW|OKC,格雷格-布奥尔阿尔德
1628964,Mo Bamba,Orlando Magic|Los Angeles Lakers|Philadelphia 76ers|LA Clippers|New Orleans Pelicans|Toronto Raptors|Utah Jazz,ORL|LAL|PHI|LAC|NOP|TOR|UTA,莫-班巴
1631094,Paolo Banchero,Orlando Magic,ORL,保罗-班凯罗
1630217,Desmond Bane,Memphis Grizzlies|Orlando Magic,MEM|ORL,德斯蒙德-贝恩
76093,Gene Banks,San Antonio Spurs|Chicago Bulls,SAS|CHI,吉恩-班克斯
2556,Marcus Banks,Boston Celtics|Minnesota Timberwolves|Phoenix Suns|Miami Heat|Toronto Raptors,BOS|MIN|PHX|MIA|TOR,马库斯-班克斯
76094,Ken Bannister,New York Knicks|LA Clippers,NYK|LAC,肯-布安尼斯特尔
76095,Mike Bantom,Phoenix Suns|Oklahoma City Thunder|Brooklyn Nets|Indiana Pacers|Philadelphia 76ers,PHX|OKC|BKN|IND|PHI,迈克-布安托姆
1630625,Dalano Banton,Toronto Raptors|Boston Celtics|Portland Trail Blazers|LA Clippers,TOR|BOS|POR|LAC,达拉诺-布安顿
2571,Leandro Barbosa,Phoenix Suns|Toronto Raptors|Indiana Pacers|Boston Celtics|Golden State Warriors,PHX|TOR|IND|BOS|GSW,勒安德罗-布阿尔博萨
76097,Stephen Bardo,San Antonio Spurs|Dallas Mavericks|Detroit Pistons,SAS|DAL|DET,斯蒂芬-布德奥
200826,J.J. Barea,Dallas Mavericks|Minnesota Timberwolves,DAL|MIN,JJ-布阿尔伊
200745,Andrea Bargnani,Toronto Raptors|New York Knicks|Brooklyn Nets,TOR|NYK|BKN,安德烈-巴尼亚尼
76099,Tom Barker,Atlanta Hawks|Houston Rockets|Boston Celtics|New York Knicks,ATL|HOU|BOS|NYK,汤姆-布阿尔凯尔
787,Charles Barkley,Philadelphia 76ers|Phoenix Suns|Houston Rockets,PHI|PHX|HOU,查尔斯-巴克利
2057,Erick Barkley,Portland Trail Blazers,POR,埃尔克-布阿尔克利
76102,Don Barksdale,Boston Celtics,BOS,唐-布阿尔克斯达尔
1631230,Dominick Barlow,San Antonio Spurs|Atlanta Hawks|Philadelphia 76ers,SAS|ATL|PHI,多米尼克-布阿尔洛瓦
203084,Harrison Barnes,Golden State Warriors|Dallas Mavericks|Sacramento Kings|San Antonio Spurs,GSW|DAL|SAC|SAS,哈里森-巴恩斯
76105,Jim Barnes,New York Knicks|Washington Wizards|Los Angeles Lakers|Chicago Bulls|Boston Celtics,NYK|WAS|LAL|CHI|BOS,吉姆-巴恩斯
76104,Marvin Barnes,Detroit Pistons|LA Clippers|Boston Celtics,DET|LAC|BOS,马文-巴恩斯
2440,Matt Barnes,LA Clippers|Sacramento Kings|New York Knicks|Philadelphia 76ers|Golden State Warriors|Phoenix Suns|Orlando Magic|Los Angeles Lakers|Memphis Grizzlies,LAC|SAC|NYK|PHI|GSW|PHX|ORL|LAL|MEM,马特-巴恩斯
1630567,Scottie Barnes,Toronto Raptors,TOR,斯科蒂-巴恩斯
76107,Dick Barnett,Philadelphia 76ers|Los Angeles Lakers|New York Knicks,PHI|LAL|NYK,迪克-巴内特
76106,Jim Barnett,Boston Celtics|Houston Rockets|Portland Trail Blazers|Golden State Warriors|New York Knicks|Utah Jazz|Philadelphia 76ers,BOS|HOU|POR|GSW|NYK|UTA|PHI,吉姆-巴内特
76108,John Barnhill,Atlanta Hawks|Detroit Pistons|Washington Wizards|Houston Rockets,ATL|DET|WAS|HOU,约翰-布阿尔恩希尔
76110,Leo Barnhorst,Detroit Pistons,DET,尔埃奥-布阿尔恩赫奥尔斯特
2857,Andre Barrett,Houston Rockets|Orlando Magic|Phoenix Suns|Toronto Raptors|Chicago Bulls|LA Clippers,HOU|ORL|PHX|TOR|CHI|LAC,安德烈-巴雷特
76114,Ernie Barrett,Boston Celtics,BOS,厄尼-巴雷特
1629628,RJ Barrett,New York Knicks|Toronto Raptors,NYK|TOR,RJ-巴雷特
2853,Earl Barron,Miami Heat|New York Knicks|Phoenix Suns|Milwaukee Bucks|Portland Trail Blazers|Golden State Warriors|Washington Wizards,MIA|NYK|PHX|MIL|POR|GSW|WAS,厄尔-布阿尔罗恩
344,Dana Barros,Oklahoma City Thunder|Philadelphia 76ers|Boston Celtics|Detroit Pistons,OKC|PHI|BOS|DET,达纳-布阿尔罗斯
699,Brent Barry,LA Clippers|Miami Heat|Chicago Bulls|Oklahoma City Thunder|San Antonio Spurs|Houston Rockets,LAC|MIA|CHI|OKC|SAS|HOU,布伦特-巴里
1003,Drew Barry,Atlanta Hawks|Oklahoma City Thunder|Golden State Warriors,ATL|OKC|GSW,德鲁-巴里
468,Jon Barry,Milwaukee Bucks|Golden State Warriors|Atlanta Hawks|Los Angeles Lakers|Sacramento Kings|Detroit Pistons|Denver Nuggets|Houston Rockets,MIL|GSW|ATL|LAL|SAC|DET|DEN|HOU,乔恩-巴里
600013,Rick Barry,Golden State Warriors|Houston Rockets,GSW|HOU,里克-巴里
76117,Ed Bartels,New York Knicks,NYK,埃德-巴特尔斯
203115,Will Barton,Portland Trail Blazers|Denver Nuggets|Washington Wizards|Toronto Raptors,POR|DEN|WAS|TOR,威尔-巴顿
101138,Brandon Bass,New Orleans Pelicans|Dallas Mavericks|Orlando Magic|Boston Celtics|Los Angeles Lakers|LA Clippers,NOP|DAL|ORL|BOS|LAL|LAC,布兰登-巴斯
76120,Tim Bassett,Brooklyn Nets|San Antonio Spurs,BKN|SAS,蒂姆-布阿斯塞特特
1629646,Charles Bassey,Philadelphia 76ers|San Antonio Spurs|Memphis Grizzlies|Boston Celtics|Golden State Warriors,PHI|SAS|MEM|BOS|GSW,查尔斯-布阿斯塞伊
1766,Maceo Baston,Toronto Raptors|Indiana Pacers,TOR|IND,麦克伊奥-布阿斯顿
2370,Mengke Bateer,Denver Nuggets|San Antonio Spurs|Toronto Raptors,DEN|SAS|TOR,梅恩格克-布特伊尔
76121,Billyray Bates,Portland Trail Blazers|Washington Wizards|Los Angeles Lakers,POR|WAS|LAL,布伊尔尔伊尔阿伊-布阿特埃斯
1641734,Emoni Bates,Cleveland Cavaliers,CLE,伊莫尼-贝茨
1628966,Keita Bates-Diop,Minnesota Timberwolves|Denver Nuggets|San Antonio Spurs|Phoenix Suns|Brooklyn Nets,MIN|DEN|SAS|PHX|BKN,凯伊塔-贝茨-迪奥普
101212,Esteban Batista,Atlanta Hawks,ATL,伊斯特布安-布特伊斯塔
1499,Tony Battie,Denver Nuggets|Boston Celtics|Cleveland Cavaliers|Orlando Magic|Brooklyn Nets|Philadelphia 76ers,DEN|BOS|CLE|ORL|BKN|PHI,托尼-布特蒂
2203,Shane Battier,Memphis Grizzlies|Houston Rockets|Miami Heat,MEM|HOU|MIA,肖恩-布特蒂伊尔
1642419,Jamison Battle,Toronto Raptors,TOR,贾米森-布特特尔
174,John Battle,Atlanta Hawks|Cleveland Cavaliers,ATL|CLE,约翰-布特特尔
76123,Kenny Battle,Phoenix Suns|Denver Nuggets|Boston Celtics|Golden State Warriors,PHX|DEN|BOS|GSW,肯尼-布特特尔
76124,Dave Batton,Washington Wizards|San Antonio Spurs,WAS|SAS,戴夫-布特顿
201587,Nicolas Batum,Portland Trail Blazers|Charlotte Hornets|LA Clippers|Philadelphia 76ers,POR|CHA|LAC|PHI,尼科拉斯-布特乌姆
76125,Johnny Baum,Chicago Bulls,CHI,约翰尼-布奥姆
2437,Lonny Baxter,Chicago Bulls|Toronto Raptors|Washington Wizards|New Orleans Pelicans|Houston Rockets|Charlotte Hornets,CHI|TOR|WAS|NOP|HOU|CHA,洛恩恩伊-布阿克斯特尔
201573,Jerryd Bayless,Portland Trail Blazers|New Orleans Pelicans|Toronto Raptors|Memphis Grizzlies|Boston Celtics|Milwaukee Bucks|Philadelphia 76ers|Minnesota Timberwolves,POR|NOP|TOR|MEM|BOS|MIL|PHI|MIN,杰尔伊德-布艾勒斯
76127,Elgin Baylor,Los Angeles Lakers,LAL,埃尔金-贝勒
203382,Aron Baynes,San Antonio Spurs|Detroit Pistons|Boston Celtics|Phoenix Suns|Toronto Raptors,SAS|DET|BOS|PHX|TOR,阿隆-贝恩斯
203145,Kent Bazemore,Golden State Warriors|Los Angeles Lakers|Atlanta Hawks|Portland Trail Blazers|Sacramento Kings,GSW|LAL|ATL|POR|SAC,肯特-布阿泽莫尔
1629647,Darius Bazley,Oklahoma City Thunder|Phoenix Suns|Philadelphia 76ers|Utah Jazz,OKC|PHX|PHI|UTA,达里厄斯-布阿兹利
203078,Bradley Beal,Washington Wizards|Phoenix Suns|LA Clippers,WAS|PHX|LAC,布拉德利-比尔
76130,Butch Beard,Atlanta Hawks|Cleveland Cavaliers|Oklahoma City Thunder|Golden State Warriors|New York Knicks,ATL|CLE|OKC|GSW|NYK,布奇-贝阿尔德
1627736,Malik Beasley,Denver Nuggets|Minnesota Timberwolves|Utah Jazz|Los Angeles Lakers|Milwaukee Bucks|Detroit Pistons,DEN|MIN|UTA|LAL|MIL|DET,马利克-比斯利
201563,Michael Beasley,Miami Heat|Minnesota Timberwolves|Phoenix Suns|Houston Rockets|Milwaukee Bucks|New York Knicks|Los Angeles Lakers,MIA|MIN|PHX|HOU|MIL|NYK|LAL,迈克尔-比斯利
76133,Zelmo Beaty,Atlanta Hawks|Los Angeles Lakers,ATL|LAL,泽尔莫-贝特伊
201958,Rodrigue Beaubois,Dallas Mavericks,DAL,罗德里古-贝奥博伊斯
1630699,MarJon Beauchamp,Milwaukee Bucks|LA Clippers|New York Knicks|Philadelphia 76ers,MIL|LAC|NYK|PHI,马尔乔恩-贝奥奇姆普
1133,Corey Beck,Charlotte Hornets|Detroit Pistons,CHA|DET,科里-贝克
76136,Ernie Beck,Golden State Warriors|Atlanta Hawks,GSW|ATL,厄尼-贝克
76137,Moe Becker,Boston Celtics,BOS,莫-布埃克埃尔
76138,William Bedford,Phoenix Suns|Detroit Pistons|San Antonio Spurs,PHX|DET|SAS,维尔利姆-贝德福德
1641736,Reece Beekman,Golden State Warriors|Brooklyn Nets,GSW|BKN,雷伊克-贝伊克曼
76139,Hank Beenders,Golden State Warriors|Boston Celtics,GSW|BOS,汉克-布埃埃恩德斯
76140,Ron Behagen,Sacramento Kings|Utah Jazz|Atlanta Hawks|Houston Rockets|Indiana Pacers|Detroit Pistons|New York Knicks|Washington Wizards,SAC|UTA|ATL|HOU|IND|DET|NYK|WAS,罗恩-贝哈杰恩
201158,Marco Belinelli,Golden State Warriors|Toronto Raptors|New Orleans Pelicans|Chicago Bulls|San Antonio Spurs|Sacramento Kings|Charlotte Hornets|Atlanta Hawks|Philadelphia 76ers,GSW|TOR|NOP|CHI|SAS|SAC|CHA|ATL|PHI,马尔科-贝林伊尔利
2294,Charlie Bell,Phoenix Suns|Dallas Mavericks|Milwaukee Bucks|Golden State Warriors,PHX|DAL|MIL|GSW,查理-贝尔
76142,Dennis Bell,New York Knicks,NYK,丹尼斯-贝尔
1628395,Jordan Bell,Golden State Warriors|Minnesota Timberwolves|Memphis Grizzlies|Washington Wizards|Chicago Bulls,GSW|MIN|MEM|WAS|CHI,乔丹-贝尔
1952,Raja Bell,Philadelphia 76ers|Dallas Mavericks|Utah Jazz|Phoenix Suns|Charlotte Hornets|Golden State Warriors,PHI|DAL|UTA|PHX|CHA|GSW,拉贾-贝尔
76143,William Bell,New York Knicks,NYK,威廉-贝尔
76144,Walt Bellamy,Washington Wizards|New York Knicks|Detroit Pistons|Atlanta Hawks|Utah Jazz,WAS|NYK|DET|ATL|UTA,沃尔特-贝尔拉姆伊
1627761,DeAndre' Bembry,Atlanta Hawks|Toronto Raptors|Brooklyn Nets|Milwaukee Bucks,ATL|TOR|BKN|MIL,德安德烈-贝姆布尔伊
76145,Irv Bemoras,Atlanta Hawks,ATL,伊尔夫-贝莫拉斯
76146,Leon Benbow,Chicago Bulls,CHI,利昂-贝恩博瓦
1627733,Dragan Bender,Phoenix Suns|Milwaukee Bucks|Golden State Warriors,PHX|MIL|GSW,德拉加恩-贝恩德尔
1886,Jonathan Bender,Indiana Pacers|New York Knicks,IND|NYK,乔纳森-贝恩德尔
104,Benoit Benjamin,LA Clippers|Oklahoma City Thunder|Los Angeles Lakers|Brooklyn Nets|Memphis Grizzlies|Milwaukee Bucks|Toronto Raptors|Philadelphia 76ers|Cleveland Cavaliers,LAC|OKC|LAL|BKN|MEM|MIL|TOR|PHI|CLE,本诺特-本杰明
1736,Corey Benjamin,Chicago Bulls|Atlanta Hawks,CHI|ATL,科里-本杰明
203461,Anthony Bennett,Cleveland Cavaliers|Minnesota Timberwolves|Toronto Raptors|Brooklyn Nets,CLE|MIN|TOR|BKN,安东尼-本内特
1120,Elmer Bennett,Cleveland Cavaliers|Philadelphia 76ers|Houston Rockets|Denver Nuggets,CLE|PHI|HOU|DEN,埃尔默-本内特
712,Mario Bennett,Phoenix Suns|Los Angeles Lakers|Chicago Bulls|LA Clippers,PHX|LAL|CHI|LAC,马里奥-本内特
76151,Mel Bennett,Indiana Pacers|Utah Jazz|Cleveland Cavaliers,IND|UTA|CLE,梅尔-本内特
76148,Tony Bennett,Charlotte Hornets,CHA,托尼-本内特
76152,Winston Bennett,Cleveland Cavaliers|Miami Heat,CLE|MIA,温斯顿-本内特
128,David Benoit,Utah Jazz|Brooklyn Nets|Orlando Magic,UTA|BKN|ORL,大卫-本诺特
76154,Kent Benson,Milwaukee Bucks|Detroit Pistons|Utah Jazz|Cleveland Cavaliers,MIL|DET|UTA|CLE,肯特-本森
76158,Walter Berry,Portland Trail Blazers|San Antonio Spurs|Brooklyn Nets|Houston Rockets,POR|SAS|BKN|HOU,沃尔特-贝里
202722,Davis Bertans,San Antonio Spurs|Washington Wizards|Dallas Mavericks|Oklahoma City Thunder|Charlotte Hornets,SAS|WAS|DAL|OKC|CHA,戴维斯-贝尔塔恩斯
76159,Del Beshore,Milwaukee Bucks|Chicago Bulls,MIL|CHI,德尔-贝什奥尔
696,Travis Best,Indiana Pacers|Chicago Bulls|Miami Heat|Dallas Mavericks|Brooklyn Nets,IND|CHI|MIA|DAL|BKN,特拉维斯-贝斯特
201976,Patrick Beverley,Houston Rockets|LA Clippers|Minnesota Timberwolves|Los Angeles Lakers|Chicago Bulls|Philadelphia 76ers|Milwaukee Bucks,HOU|LAC|MIN|LAL|CHI|PHI|MIL,帕特里克-贝弗利
1630180,Saddiq Bey,Detroit Pistons|Atlanta Hawks|New Orleans Pelicans,DET|ATL|NOP,萨迪克-贝
76160,Al Bianchi,Philadelphia 76ers,PHI,艾尔-比安奇伊
76162,Henry Bibby,New York Knicks|Utah Jazz|Philadelphia 76ers|LA Clippers,NYK|UTA|PHI|LAC,亨利-毕比
1710,Mike Bibby,Memphis Grizzlies|Sacramento Kings|Atlanta Hawks|Washington Wizards|Miami Heat|New York Knicks,MEM|SAC|ATL|WAS|MIA|NYK,迈克-毕比
2740,Andris Biedrins,Golden State Warriors|Utah Jazz,GSW|UTA,安德里斯-比德林斯
76165,Bob Bigelow,Sacramento Kings|Boston Celtics|LA Clippers,SAC|BOS|LAC,鲍勃-比杰洛瓦
1497,Chauncey Billups,Boston Celtics|Toronto Raptors|Denver Nuggets|Minnesota Timberwolves|Detroit Pistons|New York Knicks|LA Clippers,BOS|TOR|DEN|MIN|DET|NYK|LAC,昌西-比卢普斯
76166,Dave Bing,Detroit Pistons|Washington Wizards|Boston Celtics,DET|WAS|BOS,戴夫-比恩格
203920,Khem Birch,Orlando Magic|Toronto Raptors,ORL|TOR,克赫姆-比尔奇
1449,Larry Bird,Boston Celtics,BOS,拉里-伯德
76170,Otis Birdsong,Sacramento Kings|Brooklyn Nets|Boston Celtics,SAC|BKN|BOS,奥蒂斯-比尔德森格
1629048,Goga Bitadze,Indiana Pacers|Orlando Magic,IND|ORL,戈加-比塔德兹
202687,Bismack Biyombo,Charlotte Hornets|Toronto Raptors|Orlando Magic|Phoenix Suns|Memphis Grizzlies|Oklahoma City Thunder|San Antonio Spurs,CHA|TOR|ORL|PHX|MEM|OKC|SAS,俾斯麦-比永博
202357,Nemanja Bjelica,Minnesota Timberwolves|Sacramento Kings|Miami Heat|Golden State Warriors,MIN|SAC|MIA|GSW,内曼贾-布杰利卡
76172,Uwe Blab,Dallas Mavericks|Golden State Warriors|San Antonio Spurs,DAL|GSW|SAS,乌韦-布拉布
1641710,Anthony Black,Orlando Magic,ORL,安东尼-布莱克
76173,Charlie Black,Detroit Pistons|Atlanta Hawks,DET|ATL,奇阿尔伊-布尔阿克
1641778,Leaky Black,Charlotte Hornets|Washington Wizards,CHA|WAS,勒阿克伊-布莱克
204028,Tarik Black,Houston Rockets|Los Angeles Lakers,HOU|LAL,塔里克-布莱克
76175,Tom Black,Oklahoma City Thunder|Sacramento Kings,OKC|SAC,汤姆-布莱克
76176,Rolando Blackman,Dallas Mavericks|New York Knicks,DAL|NYK,罗兰德奥-布拉克曼
1806,James Blackwell,Charlotte Hornets|Boston Celtics,CHA|BOS,詹姆斯-布尔阿克沃尔
201971,DeJuan Blair,San Antonio Spurs|Dallas Mavericks|Washington Wizards,SAS|DAL|WAS,德朱安-布拉伊尔
2581,Steve Blake,Washington Wizards|Portland Trail Blazers|Milwaukee Bucks|Denver Nuggets|LA Clippers|Los Angeles Lakers|Golden State Warriors|Detroit Pistons,WAS|POR|MIL|DEN|LAC|LAL|GSW|DET,史蒂夫-布雷克
1628469,Antonio Blakeney,Chicago Bulls,CHI,安东尼奥-布莱克尼
76183,Lance Blanks,Detroit Pistons|Minnesota Timberwolves,DET|MIN,兰斯-布拉恩克斯
101154,Andray Blatche,Washington Wizards|Brooklyn Nets,WAS|BKN,安德雷-布拉奇
302,Mookie Blaylock,Brooklyn Nets|Atlanta Hawks|Golden State Warriors,BKN|ATL|GSW,莫奥基-布拉伊洛克
202339,Eric Bledsoe,LA Clippers|Phoenix Suns|Milwaukee Bucks|New Orleans Pelicans,LAC|PHX|MIL|NOP,埃里克-布勒德索
1629833,Keljin Blevins,Portland Trail Blazers,POR,凯尔吉恩-布勒维恩斯
76187,John Block,Los Angeles Lakers|Houston Rockets|Milwaukee Bucks|Philadelphia 76ers|Sacramento Kings|Chicago Bulls|Utah Jazz,LAL|HOU|MIL|PHI|SAC|CHI|UTA,约翰-布洛克
76188,Mike Bloom,Boston Celtics|Los Angeles Lakers,BOS|LAL,迈克-布尔奥奥姆
916,Corie Blount,Chicago Bulls|Los Angeles Lakers|Cleveland Cavaliers|Phoenix Suns|Golden State Warriors|Philadelphia 76ers|Toronto Raptors,CHI|LAL|CLE|PHX|GSW|PHI|TOR,科里-布朗特
1548,Mark Blount,Boston Celtics|Denver Nuggets|Minnesota Timberwolves|Miami Heat,BOS|DEN|MIN|MIA,马克-布朗特
203505,Vander Blue,Boston Celtics|Los Angeles Lakers,BOS|LAL,夫德埃尔-布尔乌埃
76190,Nelson Bobb,Golden State Warriors,GSW,尼尔森-博布布
76191,Arlen Bockhorn,Sacramento Kings,SAC,阿尔伦-布奥克赫奥尔恩
1631205,Buddy Boeheim,Detroit Pistons|Oklahoma City Thunder,DET|OKC,巴迪-博伊赫伊姆
76192,Tom Boerwinkle,Chicago Bulls,CHI,汤姆-博伊尔维恩克尔
2586,Keith Bogans,Orlando Magic|Charlotte Hornets|Houston Rockets|Milwaukee Bucks|San Antonio Spurs|Chicago Bulls|Brooklyn Nets|Boston Celtics,ORL|CHA|HOU|MIL|SAS|CHI|BKN|BOS,基思-博加恩斯
202711,Bojan Bogdanovic,Brooklyn Nets|Washington Wizards|Indiana Pacers|Utah Jazz|Detroit Pistons|New York Knicks,BKN|WAS|IND|UTA|DET|NYK,博扬-博格达诺维奇
203992,Bogdan Bogdanović,Sacramento Kings|Atlanta Hawks|LA Clippers,SAC|ATL|LAC,博格丹-博格达诺维奇
177,Muggsy Bogues,Washington Wizards|Charlotte Hornets|Golden State Warriors|Toronto Raptors,WAS|CHA|GSW|TOR,马格西-博格斯
101106,Andrew Bogut,Milwaukee Bucks|Golden State Warriors|Dallas Mavericks|Cleveland Cavaliers|Los Angeles Lakers,MIL|GSW|DAL|CLE|LAL,安德鲁-博古特
1564,Etdrick Bohannon,Indiana Pacers|Washington Wizards|New York Knicks|LA Clippers|Cleveland Cavaliers,IND|WAS|NYK|LAC|CLE,埃特德尔克-布奥赫阿恩恩奥恩
1629626,Bol Bol,Denver Nuggets|Orlando Magic|Phoenix Suns,DEN|ORL|PHX,波尔-波尔
76195,Manute Bol,Washington Wizards|Golden State Warriors|Philadelphia 76ers|Miami Heat,WAS|GSW|PHI|MIA,曼乌特-波尔
1628413,Jonah Bolden,Philadelphia 76ers|Phoenix Suns,PHI|PHX,乔纳赫-博尔登
1629716,Marques Bolden,Cleveland Cavaliers|Milwaukee Bucks|Charlotte Hornets,CLE|MIL|CHA,马尔奎伊斯-博尔登
1630195,Leandro Bolmaro,Minnesota Timberwolves|Utah Jazz,MIN|UTA,勒安德罗-博尔马罗
1627762,Joel Bolomboy,Utah Jazz|Milwaukee Bucks,UTA|MIL,乔尔-博隆博伊
1641737,Adem Bona,Philadelphia 76ers,PHI,阿德姆-博纳
1603,Walter Bond,Dallas Mavericks|Utah Jazz|Detroit Pistons,DAL|UTA|DET,沃尔特-博恩德
1629648,Jordan Bone,Detroit Pistons|Orlando Magic,DET|ORL,乔丹-博内
1629067,Isaac Bonga,Los Angeles Lakers|Washington Wizards|Toronto Raptors,LAL|WAS|TOR,艾萨克-博恩加
76201,Ron Bonham,Boston Celtics,BOS,罗恩-博恩哈姆
41,Anthony Bonner,Sacramento Kings|New York Knicks|Orlando Magic,SAC|NYK|ORL,安东尼-博恩内尔
2588,Matt Bonner,Toronto Raptors|San Antonio Spurs,TOR|SAS,马特-博恩内尔
1626164,Devin Booker,Phoenix Suns,PHX,德文-布克
511,Melvin Booker,Houston Rockets|Denver Nuggets|Golden State Warriors,HOU|DEN|GSW,梅尔文-布乌克
202344,Trevor Booker,Washington Wizards|Utah Jazz|Brooklyn Nets|Philadelphia 76ers|Indiana Pacers,WAS|UTA|BKN|PHI|IND,特雷沃-布克
200767,Josh Boone,Brooklyn Nets,BKN,约什-博奥恩
76204,Ron Boone,Sacramento Kings|Los Angeles Lakers|Utah Jazz,SAC|LAL|UTA,罗恩-博奥恩
1916,Calvin Booth,Washington Wizards|Dallas Mavericks|Oklahoma City Thunder|Milwaukee Bucks|Philadelphia 76ers|Minnesota Timberwolves|Sacramento Kings,WAS|DAL|OKC|MIL|PHI|MIN|SAC,卡尔文-博奥斯
1522,Keith Booth,Chicago Bulls,CHI,基思-博奥斯
76206,Bob Boozer,Sacramento Kings|New York Knicks|Los Angeles Lakers|Chicago Bulls|Oklahoma City Thunder|Milwaukee Bucks,SAC|NYK|LAL|CHI|OKC|MIL,鲍勃-布泽尔
2430,Carlos Boozer,Cleveland Cavaliers|Utah Jazz|Chicago Bulls|Los Angeles Lakers,CLE|UTA|CHI|LAL,卡洛斯-布泽尔
2414,Curtis Borchardt,Utah Jazz,UTA,库尔蒂斯-博尔奇阿尔德特
76207,Jake Bornheimer,Golden State Warriors,GSW,杰克-博尔恩赫伊梅尔
76210,Vince Boryla,New York Knicks,NYK,文斯-博尔伊拉
2547,Chris Bosh,Toronto Raptors|Miami Heat,TOR|MIA,克里斯-波什
1630527,Brandon Boston,LA Clippers|New Orleans Pelicans,LAC|NOP,布兰登-博斯顿
76213,Tom Boswell,Boston Celtics|Denver Nuggets|Utah Jazz,BOS|DEN|UTA,汤姆-博斯韦尔
1628449,Chris Boucher,Golden State Warriors|Toronto Raptors|Boston Celtics,GSW|TOR|BOS,克里斯-博乌奇伊尔
1630547,James Bouknight,Charlotte Hornets,CHA,詹姆斯-博乌克尼格赫特
2257,Ruben Boumtje-Boumtje,Portland Trail Blazers,POR,鲁本-博乌姆特杰-博乌姆特杰
1631123,Jamaree Bouyea,Miami Heat|Washington Wizards|Portland Trail Blazers|San Antonio Spurs|Milwaukee Bucks|Phoenix Suns,MIA|WAS|POR|SAS|MIL|PHX,贾马雷-博乌伊伊
76214,Don Boven,Atlanta Hawks|Detroit Pistons,ATL|DET,唐-博维恩
1898,Cal Bowdler,Atlanta Hawks,ATL,卡尔-博瓦德勒尔
1477,Bruce Bowen,Miami Heat|Boston Celtics|Philadelphia 76ers|San Antonio Spurs,MIA|BOS|PHI|SAS,布鲁斯-鲍文
1763,Ryan Bowen,Denver Nuggets|Houston Rockets|New Orleans Pelicans|Oklahoma City Thunder,DEN|HOU|NOP|OKC,莱恩-鲍文
1628968,Brian Bowen II,Indiana Pacers,IND,布莱恩-鲍文-二世
194,Anthony Bowie,San Antonio Spurs|Houston Rockets|Orlando Magic|New York Knicks,SAS|HOU|ORL|NYK,安东尼-博维
76217,Sam Bowie,Portland Trail Blazers|Brooklyn Nets|Los Angeles Lakers,POR|BKN|LAL,萨姆-博维
1085,Ira Bowman,Philadelphia 76ers|Atlanta Hawks,PHI|ATL,艾拉-鲍曼
76219,Nate Bowman,Chicago Bulls|New York Knicks|LA Clippers,CHI|NYK|LAC,内特-鲍曼
671,Donnie Boyce,Atlanta Hawks,ATL,登尼-博伊克
76222,Fred Boyd,Philadelphia 76ers|Utah Jazz,PHI|UTA,弗雷德-博伊德
1863,Earl Boykins,Brooklyn Nets|Cleveland Cavaliers|Orlando Magic|LA Clippers|Golden State Warriors|Denver Nuggets|Milwaukee Bucks|Charlotte Hornets|Washington Wizards|Houston Rockets,BKN|CLE|ORL|LAC|GSW|DEN|MIL|CHA|WAS|HOU,厄尔-博伊基恩斯
76224,Harry Boykoff,Atlanta Hawks,ATL,哈里-博伊科夫夫
76225,Winford Boynes,Brooklyn Nets|Dallas Mavericks,BKN|DAL,维恩福德-博伊内斯
76226,Steve Bracey,Atlanta Hawks|Golden State Warriors,ATL|GSW,史蒂夫-布拉塞伊
202342,Craig Brackins,Philadelphia 76ers,PHI,克雷格-布尔阿克伊恩斯
76227,Gary Bradds,Washington Wizards,WAS,加里-布拉德德斯
76229,Alonzo Bradley,Houston Rockets,HOU,阿隆佐-布拉德利
202340,Avery Bradley,Boston Celtics|Detroit Pistons|LA Clippers|Memphis Grizzlies|Los Angeles Lakers|Miami Heat|Houston Rockets,BOS|DET|LAC|MEM|LAL|MIA|HOU,埃弗里-布拉德利
76233,Bill Bradley,New York Knicks,NYK,比尔-布拉德利
76230,Charles Bradley,Boston Celtics|Oklahoma City Thunder,BOS|OKC,查尔斯-布拉德利
76231,Dudley Bradley,Indiana Pacers|Phoenix Suns|Chicago Bulls|Washington Wizards|Milwaukee Bucks|Brooklyn Nets|Atlanta Hawks,IND|PHX|CHI|WAS|MIL|BKN|ATL,达德利-布拉德利
2214,Michael Bradley,Toronto Raptors|Atlanta Hawks|Orlando Magic|Sacramento Kings|Philadelphia 76ers,TOR|ATL|ORL|SAC|PHI,迈克尔-布拉德利
762,Shawn Bradley,Philadelphia 76ers|Brooklyn Nets|Dallas Mavericks,PHI|BKN|DAL,肖恩-布拉德利
1628396,Tony Bradley,Utah Jazz|Philadelphia 76ers|Oklahoma City Thunder|Chicago Bulls|Indiana Pacers|Atlanta Hawks,UTA|PHI|OKC|CHI|IND|ATL,托尼-布拉德利
1765,Torraye Braggs,Houston Rockets|Washington Wizards,HOU|WAS,特奥尔尔阿伊埃-布尔阿格格斯
76237,Adrian Branch,Los Angeles Lakers|Brooklyn Nets|Portland Trail Blazers|Minnesota Timberwolves,LAL|BKN|POR|MIN,阿德里安-布兰奇
1882,Elton Brand,Chicago Bulls|LA Clippers|Philadelphia 76ers|Dallas Mavericks|Atlanta Hawks,CHI|LAC|PHI|DAL|ATL,伊尔顿-布兰德
210,Terrell Brandon,Cleveland Cavaliers|Milwaukee Bucks|Minnesota Timberwolves,CLE|MIL|MIN,特尔雷尔-布兰登
1631103,Malaki Branham,San Antonio Spurs|Washington Wizards,SAS|WAS,马拉基-布拉恩哈姆
76238,Bob Brannum,Boston Celtics,BOS,鲍勃-布拉恩努姆
76239,Brad Branson,Cleveland Cavaliers|Indiana Pacers,CLE|IND,布拉德-布拉恩森
1629714,Jarrell Brantley,Utah Jazz,UTA,贾尔雷尔-布拉恩特利
76241,Jim Brasco,Atlanta Hawks|Philadelphia 76ers,ATL|PHI,吉姆-布拉斯科
76242,Mike Bratz,Phoenix Suns|Cleveland Cavaliers|San Antonio Spurs|Chicago Bulls|Golden State Warriors|Sacramento Kings,PHX|CLE|SAS|CHI|GSW|SAC,迈克-布拉特兹
76243,Carl Braun,New York Knicks|Boston Celtics,NYK|BOS,卡尔-布劳恩
1631128,Christian Braun,Denver Nuggets,DEN,克里斯蒂安-布劳恩
1629649,Ignas Brazdeikis,New York Knicks|Philadelphia 76ers|Orlando Magic,NYK|PHI|ORL,伊格纳斯-布拉兹德伊基斯
160,Tim Breaux,Houston Rockets|Milwaukee Bucks,HOU|MIL,蒂姆-布雷奥克斯
2452,J.R. Bremer,Boston Celtics|Cleveland Cavaliers|Golden State Warriors,BOS|CLE|GSW,JR-布雷梅尔
76247,Randy Breuer,Milwaukee Bucks|Minnesota Timberwolves|Atlanta Hawks|Sacramento Kings,MIL|MIN|ATL|SAC,兰迪-布雷乌伊尔
201147,Corey Brewer,Minnesota Timberwolves|Dallas Mavericks|Denver Nuggets|Houston Rockets|Los Angeles Lakers|Oklahoma City Thunder|Philadelphia 76ers|Sacramento Kings,MIN|DAL|DEN|HOU|LAL|OKC|PHI|SAC,科里-布鲁尔
2249,Jamison Brewer,Indiana Pacers|New York Knicks,IND|NYK,贾米森-布鲁尔
76248,Jim Brewer,Cleveland Cavaliers|Detroit Pistons|Portland Trail Blazers|Los Angeles Lakers,CLE|DET|POR|LAL,吉姆-布鲁尔
76249,Ron Brewer,Portland Trail Blazers|San Antonio Spurs|Cleveland Cavaliers|Golden State Warriors|Brooklyn Nets|Chicago Bulls,POR|SAS|CLE|GSW|BKN|CHI,罗恩-布鲁尔
200758,Ronnie Brewer,Utah Jazz|Memphis Grizzlies|Chicago Bulls|New York Knicks|Oklahoma City Thunder|Houston Rockets,UTA|MEM|CHI|NYK|OKC|HOU,罗尼-布鲁尔
2056,Primoz Brezec,Indiana Pacers|Charlotte Hornets|Detroit Pistons|Toronto Raptors|Philadelphia 76ers|Milwaukee Bucks,IND|CHA|DET|TOR|PHI|MIL,普里莫日-布雷泽克
76250,Frank Brian,Atlanta Hawks|Detroit Pistons,ATL|DET,弗兰克-布赖恩
783,Frank Brickowski,Oklahoma City Thunder|Los Angeles Lakers|San Antonio Spurs|Milwaukee Bucks|Charlotte Hornets|Boston Celtics,OKC|LAL|SAS|MIL|CHA|BOS,弗兰克-布里克奥斯基
76252,Junior Bridgeman,Milwaukee Bucks|LA Clippers,MIL|LAC,朱尼奥尔-布里德杰曼
76253,Bill Bridges,Atlanta Hawks|Philadelphia 76ers|Los Angeles Lakers|Golden State Warriors,ATL|PHI|LAL|GSW,比尔-布里奇斯
1628969,Mikal Bridges,Phoenix Suns|Brooklyn Nets|New York Knicks,PHX|BKN|NYK,米卡尔-布里奇斯
1628970,Miles Bridges,Charlotte Hornets,CHA,迈尔斯-布里奇斯
76256,John Brisker,Oklahoma City Thunder,OKC,约翰-布里斯凯尔
1629052,Oshae Brissett,Toronto Raptors|Indiana Pacers|Boston Celtics|Philadelphia 76ers,TOR|IND|BOS|PHI,奥什阿-布里斯塞特特
76257,Allan Bristow,Philadelphia 76ers|San Antonio Spurs|Utah Jazz|Dallas Mavericks,PHI|SAS|UTA|DAL,阿兰-布里斯托瓦
76260,Mike Brittain,San Antonio Spurs,SAS,迈克-布里特塔伊恩
201972,Jon Brockman,Sacramento Kings|Milwaukee Bucks,SAC|MIL,乔恩-布罗克曼
1629151,Ryan Broekhoff,Dallas Mavericks,DAL,莱恩-布罗伊克霍夫夫
76262,Jim Brogan,LA Clippers,LAC,吉姆-布罗加恩
1627763,Malcolm Brogdon,Milwaukee Bucks|Indiana Pacers|Boston Celtics|Portland Trail Blazers|Washington Wizards,MIL|IND|BOS|POR|WAS,马尔科姆-布罗格登
76263,Gary Brokaw,Milwaukee Bucks|Cleveland Cavaliers|LA Clippers,MIL|CLE|LAC,加里-布罗卡瓦
76264,Price Brookfield,Sacramento Kings,SAC,普莱斯-布尔奥奥克弗伊尔德
201166,Aaron Brooks,Houston Rockets|Phoenix Suns|Sacramento Kings|Denver Nuggets|Chicago Bulls|Indiana Pacers|Minnesota Timberwolves,HOU|PHX|SAC|DEN|CHI|IND|MIN,阿隆-布鲁克斯
1629717,Armoni Brooks,Houston Rockets|Toronto Raptors|Brooklyn Nets,HOU|TOR|BKN,阿尔莫尼-布鲁克斯
1628415,Dillon Brooks,Memphis Grizzlies|Houston Rockets|Phoenix Suns,MEM|HOU|PHX,迪尔洛恩-布鲁克斯
76265,Kevin Brooks,Denver Nuggets,DEN,凯文-布鲁克斯
202705,MarShon Brooks,Brooklyn Nets|Boston Celtics|Golden State Warriors|Los Angeles Lakers|Memphis Grizzlies,BKN|BOS|GSW|LAL|MEM,马尔什奥恩-布鲁克斯
76266,Michael Brooks,LA Clippers|Indiana Pacers|Denver Nuggets,LAC|IND|DEN,迈克尔-布鲁克斯
418,Scott Brooks,Philadelphia 76ers|Minnesota Timberwolves|Houston Rockets|Dallas Mavericks|New York Knicks|Cleveland Cavaliers,PHI|MIN|HOU|DAL|NYK|CLE,斯科特-布鲁克斯
2810,Andre Brown,Oklahoma City Thunder|Memphis Grizzlies|Charlotte Hornets,OKC|MEM|CHA,安德烈-布朗
201628,Bobby Brown,Sacramento Kings|Minnesota Timberwolves|New Orleans Pelicans|LA Clippers|Houston Rockets,SAC|MIN|NOP|LAC|HOU,博比-布朗
1628971,Bruce Brown,Detroit Pistons|Brooklyn Nets|Denver Nuggets|Indiana Pacers|Toronto Raptors|New Orleans Pelicans,DET|BKN|DEN|IND|TOR|NOP,布鲁斯-布朗
359,Chucky Brown,Cleveland Cavaliers|Los Angeles Lakers|Brooklyn Nets|Dallas Mavericks|Houston Rockets|Phoenix Suns|Milwaukee Bucks|Atlanta Hawks|Charlotte Hornets|San Antonio Spurs|Golden State Warriors|Sacramento Kings,CLE|LAL|BKN|DAL|HOU|PHX|MIL|ATL|CHA|SAS|GSW|SAC,查基-布朗
2245,Damone Brown,Philadelphia 76ers|Toronto Raptors|Brooklyn Nets|Washington Wizards,PHI|TOR|BKN|WAS,德阿蒙埃-布朗
244,Dee Brown,Boston Celtics|Toronto Raptors|Orlando Magic,BOS|TOR|ORL,德伊-布朗
200793,Dee Brown,Utah Jazz|Washington Wizards|Phoenix Suns,UTA|WAS|PHX,德伊-布朗
201974,Derrick Brown,Charlotte Hornets|New York Knicks,CHA|NYK,德里克-布朗
2484,Devin Brown,San Antonio Spurs|Denver Nuggets|Utah Jazz|New Orleans Pelicans|Cleveland Cavaliers|Chicago Bulls,SAS|DEN|UTA|NOP|CLE|CHI,德文-布朗
76272,Fred Brown,Oklahoma City Thunder,OKC,弗雷德-布朗
1627759,Jaylen Brown,Boston Celtics,BOS,杰伦-布朗
76276,John Brown,Atlanta Hawks|Chicago Bulls|Utah Jazz,ATL|CHI|UTA,约翰-布朗
2208,Kedrick Brown,Boston Celtics|Cleveland Cavaliers|Philadelphia 76ers,BOS|CLE|PHI,凯德里克-布朗
1631112,Kendall Brown,Indiana Pacers,IND,肯德尔-布朗
1641738,Kobe Brown,LA Clippers|Indiana Pacers,LAC|IND,科比-布朗
2198,Kwame Brown,Washington Wizards|Los Angeles Lakers|Memphis Grizzlies|Detroit Pistons|Charlotte Hornets|Golden State Warriors|Philadelphia 76ers,WAS|LAL|MEM|DET|CHA|GSW|PHI,克瓦姆-布朗
203485,Lorenzo Brown,Philadelphia 76ers|Minnesota Timberwolves|Phoenix Suns|Toronto Raptors,PHI|MIN|PHX|TOR,洛伦佐-布朗
992,Marcus Brown,Portland Trail Blazers|Detroit Pistons,POR|DET,马库斯-布朗
203900,Markel Brown,Brooklyn Nets|Houston Rockets,BKN|HOU,马尔凯尔-布朗
1629650,Moses Brown,Portland Trail Blazers|Oklahoma City Thunder|Dallas Mavericks|Cleveland Cavaliers|LA Clippers|Brooklyn Nets|Indiana Pacers,POR|OKC|DAL|CLE|LAC|BKN|IND,摩西-布朗
136,P.J. Brown,Brooklyn Nets|Miami Heat|Charlotte Hornets|New Orleans Pelicans|Chicago Bulls|Boston Celtics,BKN|MIA|CHA|NOP|CHI|BOS,PJ-布朗
753,Randy Brown,Sacramento Kings|Chicago Bulls|Boston Celtics|Phoenix Suns,SAC|CHI|BOS|PHX,兰迪-布朗
76283,Rickey Brown,Golden State Warriors|Atlanta Hawks,GSW|ATL,里基-布朗
76286,Roger Brown,Los Angeles Lakers|Detroit Pistons|Chicago Bulls,LAL|DET|CHI,罗杰-布朗
200769,Shannon Brown,Cleveland Cavaliers|Chicago Bulls|Charlotte Hornets|Los Angeles Lakers|Phoenix Suns|San Antonio Spurs|New York Knicks|Miami Heat,CLE|CHI|CHA|LAL|PHX|SAS|NYK|MIA,香农-布朗
76285,Stan Brown,Golden State Warriors,GSW,斯坦-布朗
1628425,Sterling Brown,Milwaukee Bucks|Houston Rockets|Dallas Mavericks|Los Angeles Lakers,MIL|HOU|DAL|LAL,斯特尔林格-布朗
2357,Tierre Brown,Houston Rockets|Cleveland Cavaliers|New Orleans Pelicans|Los Angeles Lakers,HOU|CLE|NOP|LAL,蒂伊尔-布朗
76268,Tony Brown,Indiana Pacers|Chicago Bulls|Brooklyn Nets|Houston Rockets|Milwaukee Bucks|Los Angeles Lakers|Utah Jazz|LA Clippers|Oklahoma City Thunder,IND|CHI|BKN|HOU|MIL|LAL|UTA|LAC|OKC,托尼-布朗
1630535,Greg Brown III,Portland Trail Blazers|Dallas Mavericks,POR|DAL,格雷格-布朗
1629718,Charlie Brown Jr.,Atlanta Hawks|Oklahoma City Thunder|Dallas Mavericks|Philadelphia 76ers|New York Knicks,ATL|OKC|DAL|PHI|NYK,查理-布朗
1630602,Chaundee Brown Jr.,Los Angeles Lakers|Atlanta Hawks,LAL|ATL,奇奥恩德-布朗
1628972,Troy Brown Jr.,Washington Wizards|Chicago Bulls|Los Angeles Lakers|Minnesota Timberwolves|Detroit Pistons,WAS|CHI|LAL|MIN|DET,特洛伊-布朗
1628973,Jalen Brunson,Dallas Mavericks|New York Knicks,DAL|NYK,杰伦-布伦森
1594,Rick Brunson,Portland Trail Blazers|New York Knicks|Boston Celtics|Chicago Bulls|Toronto Raptors|LA Clippers|Oklahoma City Thunder|Houston Rockets,POR|NYK|BOS|CHI|TOR|LAC|OKC|HOU,里克-布伦森
1627852,Nicolas Brussino,Dallas Mavericks|Atlanta Hawks,DAL|ATL,尼古拉斯-布鲁西诺
76289,Emmette Bryant,New York Knicks|Boston Celtics|LA Clippers,NYK|BOS|LAC,埃姆姆特埃-布莱恩特
76290,Joe Bryant,Philadelphia 76ers|LA Clippers|Houston Rockets,PHI|LAC|HOU,乔-布莱恩特
977,Kobe Bryant,Los Angeles Lakers,LAL,科比-布莱恩特
1626148,Anthony Brown,Los Angeles Lakers|New Orleans Pelicans|Orlando Magic|Minnesota Timberwolves,LAL|NOP|ORL|MIN,安东尼-布朗
1479,Mike Brown,Chicago Bulls|Utah Jazz|Minnesota Timberwolves|Philadelphia 76ers|Phoenix Suns,CHI|UTA|MIN|PHI|PHX,迈克-布朗
95,Mark Bryant,Portland Trail Blazers|Houston Rockets|Phoenix Suns|Chicago Bulls|Cleveland Cavaliers|Dallas Mavericks|San Antonio Spurs|Philadelphia 76ers|Denver Nuggets|Boston Celtics,POR|HOU|PHX|CHI|CLE|DAL|SAS|PHI|DEN|BOS,马克-布莱恩特
1628418,Thomas Bryant,Los Angeles Lakers|Washington Wizards|Denver Nuggets|Miami Heat|Indiana Pacers|Cleveland Cavaliers,LAL|WAS|DEN|MIA|IND|CLE,托马斯-布莱恩特
76291,Wallace Bryant,Chicago Bulls|Dallas Mavericks|LA Clippers,CHI|DAL|LAC,华莱士-布莱恩特
76293,Joe Buckhalter,Sacramento Kings,SAC,乔-布克哈尔特尔
76295,Cleveland Buckner,New York Knicks,NYK,克勒维兰德-巴克纳
1761,Greg Buckner,Dallas Mavericks|Philadelphia 76ers|Denver Nuggets|Minnesota Timberwolves|Memphis Grizzlies,DAL|PHI|DEN|MIN|MEM,格雷格-巴克纳
76296,Quinn Buckner,Milwaukee Bucks|Boston Celtics|Indiana Pacers,MIL|BOS|IND,奎因-巴克纳
76297,Dave Budd,New York Knicks,NYK,戴夫-布德德
201978,Chase Budinger,Houston Rockets|Minnesota Timberwolves|Indiana Pacers|Phoenix Suns,HOU|MIN|IND|PHX,奇阿斯-布迪恩杰尔
76298,Walter Budko,Golden State Warriors,GSW,沃尔特-巴德科
146,Jud Buechler,Brooklyn Nets|San Antonio Spurs|Golden State Warriors|Chicago Bulls|Detroit Pistons|Phoenix Suns|Orlando Magic,BKN|SAS|GSW|CHI|DET|PHX|ORL,朱德-布伊奇勒尔
1641723,Kobe Bufkin,Atlanta Hawks|Los Angeles Lakers,ATL|LAL,科比-布夫基恩
1934,Rodney Buford,Miami Heat|Philadelphia 76ers|Memphis Grizzlies|Sacramento Kings|Brooklyn Nets,MIA|PHI|MEM|SAC|BKN,罗德尼-布福德
672,Matt Bullard,Houston Rockets|Atlanta Hawks|Charlotte Hornets,HOU|ATL|CHA,马特-布尔拉尔德
203493,Reggie Bullock Jr.,LA Clippers|Phoenix Suns|Detroit Pistons|Los Angeles Lakers|New York Knicks|Dallas Mavericks|Houston Rockets,LAC|PHX|DET|LAL|NYK|DAL|HOU,雷吉-布尔洛克
76303,Luther Burden,New York Knicks,NYK,尔乌思埃尔-伯登
2469,Pat Burke,Orlando Magic|Phoenix Suns,ORL|PHX,帕特-伯克
203504,Trey Burke,Utah Jazz|Washington Wizards|New York Knicks|Dallas Mavericks|Philadelphia 76ers,UTA|WAS|NYK|DAL|PHI,特雷-伯克
202692,Alec Burks,Utah Jazz|Cleveland Cavaliers|Sacramento Kings|Golden State Warriors|Philadelphia 76ers|New York Knicks|Detroit Pistons|Miami Heat,UTA|CLE|SAC|GSW|PHI|NYK|DET|MIA,亚历克-伯克斯
2766,Antonio Burks,Memphis Grizzlies,MEM,安东尼奥-伯克斯
76305,Tom Burleson,Oklahoma City Thunder|Sacramento Kings|Atlanta Hawks,OKC|SAC|ATL,汤姆-布尔勒森
76307,David Burns,Brooklyn Nets|Denver Nuggets,BKN|DEN,戴维-伯恩斯
197,Scott Burrell,Charlotte Hornets|Golden State Warriors|Chicago Bulls|Brooklyn Nets,CHA|GSW|CHI|BKN,斯科特-布尔雷尔
76313,Bob Burrow,Sacramento Kings|Los Angeles Lakers,SAC|LAL,鲍勃-布尔罗瓦
1629126,Deonte Burton,Oklahoma City Thunder|Sacramento Kings,OKC|SAC,德奥恩特-伯顿
76314,Ed Burton,New York Knicks|Atlanta Hawks,NYK|ATL,埃德-布乌尔顿
416,Willie Burton,Miami Heat|Philadelphia 76ers|Atlanta Hawks|San Antonio Spurs|Charlotte Hornets,MIA|PHI|ATL|SAS|CHA,威利-伯顿
76316,Steve Burtt,Golden State Warriors|LA Clippers|Phoenix Suns|Washington Wizards,GSW|LAC|PHX|WAS,史蒂夫-布尔特特
76317,Don Buse,Indiana Pacers|Phoenix Suns|Portland Trail Blazers|Sacramento Kings,IND|PHX|POR|SAC,唐-布塞
76318,Donnie Butcher,New York Knicks|Detroit Pistons,NYK|DET,登尼-布特奇伊尔
76319,Al Butler,New York Knicks|Washington Wizards,NYK|WAS,艾尔-巴特勒
2406,Caron Butler,Miami Heat|Los Angeles Lakers|Washington Wizards|Dallas Mavericks|LA Clippers|Milwaukee Bucks|Oklahoma City Thunder|Detroit Pistons|Sacramento Kings,MIA|LAL|WAS|DAL|LAC|MIL|OKC|DET|SAC,卡隆-巴特勒
76320,Greg Butler,New York Knicks|LA Clippers,NYK|LAC,格雷格-巴特勒
2866,Jackie Butler,New York Knicks|San Antonio Spurs,NYK|SAS,杰基-巴特勒
1630215,Jared Butler,Utah Jazz|Oklahoma City Thunder|Washington Wizards|Philadelphia 76ers,UTA|OKC|WAS|PHI,贾里德-巴特勒
348,Mitchell Butler,Washington Wizards|Portland Trail Blazers|Cleveland Cavaliers,WAS|POR|CLE,米切尔-巴特勒
2446,Rasual Butler,Miami Heat|New Orleans Pelicans|LA Clippers|Chicago Bulls|Toronto Raptors|Indiana Pacers|Washington Wizards|San Antonio Spurs,MIA|NOP|LAC|CHI|TOR|IND|WAS|SAS,拉苏阿尔-巴特勒
202710,Jimmy Butler III,Chicago Bulls|Minnesota Timberwolves|Philadelphia 76ers|Miami Heat|Golden State Warriors,CHI|MIN|PHI|MIA|GSW,吉米-巴特勒
202779,Dwight Buycks,Toronto Raptors|Los Angeles Lakers|Detroit Pistons,TOR|LAL|DET,德怀特-布伊克斯
1641824,Matas Buzelis,Chicago Bulls,CHI,马塔斯-布泽利斯
101115,Andrew Bynum,Los Angeles Lakers|Cleveland Cavaliers|Indiana Pacers,LAL|CLE|IND,安德鲁-布伊努姆
101198,Will Bynum,Golden State Warriors|Detroit Pistons|Washington Wizards,GSW|DET|WAS,威尔-布伊努姆
76321,Marty Byrnes,Phoenix Suns|Utah Jazz|Los Angeles Lakers|Dallas Mavericks|Indiana Pacers,PHX|UTA|LAL|DAL|IND,马蒂-布伊尔内斯
76322,Tommy Byrnes,New York Knicks|Atlanta Hawks,NYK|ATL,汤米-伯恩斯
2560,Zarko Cabarkapa,Phoenix Suns|Golden State Warriors,PHX|GSW,兹阿尔克奥-查巴卡帕
76324,Barney Cable,Detroit Pistons|Philadelphia 76ers|Atlanta Hawks|Washington Wizards,DET|PHI|ATL|WAS,布阿尔内伊-凯布尔
203998,Bruno Caboclo,Toronto Raptors|Sacramento Kings|Memphis Grizzlies|Houston Rockets,TOR|SAC|MEM|HOU,布鲁诺-卡博克洛
1629719,Devontae Cacok,Los Angeles Lakers|San Antonio Spurs,LAL|SAS,德沃恩塔-卡科克
679,Jason Caffey,Chicago Bulls|Golden State Warriors|Milwaukee Bucks,CHI|GSW|MIL,杰森-卡夫费伊
262,Michael Cage,LA Clippers|Oklahoma City Thunder|Cleveland Cavaliers|Philadelphia 76ers|Brooklyn Nets,LAC|OKC|CLE|PHI|BKN,迈克尔-卡杰
1631288,Jamal Cain,Miami Heat|New Orleans Pelicans|Orlando Magic,MIA|NOP|ORL,贾马尔-卡伊恩
76326,Gerry Calabrese,Philadelphia 76ers,PHI,杰尔伊-卡拉布雷斯
201979,Nick Calathes,Memphis Grizzlies,MEM,尼克-卡拉斯伊斯
101181,Jose Calderon,Toronto Raptors|Detroit Pistons|Dallas Mavericks|New York Knicks|Los Angeles Lakers|Atlanta Hawks|Cleveland Cavaliers,TOR|DET|DAL|NYK|LAL|ATL|CLE,何塞-卡尔德隆
154,Adrian Caldwell,Houston Rockets|Indiana Pacers|Brooklyn Nets|Philadelphia 76ers|Dallas Mavericks,HOU|IND|BKN|PHI|DAL,阿德里安-考德威尔
76329,Joe Caldwell,Detroit Pistons|Atlanta Hawks,DET|ATL,乔-考德威尔
203484,Kentavious Caldwell-Pope,Detroit Pistons|Los Angeles Lakers|Washington Wizards|Denver Nuggets|Orlando Magic|Memphis Grizzlies,DET|LAL|WAS|DEN|ORL|MEM,肯塔维奥斯-考德威尔-波普
76331,Bill Calhoun,Sacramento Kings|Atlanta Hawks,SAC|ATL,比尔-卡尔霍乌恩
76330,Corky Calhoun,Phoenix Suns|Los Angeles Lakers|Portland Trail Blazers|Indiana Pacers,PHX|LAL|POR|IND,科尔克伊-卡尔霍乌恩
76336,Mack Calvin,Los Angeles Lakers|San Antonio Spurs|Denver Nuggets|Utah Jazz|Cleveland Cavaliers,LAL|SAS|DEN|UTA|CLE,麦克-卡尔文
1641739,Toumani Camara,Portland Trail Blazers,POR,托乌曼伊-卡马拉
948,Marcus Camby,Toronto Raptors|New York Knicks|Denver Nuggets|LA Clippers|Portland Trail Blazers|Houston Rockets,TOR|NYK|DEN|LAC|POR|HOU,马库斯-卡姆布伊
1630267,Facundo Campazzo,Denver Nuggets|Dallas Mavericks,DEN|DAL,法昆多-坎帕佐
922,Elden Campbell,Los Angeles Lakers|Charlotte Hornets|New Orleans Pelicans|Oklahoma City Thunder|Detroit Pistons|Brooklyn Nets,LAL|CHA|NOP|OKC|DET|BKN,伊尔登-坎贝尔
76338,Tony Campbell,Detroit Pistons|Los Angeles Lakers|Minnesota Timberwolves|New York Knicks|Dallas Mavericks|Cleveland Cavaliers,DET|LAL|MIN|NYK|DAL|CLE,托尼-坎贝尔
203477,Isaiah Canaan,Houston Rockets|Philadelphia 76ers|Chicago Bulls|Phoenix Suns|Minnesota Timberwolves|Milwaukee Bucks,HOU|PHI|CHI|PHX|MIN|MIL,以赛亚-卡纳安
1629962,Devin Cannady,Orlando Magic,ORL,德文-卡恩纳德伊
203991,Clint Capela,Houston Rockets|Atlanta Hawks,HOU|ATL,克林特-卡佩拉
2073,Brian Cardinal,Detroit Pistons|Washington Wizards|Golden State Warriors|Memphis Grizzlies|Minnesota Timberwolves|Dallas Mavericks,DET|WAS|GSW|MEM|MIN|DAL,布莱恩-卡尔迪纳尔
1630176,Vernon Carey Jr.,Charlotte Hornets|Washington Wizards,CHA|WAS,弗农-卡雷伊
76342,Rick Carlisle,Boston Celtics|New York Knicks|Brooklyn Nets,BOS|NYK|BKN,里克-卡尔利斯尔
1642382,Branden Carlson,Oklahoma City Thunder,OKC,布拉恩登-卡尔森
76344,Don Carlson,Los Angeles Lakers,LAL,唐-卡尔森
200760,Rodney Carney,Philadelphia 76ers|Minnesota Timberwolves|Golden State Warriors|Memphis Grizzlies,PHI|MIN|GSW|MEM,罗德尼-卡尔内伊
76346,Bob Carpenter,Detroit Pistons|Atlanta Hawks,DET|ATL,鲍勃-卡彭特
156,Antoine Carr,Atlanta Hawks|Sacramento Kings|San Antonio Spurs|Utah Jazz|Houston Rockets|Memphis Grizzlies,ATL|SAC|SAS|UTA|HOU|MEM,安托万-卡尔
76348,Austin Carr,Cleveland Cavaliers|Dallas Mavericks|Washington Wizards,CLE|DAL|WAS,奥斯汀-卡尔
713,Chris Carr,Phoenix Suns|Minnesota Timberwolves|Brooklyn Nets|Golden State Warriors|Chicago Bulls|Boston Celtics,PHX|MIN|BKN|GSW|CHI|BOS,克里斯-卡尔
76350,Kenny Carr,Los Angeles Lakers|Cleveland Cavaliers|Detroit Pistons|Portland Trail Blazers,LAL|CLE|DET|POR,肯尼-卡尔
76351,M.L. Carr,Detroit Pistons|Boston Celtics,DET|BOS,ML-卡尔
76352,Bob Carrington,Brooklyn Nets|Indiana Pacers|LA Clippers,BKN|IND|LAC,鲍勃-卡尔里恩格顿
1642267,Bub Carrington,Washington Wizards,WAS,布布-卡尔里恩格顿
201960,DeMarre Carroll,Memphis Grizzlies|Houston Rockets|Denver Nuggets|Utah Jazz|Atlanta Hawks|Toronto Raptors|Brooklyn Nets|San Antonio Spurs,MEM|HOU|DEN|UTA|ATL|TOR|BKN|SAS,德马尔-卡罗尔
76353,Joe Barry Carroll,Golden State Warriors|Houston Rockets|Brooklyn Nets|Denver Nuggets|Phoenix Suns,GSW|HOU|BKN|DEN|PHX,乔-巴里-卡罗尔
2679,Matt Carroll,Portland Trail Blazers|San Antonio Spurs|Charlotte Hornets|Dallas Mavericks,POR|SAS|CHA|DAL,马特-卡罗尔
1853,Anthony Carter,Miami Heat|San Antonio Spurs|Minnesota Timberwolves|Denver Nuggets|New York Knicks|Toronto Raptors,MIA|SAS|MIN|DEN|NYK|TOR,安东尼-卡特
76355,Butch Carter,Los Angeles Lakers|Indiana Pacers|New York Knicks|Philadelphia 76ers,LAL|IND|NYK|PHI,布奇-卡特
1642269,Devin Carter,Sacramento Kings,SAC,德文-卡特
76356,Fred Carter,Washington Wizards|Philadelphia 76ers|Milwaukee Bucks,WAS|PHI|MIL,弗雷德-卡特
76358,Howard Carter,Denver Nuggets|Dallas Mavericks,DEN|DAL,霍华德-卡特
1628975,Jevon Carter,Memphis Grizzlies|Phoenix Suns|Brooklyn Nets|Milwaukee Bucks|Chicago Bulls|Orlando Magic,MEM|PHX|BKN|MIL|CHI|ORL,杰文-卡特
2466,Maurice Carter,Los Angeles Lakers|New Orleans Pelicans,LAL|NOP,莫里斯-卡特
76360,Reggie Carter,New York Knicks,NYK,雷吉-卡特
76361,Ron Carter,Los Angeles Lakers|Indiana Pacers,LAL|IND,罗恩-卡特
1713,Vince Carter,Toronto Raptors|Brooklyn Nets|Orlando Magic|Phoenix Suns|Dallas Mavericks|Memphis Grizzlies|Sacramento Kings|Atlanta Hawks,TOR|BKN|ORL|PHX|DAL|MEM|SAC|ATL,文斯-卡特
1628976,Wendell Carter Jr.,Chicago Bulls|Orlando Magic,CHI|ORL,温德尔-卡特
203487,Michael Carter-Williams,Philadelphia 76ers|Milwaukee Bucks|Chicago Bulls|Charlotte Hornets|Houston Rockets|Orlando Magic,PHI|MIL|CHI|CHA|HOU|ORL,迈克尔-卡特-威廉姆斯
1630618,D.J. Carton,Toronto Raptors,TOR,DJ-卡尔顿
76362,Bill Cartwright,New York Knicks|Chicago Bulls|Oklahoma City Thunder,NYK|CHI|OKC,比尔-卡尔特瓦里格赫特
1627936,Alex Caruso,Los Angeles Lakers|Chicago Bulls|Oklahoma City Thunder,LAL|CHI|OKC,亚历克斯-卡鲁索
208,Sam Cassell,Houston Rockets|Phoenix Suns|Dallas Mavericks|Brooklyn Nets|Milwaukee Bucks|Minnesota Timberwolves|LA Clippers|Boston Celtics,HOU|PHX|DAL|BKN|MIL|MIN|LAC|BOS,萨姆-卡塞尔
201956,Omri Casspi,Sacramento Kings|Cleveland Cavaliers|Houston Rockets|New Orleans Pelicans|Minnesota Timberwolves|Golden State Warriors|Memphis Grizzlies,SAC|CLE|HOU|NOP|MIN|GSW|MEM,奥姆里-卡斯皮
1642264,Stephon Castle,San Antonio Spurs,SAS,斯特夫奥恩-卡斯特尔
1630658,Colin Castleton,Los Angeles Lakers|Memphis Grizzlies|Philadelphia 76ers|Toronto Raptors|Orlando Magic,LAL|MEM|PHI|TOR|ORL,科林-卡斯特勒顿
76365,Harvey Catchings,Philadelphia 76ers|Brooklyn Nets|Milwaukee Bucks|LA Clippers,PHI|BKN|MIL|LAC,哈维-卡特奇伊恩格斯
767,Terry Catledge,Philadelphia 76ers|Washington Wizards|Orlando Magic,PHI|WAS|ORL,特里-卡特勒德格
1509,Kelvin Cato,Portland Trail Blazers|Houston Rockets|Orlando Magic|Detroit Pistons|New York Knicks,POR|HOU|ORL|DET|NYK,凯尔文-卡托
76368,Bobby Cattage,Utah Jazz|Brooklyn Nets,UTA|BKN,博比-卡特塔格
1626161,Willie Cauley-Stein,Sacramento Kings|Golden State Warriors|Dallas Mavericks|Philadelphia 76ers,SAC|GSW|DAL|PHI,威利-卡乌利-斯特伊恩
190,Duane Causwell,Sacramento Kings|Miami Heat,SAC|MIA,杜安-卡乌斯韦尔
1628463,Tyler Cavanaugh,Atlanta Hawks|Utah Jazz,ATL|UTA,泰勒-卡瓦纳乌格赫
76370,Ron Cavenall,New York Knicks|Brooklyn Nets,NYK|BKN,罗恩-卡维纳尔
76,Cedric Ceballos,Phoenix Suns|Los Angeles Lakers|Dallas Mavericks|Detroit Pistons|Miami Heat,PHX|LAL|DAL|DET|MIA,塞德里克-塞布奥尔奥斯
76373,Al Cervi,Philadelphia 76ers,PHI,艾尔-塞尔维
201596,Mario Chalmers,Miami Heat|Memphis Grizzlies,MIA|MEM,马里奥-奇阿尔梅尔斯
76375,Wilt Chamberlain,Golden State Warriors|Philadelphia 76ers|Los Angeles Lakers,GSW|PHI|LAL,威尔特-张伯伦
76376,Jerry Chambers,Los Angeles Lakers|Phoenix Suns|Atlanta Hawks|LA Clippers,LAL|PHX|ATL|LAC,杰里-钱伯斯
1472,Tom Chambers,LA Clippers|Oklahoma City Thunder|Phoenix Suns|Utah Jazz|Charlotte Hornets|Philadelphia 76ers,LAC|OKC|PHX|UTA|CHA|PHI,汤姆-钱伯斯
1630577,Julian Champagnie,Philadelphia 76ers|San Antonio Spurs,PHI|SAS,朱利安-奇姆帕格尼
1630551,Justin Champagnie,Toronto Raptors|Boston Celtics|Washington Wizards,TOR|BOS|WAS,贾斯汀-奇姆帕格尼
1631113,Kennedy Chandler,Memphis Grizzlies|Utah Jazz,MEM|UTA,肯尼迪-钱德勒
2199,Tyson Chandler,Chicago Bulls|New Orleans Pelicans|Charlotte Hornets|Dallas Mavericks|New York Knicks|Phoenix Suns|Los Angeles Lakers|Houston Rockets,CHI|NOP|CHA|DAL|NYK|PHX|LAL|HOU,泰森-钱德勒
201163,Wilson Chandler,New York Knicks|Denver Nuggets|Philadelphia 76ers|LA Clippers|Brooklyn Nets,NYK|DEN|PHI|LAC|BKN,威尔逊-钱德勒
76379,Don Chaney,Boston Celtics|Los Angeles Lakers,BOS|LAL,唐-奇安伊
76380,John Chaney,Atlanta Hawks,ATL,约翰-钱尼
364,Rex Chapman,Charlotte Hornets|Washington Wizards|Miami Heat|Phoenix Suns,CHA|WAS|MIA|PHX,雷克斯-查普曼
76382,Len Chappell,Philadelphia 76ers|New York Knicks|Sacramento Kings|Chicago Bulls|Detroit Pistons|Milwaukee Bucks|Cleveland Cavaliers|Atlanta Hawks,PHI|NYK|SAC|CHI|DET|MIL|CLE|ATL,莱恩-奇阿普佩尔
76383,Ken Charles,LA Clippers|Atlanta Hawks,LAC|ATL,肯-查尔斯
1629147,Joe Chealey,Charlotte Hornets,CHA,乔-奇埃阿利
384,Calbert Cheaney,Washington Wizards|Boston Celtics|Denver Nuggets|Utah Jazz|Golden State Warriors,WAS|BOS|DEN|UTA|GSW,卡尔贝尔特-奇伊内伊
1629597,Zylan Cheatham,New Orleans Pelicans|Utah Jazz,NOP|UTA,兹伊拉恩-奇伊斯姆
76385,Maurice Cheeks,Philadelphia 76ers|San Antonio Spurs|New York Knicks|Atlanta Hawks|Brooklyn Nets,PHI|SAS|NYK|ATL|BKN,莫里斯-奇伊克斯
76386,Phil Chenier,Washington Wizards|Indiana Pacers|Golden State Warriors,WAS|IND|GSW,菲尔-奇伊尼伊尔
76387,Derrick Chievous,Houston Rockets|Cleveland Cavaliers,HOU|CLE,德里克-奇伊沃乌斯
432,Pete Chilcutt,Sacramento Kings|Detroit Pistons|Houston Rockets|Memphis Grizzlies|Utah Jazz|Cleveland Cavaliers|LA Clippers,SAC|DET|HOU|MEM|UTA|CLE|LAC,皮特-奇伊尔库特特
2735,Josh Childress,Atlanta Hawks|Phoenix Suns|Brooklyn Nets|New Orleans Pelicans,ATL|PHX|BKN|NOP,约什-奇伊尔德雷斯
719,Randolph Childress,Portland Trail Blazers|Detroit Pistons,POR|DET,兰多夫-奇伊尔德雷斯
164,Chris Childs,Brooklyn Nets|New York Knicks|Toronto Raptors,BKN|NYK|TOR,克里斯-奇伊尔德斯
76311,Art Burris,Detroit Pistons|Atlanta Hawks,DET|ATL,阿特-伯里斯
1629185,Chris Chiozza,Houston Rockets|Washington Wizards|Brooklyn Nets|Golden State Warriors,HOU|WAS|BKN|GSW,克里斯-奇伊奥兹扎
76391,Leroy Chollet,Philadelphia 76ers,PHI,勒罗伊-奇奥尔勒特
76392,Jim Chones,Cleveland Cavaliers|Los Angeles Lakers|Washington Wizards,CLE|LAL|WAS,吉姆-奇奥内斯
1627737,Marquese Chriss,Phoenix Suns|Houston Rockets|Cleveland Cavaliers|Golden State Warriors|Dallas Mavericks,PHX|HOU|CLE|GSW|DAL,马尔奎伊斯-奇里斯
76394,Cal Christensen,Atlanta Hawks|Sacramento Kings,ATL|SAC,卡尔-奇里斯特恩森
76395,Bob Christian,Atlanta Hawks|Phoenix Suns,ATL|PHX,鲍勃-克里斯蒂安
1642353,Cam Christie,LA Clippers,LAC,卡姆-克里斯蒂
57,Doug Christie,Los Angeles Lakers|New York Knicks|Toronto Raptors|Sacramento Kings|Orlando Magic|Dallas Mavericks|LA Clippers,LAL|NYK|TOR|SAC|ORL|DAL|LAC,道格-克里斯蒂
1631108,Max Christie,Los Angeles Lakers|Dallas Mavericks,LAL|DAL,马克斯-克里斯蒂
1626176,Rakeem Christmas,Indiana Pacers,IND,拉凯伊姆-奇里斯特马斯
1630528,Josh Christopher,Houston Rockets|Miami Heat,HOU|MIA,约什-奇里斯托夫伊尔
1631321,Sidy Cissoko,San Antonio Spurs|Portland Trail Blazers,SAS|POR,西德伊-西斯索科
76397,Archie Clark,Los Angeles Lakers|Philadelphia 76ers|Washington Wizards|Oklahoma City Thunder|Detroit Pistons,LAL|PHI|WAS|OKC|DET,阿奇-克拉克
76398,Carlos Clark,Boston Celtics,BOS,卡洛斯-克拉克
201947,Earl Clark,Phoenix Suns|Orlando Magic|Los Angeles Lakers|Cleveland Cavaliers|New York Knicks|Brooklyn Nets,PHX|ORL|LAL|CLE|NYK|BKN,厄尔-克拉克
1629109,Gary Clark,Houston Rockets|Orlando Magic|Denver Nuggets|Philadelphia 76ers|New Orleans Pelicans,HOU|ORL|DEN|PHI|NOP,加里-克拉克
203546,Ian Clark,Utah Jazz|Denver Nuggets|Golden State Warriors|New Orleans Pelicans,UTA|DEN|GSW|NOP,伊安-克拉克
1641740,Jaylen Clark,Minnesota Timberwolves,MIN,杰伦-克拉克
1721,Keon Clark,Denver Nuggets|Toronto Raptors|Sacramento Kings|Utah Jazz,DEN|TOR|SAC|UTA,凯奥恩-克拉克
1629634,Brandon Clarke,Memphis Grizzlies,MEM,布兰登-克拉尔克
203903,Jordan Clarkson,Los Angeles Lakers|Cleveland Cavaliers|Utah Jazz|New York Knicks,LAL|CLE|UTA|NYK,乔丹-克拉尔克森
201964,Victor Claver,Portland Trail Blazers,POR,维克托-克拉维尔
1629651,Nic Claxton,Brooklyn Nets,BKN,尼克-克拉克斯顿
2049,Speedy Claxton,Philadelphia 76ers|San Antonio Spurs|Golden State Warriors|New Orleans Pelicans|Atlanta Hawks,PHI|SAS|GSW|NOP|ATL,斯佩伊德伊-克拉克斯顿
1642383,Walter Clayton Jr.,Utah Jazz|Memphis Grizzlies,UTA|MEM,沃尔特-克拉伊顿
76402,Jim Cleamons,Los Angeles Lakers|Cleveland Cavaliers|New York Knicks|Washington Wizards,LAL|CLE|NYK|WAS,吉姆-克勒姆奥恩斯
2043,Mateen Cleaves,Detroit Pistons|Sacramento Kings|Cleveland Cavaliers|Oklahoma City Thunder,DET|SAC|CLE|OKC,马特伊恩-克勒艾夫斯
76403,John Clemens,New York Knicks|Chicago Bulls|Oklahoma City Thunder|Cleveland Cavaliers|Portland Trail Blazers,NYK|CHI|OKC|CLE|POR,约翰-克莱门斯
1628499,Antonius Cleveland,Dallas Mavericks|Atlanta Hawks,DAL|ATL,阿恩顿伊乌斯-克利夫兰
76404,Nat Clifton,New York Knicks|Detroit Pistons,NYK|DET,纳特-克利夫顿
1642270,Donovan Clingan,Portland Trail Blazers,POR,多诺万-克林加恩
76406,Bill Closs,Golden State Warriors|Detroit Pistons,GSW|DET,比尔-克洛斯
1569,Keith Closs,LA Clippers,LAC,基思-克洛斯
1641730,Noah Clowney,Brooklyn Nets,BKN,诺阿-克洛瓦内伊
1629599,Amir Coffey,LA Clippers|Milwaukee Bucks|Phoenix Suns,LAC|MIL|PHX,阿米尔-科菲
76411,Fred Cofield,New York Knicks|Chicago Bulls,NYK|CHI,弗雷德-科菲尔德
715,John Coker,Phoenix Suns|Washington Wizards|Golden State Warriors,PHX|WAS|GSW,约翰-科克
202708,Norris Cole,Miami Heat|New Orleans Pelicans|Oklahoma City Thunder,MIA|NOP|OKC,诺里斯-科尔
76412,Ben Coleman,Brooklyn Nets|Philadelphia 76ers|Milwaukee Bucks|Detroit Pistons,BKN|PHI|MIL|DET,本-科尔曼
934,Derrick Coleman,Brooklyn Nets|Philadelphia 76ers|Charlotte Hornets|Detroit Pistons,BKN|PHI|CHA|DET,德里克-科尔曼
76413,E.C. Coleman,Houston Rockets|Utah Jazz|Golden State Warriors,HOU|UTA|GSW,EC-科尔曼
76414,Jack Coleman,Sacramento Kings|Atlanta Hawks,SAC|ATL,杰克-科尔曼
902,Bimbo Coles,Miami Heat|Golden State Warriors|Atlanta Hawks|Cleveland Cavaliers|Boston Celtics,MIA|GSW|ATL|CLE|BOS,宾博-科尔斯
1642268,Isaiah Collier,Utah Jazz,UTA,以赛亚-科尔利伊尔
2044,Jason Collier,Houston Rockets|Atlanta Hawks,HOU|ATL,杰森-科尔利伊尔
76418,Don Collins,Atlanta Hawks|Washington Wizards|Golden State Warriors|Milwaukee Bucks,ATL|WAS|GSW|MIL,唐-科林斯
76421,Doug Collins,Philadelphia 76ers,PHI,道格-科林斯
2260,Jarron Collins,Utah Jazz|Phoenix Suns|LA Clippers|Portland Trail Blazers,UTA|PHX|LAC|POR,贾尔罗恩-科林斯
2215,Jason Collins,Brooklyn Nets|Memphis Grizzlies|Minnesota Timberwolves|Atlanta Hawks|Boston Celtics|Washington Wizards,BKN|MEM|MIN|ATL|BOS|WAS,杰森-科林斯
76419,Jimmy Collins,Chicago Bulls,CHI,吉米-科林斯
1628381,John Collins,Atlanta Hawks|Utah Jazz|LA Clippers,ATL|UTA|LAC,约翰-科林斯
200776,Mardy Collins,New York Knicks|LA Clippers,NYK|LAC,马尔德伊-科林斯
1628380,Zach Collins,Portland Trail Blazers|San Antonio Spurs|Chicago Bulls,POR|SAS|CHI,扎克-科林斯
201954,Darren Collison,New Orleans Pelicans|Indiana Pacers|Dallas Mavericks|LA Clippers|Sacramento Kings|Los Angeles Lakers,NOP|IND|DAL|LAC|SAC|LAL,达伦-科尔利森
2555,Nick Collison,Oklahoma City Thunder,OKC,尼克-科尔利森
2173,Sean Colson,Atlanta Hawks|Houston Rockets,ATL|HOU,肖恩-科尔森
306,Steve Colter,Portland Trail Blazers|Chicago Bulls|Philadelphia 76ers|Washington Wizards|Sacramento Kings|Cleveland Cavaliers,POR|CHI|PHI|WAS|SAC|CLE,史蒂夫-科尔特尔
76426,Dallas Comegys,Brooklyn Nets|San Antonio Spurs,BKN|SAS,达尔拉斯-科梅格伊斯
76428,Gene Conley,Boston Celtics|New York Knicks,BOS|NYK,吉恩-科恩利
201144,Mike Conley,Memphis Grizzlies|Utah Jazz|Minnesota Timberwolves,MEM|UTA|MIN,迈克-科恩利
76429,Ed Conlin,Philadelphia 76ers|Detroit Pistons|Golden State Warriors,PHI|DET|GSW,埃德-科恩林
55,Marty Conlon,Oklahoma City Thunder|Sacramento Kings|Charlotte Hornets|Washington Wizards|Milwaukee Bucks|Boston Celtics|Miami Heat|LA Clippers,OKC|SAC|CHA|WAS|MIL|BOS|MIA|LAC,马蒂-科恩洛恩
1626192,Pat Connaughton,Portland Trail Blazers|Milwaukee Bucks|Charlotte Hornets,POR|MIL|CHA,帕特-科恩纳乌格赫顿
76431,Lester Conner,Golden State Warriors|Houston Rockets|Brooklyn Nets|Milwaukee Bucks|LA Clippers|Indiana Pacers|Los Angeles Lakers,GSW|HOU|BKN|MIL|LAC|IND|LAL,莱斯特-科恩内尔
76432,Chuck Connors,Boston Celtics,BOS,查克-康纳斯
101215,Will Conroy,Memphis Grizzlies|LA Clippers|Houston Rockets|Minnesota Timberwolves,MEM|LAC|HOU|MIN,威尔-康罗伊
76433,Anthony Cook,Denver Nuggets|Orlando Magic|Milwaukee Bucks|Portland Trail Blazers,DEN|ORL|MIL|POR,安东尼-库克
2567,Brian Cook,Los Angeles Lakers|Orlando Magic|Houston Rockets|LA Clippers|Washington Wizards,LAL|ORL|HOU|LAC|WAS,布莱恩-库克
201161,Daequan Cook,Miami Heat|Oklahoma City Thunder|Houston Rockets|Chicago Bulls,MIA|OKC|HOU|CHI,达伊奎安-库克
76435,Darwin Cook,Brooklyn Nets|Washington Wizards|San Antonio Spurs|Denver Nuggets,BKN|WAS|SAS|DEN,达尔维恩-库克
76436,Jeff Cook,Phoenix Suns|Cleveland Cavaliers|San Antonio Spurs|Utah Jazz,PHX|CLE|SAS|UTA,杰夫-库克
76437,Norm Cook,Boston Celtics|Denver Nuggets,BOS|DEN,诺姆-库克
2241,Omar Cook,Portland Trail Blazers|Toronto Raptors,POR|TOR,奥姆阿尔-库克
1626188,Quinn Cook,Dallas Mavericks|New Orleans Pelicans|Golden State Warriors|Los Angeles Lakers|Cleveland Cavaliers,DAL|NOP|GSW|LAL|CLE,奎因-库克
1629076,Tyler Cook,Cleveland Cavaliers|Denver Nuggets|Brooklyn Nets|Detroit Pistons|Chicago Bulls,CLE|DEN|BKN|DET|CHI,泰勒-库克
204022,Jack Cooley,Utah Jazz|Sacramento Kings,UTA|SAC,杰克-克奥奥利
76442,Chuck Cooper,Boston Celtics|Atlanta Hawks|Detroit Pistons,BOS|ATL|DET,查克-库珀
1030,Duane Cooper,Los Angeles Lakers|Phoenix Suns,LAL|PHX,杜安-库珀
76443,Joe Cooper,Brooklyn Nets|Los Angeles Lakers|Washington Wizards|LA Clippers|Oklahoma City Thunder,BKN|LAL|WAS|LAC|OKC,乔-库珀
76444,Michael Cooper,Los Angeles Lakers,LAL,迈克尔-库珀
1630536,Sharife Cooper,Atlanta Hawks|Washington Wizards,ATL|WAS,什阿尔伊夫-库珀
76441,Wayne Cooper,Golden State Warriors|Utah Jazz|Dallas Mavericks|Portland Trail Blazers|Denver Nuggets,GSW|UTA|DAL|POR|DEN,韦恩-库珀
203142,Chris Copeland,New York Knicks|Indiana Pacers|Milwaukee Bucks,NYK|IND|MIL,克里斯-科佩兰德
76447,Hollis Copeland,New York Knicks,NYK,霍尔利斯-科佩兰德
76448,Lanard Copeland,Philadelphia 76ers|LA Clippers,PHI|LAC,拉纳尔德-科佩兰德
895,Tyrone Corbin,San Antonio Spurs|Cleveland Cavaliers|Phoenix Suns|Minnesota Timberwolves|Utah Jazz|Atlanta Hawks|Sacramento Kings|Miami Heat|Toronto Raptors,SAS|CLE|PHX|MIN|UTA|ATL|SAC|MIA|TOR,泰伦-科尔宾
76450,Chris Corchiani,Orlando Magic|Washington Wizards|Boston Celtics,ORL|WAS|BOS,克里斯-科尔奇伊安伊
76452,Ray Corley,Philadelphia 76ers|Atlanta Hawks|Detroit Pistons,PHI|ATL|DET,雷-科尔利
76453,Dave Corzine,Washington Wizards|San Antonio Spurs|Chicago Bulls|Orlando Magic|Oklahoma City Thunder,WAS|SAS|CHI|ORL|OKC,戴夫-科尔齐恩
76454,Larry Costello,Golden State Warriors|Philadelphia 76ers,GSW|PHI,拉里-科斯特尔洛
203955,Bryce Cotton,Utah Jazz|Phoenix Suns|Memphis Grizzlies,UTA|PHX|MEM,布莱斯-科顿
1526,James Cotton,Oklahoma City Thunder,OKC,詹姆斯-科顿
1641731,Bilal Coulibaly,Washington Wizards,WAS,比拉尔-库利巴利
1641741,Ricky Council IV,Philadelphia 76ers,PHI,里基-科乌恩西尔-四世
76458,Mel Counts,Boston Celtics|Los Angeles Lakers|Washington Wizards|Phoenix Suns|Philadelphia 76ers|Utah Jazz,BOS|LAL|WAS|PHX|PHI|UTA,梅尔-科乌恩特斯
1432,Joe Courtney,Chicago Bulls|Golden State Warriors|Phoenix Suns|Milwaukee Bucks|Cleveland Cavaliers|Philadelphia 76ers|San Antonio Spurs,CHI|GSW|PHX|MIL|CLE|PHI|SAS,乔-考特尼
202326,DeMarcus Cousins,Sacramento Kings|New Orleans Pelicans|Golden State Warriors|Houston Rockets|LA Clippers|Milwaukee Bucks|Denver Nuggets,SAC|NOP|GSW|HOU|LAC|MIL|DEN,德马库斯-考辛斯
600003,Bob Cousy,Boston Celtics|Sacramento Kings,BOS|SAC,鲍勃-库西
203496,Robert Covington,Houston Rockets|Philadelphia 76ers|Minnesota Timberwolves|Portland Trail Blazers|LA Clippers,HOU|PHI|MIN|POR|LAC,罗伯特-科维恩格顿
76462,Dave Cowens,Boston Celtics|Milwaukee Bucks,BOS|MIL,戴夫-考恩斯
76465,Wesley Cox,Golden State Warriors,GSW,韦斯利-考克斯
203459,Allen Crabbe,Portland Trail Blazers|Brooklyn Nets|Atlanta Hawks|Minnesota Timberwolves,POR|BKN|ATL|MIN,阿伦-克拉布布
1628470,Torrey Craig,Denver Nuggets|Milwaukee Bucks|Phoenix Suns|Indiana Pacers|Chicago Bulls|Boston Celtics,DEN|MIL|PHX|IND|CHI|BOS,托里-克雷格
1544,Chris Crawford,Atlanta Hawks,ATL,克里斯-克劳福德
76466,Freddie Crawford,New York Knicks|Los Angeles Lakers|Milwaukee Bucks|Philadelphia 76ers|LA Clippers,NYK|LAL|MIL|PHI|LAC,弗雷迪-克劳福德
1642384,Isaiah Crawford,Sacramento Kings|Houston Rockets,SAC|HOU,以赛亚-克劳福德
2037,Jamal Crawford,Chicago Bulls|New York Knicks|Golden State Warriors|Atlanta Hawks|Portland Trail Blazers|LA Clippers|Minnesota Timberwolves|Phoenix Suns|Brooklyn Nets,CHI|NYK|GSW|ATL|POR|LAC|MIN|PHX|BKN,贾马尔-克劳福德
202348,Jordan Crawford,Atlanta Hawks|Washington Wizards|Boston Celtics|Golden State Warriors|New Orleans Pelicans,ATL|WAS|BOS|GSW|NOP,乔丹-克劳福德
1628249,Mitchell Creek,Brooklyn Nets|Minnesota Timberwolves,BKN|MIN,米切尔-克里克
76469,Ron Crevier,Golden State Warriors|Detroit Pistons,GSW|DET,罗恩-克雷维尔
2343,Joe Crispin,Los Angeles Lakers|Phoenix Suns,LAL|PHX,乔-克里斯普伊恩
76471,Charlie Criss,Atlanta Hawks|LA Clippers|Milwaukee Bucks,ATL|LAC|MIL,查理-克里斯
76472,Winston Crite,Phoenix Suns,PHX,温斯顿-克里特
201159,Javaris Crittenton,Los Angeles Lakers|Memphis Grizzlies|Washington Wizards,LAL|MEM|WAS,贾瓦里斯-克里特特恩顿
76473,Dillard Crocker,Detroit Pistons|Atlanta Hawks,DET|ATL,迪尔拉尔德-克罗克伊尔
76474,Jeffrey Crompton,Denver Nuggets|Portland Trail Blazers|Milwaukee Bucks|San Antonio Spurs|Cleveland Cavaliers,DEN|POR|MIL|SAS|CLE,杰埃弗弗尔埃伊-克尔奥姆普顿
1506,Austin Croshere,Indiana Pacers|Dallas Mavericks|Golden State Warriors|Milwaukee Bucks|San Antonio Spurs,IND|DAL|GSW|MIL|SAS,奥斯汀-克罗什伊尔
76477,Pete Cross,Oklahoma City Thunder|Sacramento Kings,OKC|SAC,皮特-克罗斯
76479,Francis Crossin,Golden State Warriors,GSW,弗朗西斯-克尔奥斯斯伊恩
180,John Crotty,Utah Jazz|Cleveland Cavaliers|Miami Heat|Portland Trail Blazers|Oklahoma City Thunder|Detroit Pistons|Denver Nuggets,UTA|CLE|MIA|POR|OKC|DET|DEN,约翰-克罗特特伊
76482,Corey Crowder,Utah Jazz|San Antonio Spurs,UTA|SAS,科里-克罗瓦德尔
203109,Jae Crowder,Dallas Mavericks|Boston Celtics|Cleveland Cavaliers|Utah Jazz|Memphis Grizzlies|Miami Heat|Phoenix Suns|Milwaukee Bucks|Sacramento Kings,DAL|BOS|CLE|UTA|MEM|MIA|PHX|MIL|SAC,贾伊-克罗瓦德尔
1629633,Jarrett Culver,Minnesota Timberwolves|Memphis Grizzlies|Atlanta Hawks,MIN|MEM|ATL,贾勒特-卡尔弗
76483,Pat Cummings,Milwaukee Bucks|Dallas Mavericks|New York Knicks|Miami Heat|Utah Jazz,MIL|DAL|NYK|MIA|UTA,帕特-卡明斯
187,Terry Cummings,LA Clippers|Milwaukee Bucks|San Antonio Spurs|Oklahoma City Thunder|Philadelphia 76ers|New York Knicks|Golden State Warriors,LAC|MIL|SAS|OKC|PHI|NYK|GSW,特里-卡明斯
1907,Vonteego Cummings,Golden State Warriors|Philadelphia 76ers,GSW|PHI,沃恩特伊戈-卡明斯
76487,Billy Cunningham,Philadelphia 76ers,PHI,比利-坎宁安
1630595,Cade Cunningham,Detroit Pistons,DET,凯德-坎宁安
201967,Dante Cunningham,Portland Trail Blazers|Charlotte Hornets|Memphis Grizzlies|Minnesota Timberwolves|New Orleans Pelicans|Brooklyn Nets|San Antonio Spurs,POR|CHA|MEM|MIN|NOP|BKN|SAS,丹特-坎宁安
76485,Dick Cunningham,Milwaukee Bucks|Houston Rockets,MIL|HOU,迪克-坎宁安
203099,Jared Cunningham,Dallas Mavericks|Atlanta Hawks|Sacramento Kings|LA Clippers|Cleveland Cavaliers|Milwaukee Bucks,DAL|ATL|SAC|LAC|CLE|MIL,贾里德-坎宁安
1061,William Cunningham,Utah Jazz|Philadelphia 76ers|Toronto Raptors|Brooklyn Nets,UTA|PHI|TOR|BKN,威廉-坎宁安
940,Earl Cureton,Philadelphia 76ers|Detroit Pistons|Chicago Bulls|LA Clippers|Charlotte Hornets|Houston Rockets|Toronto Raptors,PHI|DET|CHI|LAC|CHA|HOU|TOR,厄尔-库雷顿
223,Bill Curley,Detroit Pistons|Minnesota Timberwolves|Houston Rockets|Golden State Warriors|Dallas Mavericks,DET|MIN|HOU|GSW|DAL,比尔-库尔利
76492,Fran Curran,Sacramento Kings,SAC,夫拉恩-库尔拉恩
209,Dell Curry,Utah Jazz|Cleveland Cavaliers|Charlotte Hornets|Milwaukee Bucks|Toronto Raptors,UTA|CLE|CHA|MIL|TOR,德尔-库里
2201,Eddy Curry,Chicago Bulls|New York Knicks|Miami Heat|Dallas Mavericks,CHI|NYK|MIA|DAL,伊德德伊-库里
688,Michael Curry,Philadelphia 76ers|Washington Wizards|Detroit Pistons|Milwaukee Bucks|Toronto Raptors|Indiana Pacers,PHI|WAS|DET|MIL|TOR|IND,迈克尔-库里
203552,Seth Curry,Memphis Grizzlies|Cleveland Cavaliers|Phoenix Suns|Sacramento Kings|Dallas Mavericks|Portland Trail Blazers|Philadelphia 76ers|Brooklyn Nets|Charlotte Hornets|Golden State Warriors,MEM|CLE|PHX|SAC|DAL|POR|PHI|BKN|CHA|GSW,塞斯-库里
201939,Stephen Curry,Golden State Warriors,GSW,斯蒂芬-库里
76505,Mike D'Antoni,Sacramento Kings|San Antonio Spurs,SAC|SAS,迈克-达恩顿伊
1642359,Pacôme Dadiet,New York Knicks,NYK,帕科姆-达迪伊特
76497,Quintin Dailey,Chicago Bulls|LA Clippers|Oklahoma City Thunder,CHI|LAC|OKC,奎伊恩蒂恩-达伊利
2223,Samuel Dalembert,Philadelphia 76ers|Sacramento Kings|Houston Rockets|Milwaukee Bucks|Dallas Mavericks|New York Knicks,PHI|SAC|HOU|MIL|DAL|NYK,萨穆伊尔-达勒姆贝尔特
76498,Howie Dallmar,Golden State Warriors,GSW,豪伊-德阿尔姆阿尔
956,Erick Dampier,Indiana Pacers|Golden State Warriors|Dallas Mavericks|Miami Heat|Atlanta Hawks,IND|GSW|DAL|MIA|ATL,埃里克-达姆皮伊尔
76499,Lou Dampier,San Antonio Spurs,SAS,卢-德阿姆普伊尔
76500,Bob Dandridge,Milwaukee Bucks|Washington Wizards,MIL|WAS,鲍勃-达恩德里德格
1498,Antonio Daniels,Memphis Grizzlies|San Antonio Spurs|Portland Trail Blazers|Oklahoma City Thunder|Washington Wizards|New Orleans Pelicans|Philadelphia 76ers,MEM|SAS|POR|OKC|WAS|NOP|PHI,安东尼奥-丹尼尔斯
1630700,Dyson Daniels,New Orleans Pelicans|Atlanta Hawks,NOP|ATL,德伊森-丹尼尔斯
1380,Lloyd Daniels,San Antonio Spurs|Philadelphia 76ers|Los Angeles Lakers|Sacramento Kings|Brooklyn Nets|Toronto Raptors,SAS|PHI|LAL|SAC|BKN|TOR,劳埃德-丹尼尔斯
2605,Marquis Daniels,Dallas Mavericks|Indiana Pacers|Boston Celtics|Milwaukee Bucks,DAL|IND|BOS|MIL,马奎斯-丹尼尔斯
203584,Troy Daniels,Houston Rockets|Minnesota Timberwolves|Charlotte Hornets|Memphis Grizzlies|Phoenix Suns|Los Angeles Lakers|Denver Nuggets,HOU|MIN|CHA|MEM|PHX|LAL|DEN,特洛伊-丹尼尔斯
390,Sasha Danilovic,Miami Heat|Dallas Mavericks,MIA|DAL,萨沙-达尼洛维奇
1642368,N'Faly Dante,Houston Rockets|Atlanta Hawks,HOU|ATL,恩法利-丹特
76504,Adrian Dantley,LA Clippers|Indiana Pacers|Los Angeles Lakers|Utah Jazz|Detroit Pistons|Dallas Mavericks|Milwaukee Bucks,LAC|IND|LAL|UTA|DET|DAL|MIL,阿德里安-丹特利
212,Yinka Dare,Brooklyn Nets,BKN,伊伊恩卡-达雷
203540,Gigi Datome,Detroit Pistons|Boston Celtics,DET|BOS,吉吉-达托姆
921,Brad Daugherty,Cleveland Cavaliers,CLE,布拉德-多尔蒂
1600,Kornel David,Chicago Bulls|Cleveland Cavaliers|Toronto Raptors|Detroit Pistons,CHI|CLE|TOR|DET,克奥尔恩埃尔-戴维
201176,Jermareo Davidson,Charlotte Hornets|Golden State Warriors,CHA|GSW,杰尔马雷奥-达维德森
76514,Bob Davies,Sacramento Kings,SAC,鲍勃-达维伊斯
203561,Brandon Davies,Philadelphia 76ers|Brooklyn Nets,PHI|BKN,布兰登-达维伊斯
203076,Anthony Davis,New Orleans Pelicans|Los Angeles Lakers|Dallas Mavericks,NOP|LAL|DAL,安东尼-戴维斯
213,Antonio Davis,Indiana Pacers|Toronto Raptors|Chicago Bulls|New York Knicks,IND|TOR|CHI|NYK,安东尼奥-戴维斯
1884,Baron Davis,Charlotte Hornets|New Orleans Pelicans|Golden State Warriors|LA Clippers|Cleveland Cavaliers|New York Knicks,CHA|NOP|GSW|LAC|CLE|NYK,拜伦-戴维斯
989,Ben Davis,Phoenix Suns|New York Knicks,PHX|NYK,本-戴维斯
76516,Brad Davis,Los Angeles Lakers|Indiana Pacers|Utah Jazz|Dallas Mavericks,LAL|IND|UTA|DAL,布拉德-戴维斯
76518,Charlie Davis,Washington Wizards|Milwaukee Bucks|San Antonio Spurs|Chicago Bulls,WAS|MIL|SAS|CHI,查理-戴维斯
905,Dale Davis,Indiana Pacers|Portland Trail Blazers|Golden State Warriors|Detroit Pistons,IND|POR|GSW|DET,戴尔-戴维斯
1627738,Deyonta Davis,Memphis Grizzlies|Atlanta Hawks,MEM|ATL,德伊奥恩塔-戴维斯
76521,Double D Davis,Cleveland Cavaliers|Golden State Warriors,CLE|GSW,德奥布尔埃-德-戴维斯
202334,Ed Davis,Toronto Raptors|Memphis Grizzlies|Los Angeles Lakers|Portland Trail Blazers|Brooklyn Nets|Utah Jazz|Minnesota Timberwolves|Cleveland Cavaliers,TOR|MEM|LAL|POR|BKN|UTA|MIN|CLE,埃德-戴维斯
76522,Edward Davis,Milwaukee Bucks,MIL,爱德华-戴维斯
1023,Emanual Davis,Houston Rockets|Oklahoma City Thunder|Atlanta Hawks,HOU|OKC|ATL,伊曼乌阿尔-戴维斯
201175,Glen Davis,Boston Celtics|Orlando Magic|LA Clippers,BOS|ORL|LAC,格伦-戴维斯
76523,Harry Davis,Cleveland Cavaliers|San Antonio Spurs,CLE|SAS,哈里-戴维斯
93,Hubert Davis,New York Knicks|Toronto Raptors|Dallas Mavericks|Washington Wizards|Detroit Pistons|Brooklyn Nets,NYK|TOR|DAL|WAS|DET|BKN,胡贝尔特-戴维斯
76525,Jim Davis,Atlanta Hawks|Houston Rockets|Detroit Pistons,ATL|HOU|DET,吉姆-戴维斯
76526,Johnny Davis,Portland Trail Blazers|Indiana Pacers|Atlanta Hawks|Cleveland Cavaliers,POR|IND|ATL|CLE,约翰尼-戴维斯
1631098,Johnny Davis,Washington Wizards,WAS,约翰尼-戴维斯
2668,Josh Davis,Atlanta Hawks|Philadelphia 76ers|Milwaukee Bucks|Houston Rockets|Phoenix Suns|Memphis Grizzlies,ATL|PHI|MIL|HOU|PHX|MEM,约什-戴维斯
707,Mark Davis,Minnesota Timberwolves|Philadelphia 76ers|Miami Heat|Golden State Warriors,MIN|PHI|MIA|GSW,马克-戴维斯
76528,Mark Davis,Milwaukee Bucks|Phoenix Suns,MIL|PHX,马克-戴维斯
76529,Mel Davis,New York Knicks|Brooklyn Nets,NYK|BKN,梅尔-戴维斯
76531,Mike Davis,Washington Wizards|LA Clippers,WAS|LAC,迈克-戴维斯
76520,Monti Davis,Philadelphia 76ers|Dallas Mavericks,PHI|DAL,蒙特伊-戴维斯
200781,Paul Davis,LA Clippers|Washington Wizards,LAC|WAS,保罗-戴维斯
76532,Ralph Davis,Sacramento Kings|Washington Wizards,SAC|WAS,拉尔夫-戴维斯
76519,Charlie Davis,Cleveland Cavaliers|Portland Trail Blazers,CLE|POR,查理-戴维斯
1729,Ricky Davis,Charlotte Hornets|Miami Heat|Cleveland Cavaliers|Boston Celtics|Minnesota Timberwolves|LA Clippers,CHA|MIA|CLE|BOS|MIN|LAC,里基-戴维斯
76534,Ron Davis,Atlanta Hawks|LA Clippers,ATL|LAC,罗恩-戴维斯
1629056,Terence Davis,Toronto Raptors|Sacramento Kings,TOR|SAC,特雷恩克-戴维斯
426,Terry Davis,Miami Heat|Dallas Mavericks|Washington Wizards|Denver Nuggets,MIA|DAL|WAS|DEN,特里-戴维斯
76536,Walt Davis,Golden State Warriors,GSW,沃尔特-戴维斯
1453,Walter Davis,Phoenix Suns|Denver Nuggets|Portland Trail Blazers,PHX|DEN|POR,沃尔特-戴维斯
1631120,JD Davison,Boston Celtics|Houston Rockets,BOS|HOU,JD-达维森
76539,Darryl Dawkins,Philadelphia 76ers|Brooklyn Nets|Utah Jazz|Detroit Pistons,PHI|BKN|UTA|DET,达尔伊尔-达瓦基恩斯
1008,Johnny Dawkins,San Antonio Spurs|Philadelphia 76ers|Detroit Pistons,SAS|PHI|DET,约翰尼-达瓦基恩斯
76542,Tony Dawson,Sacramento Kings|Boston Celtics,SAC|BOS,托尼-德阿沃森
103,Todd Day,Milwaukee Bucks|Boston Celtics|Miami Heat|Phoenix Suns|Minnesota Timberwolves,MIL|BOS|MIA|PHX|MIN,托德-戴
201948,Austin Daye,Detroit Pistons|Memphis Grizzlies|Toronto Raptors|San Antonio Spurs|Atlanta Hawks,DET|MEM|TOR|SAS|ATL,奥斯汀-达伊伊
76543,Darren Daye,Washington Wizards|Chicago Bulls|Boston Celtics,WAS|CHI|BOS,达伦-达伊伊
1630620,Darius Days,,,达里厄斯-达伊斯
201986,Nando De Colo,San Antonio Spurs|Toronto Raptors,SAS|TOR,纳恩多-德-科洛
76545,Dave DeBusschere,Detroit Pistons|New York Knicks,DET|NYK,戴夫-德布斯切尔
692,Andrew DeClercq,Golden State Warriors|Boston Celtics|Cleveland Cavaliers|Orlando Magic,GSW|BOS|CLE|ORL,安德鲁-德克勒尔克克
1629602,Javin DeLaurier,,,贾维恩-德拉乌里伊尔
76551,Nate DeLong,,,内特-德埃尔奥恩
201942,DeMar DeRozan,Toronto Raptors|San Antonio Spurs|Chicago Bulls|Sacramento Kings,TOR|SAS|CHI|SAC,德马尔-德罗赞
1630466,Gabriel Deck,Oklahoma City Thunder,OKC,加布里伊尔-德克
203473,Dewayne Dedmon,Golden State Warriors|Philadelphia 76ers|Orlando Magic|San Antonio Spurs|Atlanta Hawks|Sacramento Kings|Miami Heat,GSW|PHI|ORL|SAS|ATL|SAC|MIA,德瓦伊恩-德德莫恩
76546,Archie Dees,Sacramento Kings|Detroit Pistons|Washington Wizards,SAC|DET|WAS,阿奇-德伊斯
143,Terry Dehere,LA Clippers|Sacramento Kings|Memphis Grizzlies,LAC|SAC|MEM,特里-德赫尔
1626155,Sam Dekker,Houston Rockets|LA Clippers|Cleveland Cavaliers|Washington Wizards|Toronto Raptors,HOU|LAC|CLE|WAS|TOR,萨姆-德克凯尔
219,Vinny Del Negro,Sacramento Kings|San Antonio Spurs|Milwaukee Bucks|Golden State Warriors|Phoenix Suns,SAC|SAS|MIL|GSW|PHX,维恩恩伊-德尔-内格罗
1627098,Malcolm Delaney,Atlanta Hawks,ATL,马尔科姆-德拉内伊
183,Bison Dele,Orlando Magic|Denver Nuggets|LA Clippers|Chicago Bulls|Detroit Pistons,ORL|DEN|LAC|CHI|DET,拜森-德勒
2568,Carlos Delfino,Detroit Pistons|Toronto Raptors|Milwaukee Bucks|Houston Rockets,DET|TOR|MIL|HOU,卡洛斯-德尔菲诺
960,Tony Delk,Charlotte Hornets|Golden State Warriors|Sacramento Kings|Phoenix Suns|Boston Celtics|Dallas Mavericks|Atlanta Hawks|Detroit Pistons,CHA|GSW|SAC|PHX|BOS|DAL|ATL|DET,托尼-德尔克
203521,Matthew Dellavedova,Cleveland Cavaliers|Milwaukee Bucks|Sacramento Kings,CLE|MIL|SAC,马特斯伊瓦-德尔拉维多瓦
76553,Larry Demic,New York Knicks,NYK,拉里-德米克
725,Dell Demps,Golden State Warriors|San Antonio Spurs|Orlando Magic,GSW|SAS|ORL,德尔-德埃姆普斯
76555,George Dempsey,Golden State Warriors|Philadelphia 76ers,GSW|PHI,乔治-德姆普塞伊
2736,Luol Deng,Chicago Bulls|Cleveland Cavaliers|Miami Heat|Los Angeles Lakers|Minnesota Timberwolves,CHI|CLE|MIA|LAL|MIN,卢奥尔-登格
76556,Kenny Dennard,Sacramento Kings|Denver Nuggets,SAC|DEN,肯尼-登纳尔德
1642484,RayJ Dennis,Indiana Pacers|LA Clippers|Atlanta Hawks,IND|LAC|ATL,拉伊杰-丹尼斯
202458,Justin Dentmon,San Antonio Spurs|Toronto Raptors|Dallas Mavericks,SAS|TOR|DAL,贾斯廷-德埃恩特蒙
76559,Rod Derline,Oklahoma City Thunder,OKC,罗德-德尔林
76561,Walter Devlin,Detroit Pistons|Los Angeles Lakers,DET|LAL,沃阿尔特-德埃夫尔伊恩
76568,Ernie DiGregorio,LA Clippers|Los Angeles Lakers|Boston Celtics,LAC|LAL|BOS,厄尼-迪格雷戈里奥
1628978,Donte DiVincenzo,Milwaukee Bucks|Sacramento Kings|Golden State Warriors|New York Knicks|Minnesota Timberwolves,MIL|SAC|GSW|NYK|MIN,登特-迪维恩塞恩佐
1631217,Moussa Diabaté,LA Clippers|Charlotte Hornets,LAC|CHA,莫乌斯萨-迪阿布特
1629603,Mamadi Diakite,Milwaukee Bucks|Oklahoma City Thunder|Cleveland Cavaliers|San Antonio Spurs|New York Knicks,MIL|OKC|CLE|SAS|NYK,马马迪-迪阿基特
1760,Derrick Dial,San Antonio Spurs|Brooklyn Nets|Toronto Raptors|Orlando Magic,SAS|BKN|TOR|ORL,德里克-迪阿尔
1627767,Cheick Diallo,New Orleans Pelicans|Phoenix Suns|Detroit Pistons,NOP|PHX|DET,奇艾克-迪奥尔奥
1628977,Hamidou Diallo,Oklahoma City Thunder|Detroit Pistons|Washington Wizards,OKC|DET|WAS,哈米多乌-迪奥尔奥
2564,Boris Diaw,Atlanta Hawks|Phoenix Suns|Charlotte Hornets|San Antonio Spurs|Utah Jazz,ATL|PHX|CHA|SAS|UTA,博里斯-迪奥
200821,Yakhouba Diawara,Denver Nuggets|Miami Heat,DEN|MIA,伊阿克霍乌布阿-迪奥阿尔阿
1641711,Gradey Dick,Toronto Raptors,TOR,格拉德伊-迪克
2424,Dan Dickau,Atlanta Hawks|Portland Trail Blazers|Dallas Mavericks|New Orleans Pelicans|Boston Celtics|LA Clippers,ATL|POR|DAL|NOP|BOS|LAC,丹-迪克奥
2079,Kaniel Dickens,Portland Trail Blazers|Brooklyn Nets|Cleveland Cavaliers,POR|BKN|CLE,克阿恩伊尔-德克埃恩斯
76563,Henry Dickerson,Detroit Pistons|Atlanta Hawks,DET|ATL,亨利-德克埃尔森
1722,Michael Dickerson,Houston Rockets|Memphis Grizzlies,HOU|MEM,迈克尔-迪克伊尔森
76564,Derrek Dickey,Golden State Warriors|Chicago Bulls,GSW|CHI,德尔雷克-迪克伊
101143,Travis Diener,Orlando Magic|Indiana Pacers|Portland Trail Blazers,ORL|IND|POR,特拉维斯-迪伊内尔
203476,Gorgui Dieng,Minnesota Timberwolves|Memphis Grizzlies|San Antonio Spurs|Atlanta Hawks,MIN|MEM|SAS|ATL,戈尔古伊-迪伊恩格
1631172,Ousmane Dieng,Oklahoma City Thunder|Milwaukee Bucks,OKC|MIL,乌斯曼-迪伊恩格
76566,Connie Dierking,Philadelphia 76ers|Golden State Warriors|Sacramento Kings,PHI|GSW|SAC,康尼-迪伊尔基恩格
76567,Coby Dietrick,San Antonio Spurs|Chicago Bulls,SAS|CHI,科布伊-迪伊特里克
1642265,Rob Dillingham,Minnesota Timberwolves|Chicago Bulls,MIN|CHI,罗布-迪尔林格哈姆
76574,Byron Dinkins,Houston Rockets|San Antonio Spurs|Indiana Pacers,HOU|SAS|IND,拜伦-迪恩基恩斯
76576,Bill Dinwiddie,Sacramento Kings|Boston Celtics|Milwaukee Bucks,SAC|BOS|MIL,比尔-丁威迪
203915,Spencer Dinwiddie,Detroit Pistons|Brooklyn Nets|Washington Wizards|Dallas Mavericks|Los Angeles Lakers,DET|BKN|WAS|DAL|LAL,斯潘塞-丁威迪
101113,Ike Diogu,Golden State Warriors|Indiana Pacers|Portland Trail Blazers|Sacramento Kings|LA Clippers|San Antonio Spurs,GSW|IND|POR|SAC|LAC|SAS,伊凯-迪奥古
2205,DeSagana Diop,Cleveland Cavaliers|Dallas Mavericks|Brooklyn Nets|Charlotte Hornets,CLE|DAL|BKN|CHA,德萨加纳-迪奥普
76577,Terry Dischinger,Washington Wizards|Detroit Pistons|Portland Trail Blazers,WAS|DET|POR,特里-迪斯克伊恩杰尔
124,Vlade Divac,Los Angeles Lakers|Charlotte Hornets|Sacramento Kings,LAL|CHA|SAC,弗拉德-迪瓦茨
2413,Juan Dixon,Washington Wizards|Portland Trail Blazers|Toronto Raptors|Detroit Pistons,WAS|POR|TOR|DET,朱安-迪克斯奥恩
1720,Michael Doleac,Orlando Magic|Cleveland Cavaliers|New York Knicks|Denver Nuggets|Miami Heat|Minnesota Timberwolves,ORL|CLE|NYK|DEN|MIA|MIN,迈克尔-多勒阿克
76582,Bob Doll,Boston Celtics,BOS,鲍勃-多尔
76583,James Donaldson,Oklahoma City Thunder|LA Clippers|Dallas Mavericks|New York Knicks|Utah Jazz,OKC|LAC|DAL|NYK|UTA,詹姆斯-登阿尔德森
76584,Bob Donham,Boston Celtics,BOS,鲍勃-登哈姆
1629029,Luka Dončić,Dallas Mavericks|Los Angeles Lakers,DAL|LAL,卢卡-东契奇
2039,Keyon Dooling,LA Clippers|Miami Heat|Orlando Magic|Brooklyn Nets|Milwaukee Bucks|Boston Celtics|Memphis Grizzlies,LAC|MIA|ORL|BKN|MIL|BOS|MEM,凯伊奥恩-多奥林格
76587,Jacky Dorsey,Denver Nuggets|Portland Trail Blazers|Houston Rockets|Oklahoma City Thunder,DEN|POR|HOU|OKC,贾克伊-多尔塞伊
201595,Joey Dorsey,Houston Rockets|Sacramento Kings|Toronto Raptors,HOU|SAC|TOR,乔伊-多尔塞伊
1628416,Tyler Dorsey,Atlanta Hawks|Memphis Grizzlies|Dallas Mavericks,ATL|MEM|DAL,泰勒-多尔塞伊
1629652,Luguentz Dort,Oklahoma City Thunder,OKC,卢古伊恩特兹-多尔特
1630245,Ayo Dosunmu,Chicago Bulls|Minnesota Timberwolves,CHI|MIN,阿约-多森姆
1628422,Damyean Dotson,New York Knicks|Cleveland Cavaliers,NYK|CLE,达姆伊伊恩-多特森
1629653,Devon Dotson,Chicago Bulls|Washington Wizards,CHI|WAS,德沃恩-多特森
200763,Quincy Douby,Sacramento Kings|Toronto Raptors,SAC|TOR,昆西-多乌布伊
76589,John Douglas,LA Clippers,LAC,约翰-道格拉斯
76590,Leon Douglas,Detroit Pistons|Sacramento Kings,DET|SAC,利昂-道格拉斯
428,Sherman Douglas,Miami Heat|Boston Celtics|Milwaukee Bucks|Brooklyn Nets|LA Clippers,MIA|BOS|MIL|BKN|LAC,什伊尔曼-道格拉斯
201962,Toney Douglas,New York Knicks|Houston Rockets|Sacramento Kings|Golden State Warriors|Miami Heat|New Orleans Pelicans|Memphis Grizzlies,NYK|HOU|SAC|GSW|MIA|NOP|MEM,托尼-道格拉斯
201604,Chris Douglas-Roberts,Brooklyn Nets|Milwaukee Bucks|Dallas Mavericks|Charlotte Hornets|LA Clippers,BKN|MIL|DAL|CHA|LAC,克里斯-道格拉斯-罗伯茨
1629635,Sekou Doumbouya,Detroit Pistons|Los Angeles Lakers,DET|LAL,塞科乌-多乌姆博乌伊阿
76592,Lloyd Dove,Detroit Pistons,DET,劳埃德-德奥夫埃
76594,Steve Downing,Boston Celtics,BOS,史蒂夫-德奥沃恩伊恩
1630288,Jeff Dowtin Jr.,Golden State Warriors|Milwaukee Bucks|Orlando Magic|Toronto Raptors|Philadelphia 76ers,GSW|MIL|ORL|TOR|PHI,杰夫-多瓦蒂恩
1628408,PJ Dozier,Oklahoma City Thunder|Boston Celtics|Denver Nuggets|Sacramento Kings|Minnesota Timberwolves,OKC|BOS|DEN|SAC|MIN,PJ-多齐伊尔
201609,Goran Dragic,Phoenix Suns|Houston Rockets|Miami Heat|Toronto Raptors|Brooklyn Nets|Chicago Bulls|Milwaukee Bucks,PHX|HOU|MIA|TOR|BKN|CHI|MIL,戈拉恩-德拉季奇
204054,Zoran Dragic,Phoenix Suns|Miami Heat,PHX|MIA,佐兰-德拉季奇
1068,Greg Dreiling,Indiana Pacers|Dallas Mavericks|Cleveland Cavaliers,IND|DAL|CLE,格雷格-德雷伊林格
1724,Bryce Drew,Houston Rockets|Chicago Bulls|Charlotte Hornets|New Orleans Pelicans,HOU|CHI|CHA|NOP,布尔伊克-德鲁
76598,John Drew,Atlanta Hawks|Utah Jazz,ATL|UTA,约翰-德鲁
76599,Larry Drew,Detroit Pistons|Sacramento Kings|LA Clippers|Los Angeles Lakers,DET|SAC|LAC|LAL,拉里-德鲁
203580,Larry Drew II,Philadelphia 76ers|New Orleans Pelicans,PHI|NOP,拉里-德尔埃沃
17,Clyde Drexler,Portland Trail Blazers|Houston Rockets,POR|HOU,克莱德-德雷克斯勒
76603,Terry Driscoll,Detroit Pistons|Washington Wizards|Milwaukee Bucks,DET|WAS|MIL,特里-德里斯科尔
1542,Predrag Drobnjak,Oklahoma City Thunder|LA Clippers|Atlanta Hawks,OKC|LAC|ATL,普雷德拉格-德罗布恩贾克
203083,Andre Drummond,Detroit Pistons|Cleveland Cavaliers|Los Angeles Lakers|Philadelphia 76ers|Brooklyn Nets|Chicago Bulls,DET|CLE|LAL|PHI|BKN|CHI,安德烈-德鲁姆莫恩德
76623,Dennis DuVal,Washington Wizards|Atlanta Hawks,WAS|ATL,丹尼斯-杜瓦尔
1630537,Chris Duarte,Indiana Pacers|Sacramento Kings|Chicago Bulls,IND|SAC|CHI,克里斯-杜阿尔特
404,Kevin Duckworth,San Antonio Spurs|Portland Trail Blazers|Washington Wizards|Milwaukee Bucks|LA Clippers,SAS|POR|WAS|MIL|LAC,凯文-杜克沃斯
76607,Charles Dudley,Oklahoma City Thunder|Golden State Warriors|Chicago Bulls,OKC|GSW|CHI,查尔斯-达德利
201,Chris Dudley,Cleveland Cavaliers|Brooklyn Nets|Portland Trail Blazers|New York Knicks|Phoenix Suns,CLE|BKN|POR|NYK|PHX,克里斯-达德利
201162,Jared Dudley,Charlotte Hornets|Phoenix Suns|LA Clippers|Milwaukee Bucks|Washington Wizards|Brooklyn Nets|Los Angeles Lakers,CHA|PHX|LAC|MIL|WAS|BKN|LAL,贾里德-达德利
76608,Terry Duerod,Detroit Pistons|Boston Celtics|Dallas Mavericks|Golden State Warriors,DET|BOS|DAL|GSW,特里-杜伊罗德
76609,Bob Duffy,Boston Celtics,BOS,鲍勃-杜夫夫伊
76610,Bob Duffy,Atlanta Hawks|Detroit Pistons,ATL|DET,鲍勃-杜夫夫伊
2768,Chris Duhon,Chicago Bulls|New York Knicks|Orlando Magic|Los Angeles Lakers,CHI|NYK|ORL|LAL,克里斯-杜霍恩
1630561,David Duke Jr.,Brooklyn Nets|San Antonio Spurs,BKN|SAS,大卫-杜凯
76611,Walter Dukes,New York Knicks|Los Angeles Lakers|Detroit Pistons,NYK|LAL|DET,沃尔特-杜凯斯
247,Joe Dumars,Detroit Pistons,DET,乔-杜马斯
30,Richard Dumas,Phoenix Suns|Philadelphia 76ers,PHX|PHI,理查德-杜马斯
434,Tony Dumas,Dallas Mavericks|Phoenix Suns|Cleveland Cavaliers,DAL|PHX|CLE,托尼-杜马斯
76615,Andy Duncan,Sacramento Kings|Boston Celtics,SAC|BOS,安德伊-邓肯
1495,Tim Duncan,San Antonio Spurs,SAS,蒂姆-邓肯
2399,Mike Dunleavy,Golden State Warriors|Indiana Pacers|Milwaukee Bucks|Chicago Bulls|Cleveland Cavaliers|Atlanta Hawks,GSW|IND|MIL|CHI|CLE|ATL,迈克-邓利维
76616,Mike Dunleavy,Philadelphia 76ers|Houston Rockets|San Antonio Spurs|Milwaukee Bucks,PHI|HOU|SAS|MIL,迈克-邓利维
1627739,Kris Dunn,Minnesota Timberwolves|Chicago Bulls|Atlanta Hawks|Portland Trail Blazers|Utah Jazz|LA Clippers,MIN|CHI|ATL|POR|UTA|LAC,克里斯-邓恩
1642346,Ryan Dunn,Phoenix Suns,PHX,莱恩-邓恩
76618,T.R. Dunn,Portland Trail Blazers|Denver Nuggets|Phoenix Suns,POR|DEN|PHX,TR-邓恩
2648,Ronald Dupree,Chicago Bulls|Detroit Pistons|Minnesota Timberwolves|Oklahoma City Thunder|Toronto Raptors,CHI|DET|MIN|OKC|TOR,罗纳德-杜普雷
201142,Kevin Durant,Oklahoma City Thunder|Golden State Warriors|Brooklyn Nets|Phoenix Suns|Houston Rockets,OKC|GSW|BKN|PHX|HOU,凯文-杜兰特
1631105,Jalen Duren,Detroit Pistons,DET,杰伦-杜雷恩
76619,John Duren,Utah Jazz|Indiana Pacers,UTA|IND,约翰-杜雷恩
1090,Pat Durham,Golden State Warriors|Minnesota Timberwolves,GSW|MIN,帕特-杜尔哈姆
76621,Devin Durrant,Indiana Pacers|Phoenix Suns,IND|PHX,德文-杜尔拉恩特
76622,Ken Durrett,Sacramento Kings|Philadelphia 76ers,SAC|PHI,肯-杜尔雷特特
289,Ledell Eackles,Washington Wizards|Miami Heat,WAS|MIA,勒德尔-伊克勒斯
76628,Jim Eakins,Sacramento Kings|Milwaukee Bucks|San Antonio Spurs,SAC|MIL|SAS,吉姆-伊基恩斯
768,Acie Earl,Boston Celtics|Toronto Raptors|Milwaukee Bucks,BOS|TOR|MIL,艾西-厄尔
203921,Cleanthony Early,New York Knicks,NYK,克勒安斯奥恩伊-伊尔利
1631106,Tari Eason,Houston Rockets,HOU,塔里-伊森
76631,Mark Eaton,Utah Jazz,UTA,马克-伊顿
76632,Jerry Eaves,Utah Jazz|Atlanta Hawks|Sacramento Kings,UTA|ATL|SAC,杰里-伊维斯
202365,Devin Ebanks,Los Angeles Lakers,LAL,德文-伊布安克斯
76634,Al Eberhard,Detroit Pistons,DET,艾尔-伊贝尔哈尔德
2569,Ndudi Ebi,Minnesota Timberwolves,MIN,恩杜迪-埃比
204067,Jarell Eddie,Washington Wizards|Phoenix Suns|Boston Celtics|Chicago Bulls,WAS|PHX|BOS|CHI,贾雷尔-埃迪
76636,Thomas Eddleman,Atlanta Hawks|Detroit Pistons,ATL|DET,托马斯-埃德德尔埃曼
1641744,Zach Edey,Memphis Grizzlies,MEM,扎克-伊德伊
76638,Keith Edmonson,Atlanta Hawks|San Antonio Spurs|Denver Nuggets,ATL|SAS|DEN,基思-伊德莫恩森
721,Tyus Edney,Sacramento Kings|Boston Celtics|Indiana Pacers,SAC|BOS|IND,特伊乌斯-伊德内伊
1630162,Anthony Edwards,Minnesota Timberwolves,MIN,安东尼-爱德华兹
898,Blue Edwards,Utah Jazz|Milwaukee Bucks|Boston Celtics|Memphis Grizzlies|Miami Heat,UTA|MIL|BOS|MEM|MIA,布卢伊-爱德华兹
1629035,Carsen Edwards,Boston Celtics|Detroit Pistons,BOS|DET,卡尔森-爱德华兹
346,Doug Edwards,Atlanta Hawks|Memphis Grizzlies,ATL|MEM,道格-爱德华兹
76641,Franklin Edwards,Philadelphia 76ers|LA Clippers|Sacramento Kings,PHI|LAC|SAC,富兰克林-爱德华兹
229,James Edwards,Los Angeles Lakers|Indiana Pacers|Cleveland Cavaliers|Phoenix Suns|Detroit Pistons|LA Clippers|Portland Trail Blazers|Chicago Bulls,LAL|IND|CLE|PHX|DET|LAC|POR|CHI,詹姆斯-爱德华兹
2823,John Edwards,Indiana Pacers|Atlanta Hawks,IND|ATL,约翰-爱德华兹
1642348,Justin Edwards,Philadelphia 76ers,PHI,贾斯汀-爱德华兹
1630556,Kessler Edwards,Brooklyn Nets|Sacramento Kings|Dallas Mavericks,BKN|SAC|DAL,凯斯勒-爱德华兹
236,Kevin Edwards,Miami Heat|Brooklyn Nets|Orlando Magic|Memphis Grizzlies,MIA|BKN|ORL|MEM,凯文-爱德华兹
76647,Johnny Egan,Detroit Pistons|New York Knicks|Washington Wizards|Los Angeles Lakers|Cleveland Cavaliers|Houston Rockets,DET|NYK|WAS|LAL|CLE|HOU,约翰尼-伊加恩
76649,Eddie Ehlers,Boston Celtics,BOS,埃迪-埃赫尔埃尔斯
378,Craig Ehlo,Houston Rockets|Cleveland Cavaliers|Atlanta Hawks|Oklahoma City Thunder,HOU|CLE|ATL|OKC,克雷格-伊赫洛
458,Howard Eisley,Minnesota Timberwolves|San Antonio Spurs|Utah Jazz|Dallas Mavericks|New York Knicks|Phoenix Suns|LA Clippers|Denver Nuggets,MIN|SAS|UTA|DAL|NYK|PHX|LAC|DEN,霍华德-艾斯利
1918,Obinna Ekezie,Memphis Grizzlies|Washington Wizards|Dallas Mavericks|LA Clippers|Atlanta Hawks,MEM|WAS|DAL|LAC|ATL,奥比恩纳-伊凯齐
53,Mario Elie,Philadelphia 76ers|Golden State Warriors|Portland Trail Blazers|Houston Rockets|San Antonio Spurs|Phoenix Suns,PHI|GSW|POR|HOU|SAS|PHX,马里奥-伊利伊
1629604,CJ Elleby,Portland Trail Blazers,POR,CJ-伊尔勒布伊
76655,Ray Ellefson,Los Angeles Lakers|New York Knicks,LAL|NYK,雷-尔埃弗森
1627740,Henry Ellenson,Detroit Pistons|New York Knicks|Brooklyn Nets|Toronto Raptors,DET|NYK|BKN|TOR,亨利-伊尔伦森
201961,Wayne Ellington,Minnesota Timberwolves|Memphis Grizzlies|Cleveland Cavaliers|Dallas Mavericks|Los Angeles Lakers|Brooklyn Nets|Miami Heat|Detroit Pistons|New York Knicks,MIN|MEM|CLE|DAL|LAL|BKN|MIA|DET|NYK,韦恩-艾灵顿
76656,Bob Elliott,Brooklyn Nets,BKN,鲍勃-埃利奥特
251,Sean Elliott,San Antonio Spurs|Detroit Pistons,SAS|DET,肖恩-埃利奥特
76658,Alexander Ellis,Los Angeles Lakers,LAL,亚历山大-埃利斯
76664,Bo Ellis,Denver Nuggets,DEN,博-埃利斯
107,Dale Ellis,Dallas Mavericks|Oklahoma City Thunder|Milwaukee Bucks|San Antonio Spurs|Denver Nuggets|Charlotte Hornets,DAL|OKC|MIL|SAS|DEN|CHA,戴尔-埃利斯
1677,Harold Ellis,LA Clippers|Denver Nuggets,LAC|DEN,哈罗德-埃利斯
76661,Joe Ellis,Golden State Warriors,GSW,乔-埃利斯
1631165,Keon Ellis,Sacramento Kings|Cleveland Cavaliers,SAC|CLE,凯奥恩-埃利斯
111,LaPhonso Ellis,Denver Nuggets|Atlanta Hawks|Minnesota Timberwolves|Miami Heat,DEN|ATL|MIN|MIA,拉夫奥恩索-埃利斯
1034,LeRon Ellis,LA Clippers|Charlotte Hornets|Miami Heat,LAC|CHA|MIA,勒罗恩-埃利斯
76663,Leroy Ellis,Los Angeles Lakers|Washington Wizards|Portland Trail Blazers|Philadelphia 76ers,LAL|WAS|POR|PHI,勒罗伊-埃利斯
101145,Monta Ellis,Golden State Warriors|Milwaukee Bucks|Dallas Mavericks|Indiana Pacers,GSW|MIL|DAL|IND,蒙塔-埃利斯
442,Pervis Ellison,Sacramento Kings|Washington Wizards|Boston Celtics|Oklahoma City Thunder,SAC|WAS|BOS|OKC,佩尔维斯-伊尔利森
600010,Len Elmore,Indiana Pacers|Sacramento Kings|Milwaukee Bucks|Brooklyn Nets|New York Knicks,IND|SAC|MIL|BKN|NYK,莱恩-埃尔莫尔
1922,Francisco Elson,Denver Nuggets|San Antonio Spurs|Oklahoma City Thunder|Milwaukee Bucks|Philadelphia 76ers|Utah Jazz,DEN|SAS|OKC|MIL|PHI|UTA,夫拉恩西斯科-伊尔森
2408,Melvin Ely,LA Clippers|Charlotte Hornets|San Antonio Spurs|New Orleans Pelicans|Denver Nuggets,LAC|CHA|SAS|NOP|DEN,梅尔文-伊利
203954,Joel Embiid,Philadelphia 76ers,PHI,乔尔-恩比德
76668,Wayne Embry,Sacramento Kings|Boston Celtics|Milwaukee Bucks,SAC|BOS|MIL,韦恩-伊姆布尔伊
2765,Andre Emmett,Memphis Grizzlies|Brooklyn Nets,MEM|BKN,安德烈-埃姆姆特
76670,Chris Engler,Golden State Warriors|Brooklyn Nets|Chicago Bulls|Milwaukee Bucks|Portland Trail Blazers,GSW|BKN|CHI|MIL|POR,克里斯-伊恩格勒尔
76672,A.J. English,Washington Wizards,WAS,AJ-英格利什
76673,Alex English,Milwaukee Bucks|Indiana Pacers|Denver Nuggets|Dallas Mavericks,MIL|IND|DEN|DAL,亚历克斯-英格利什
76676,Jojo English,Chicago Bulls,CHI,乔乔-英格利什
76677,Gene Englund,Atlanta Hawks|Boston Celtics,ATL|BOS,吉恩-埃恩尔乌恩德
203898,Tyler Ennis,Phoenix Suns|Milwaukee Bucks|Houston Rockets|Los Angeles Lakers,PHX|MIL|HOU|LAL,泰勒-恩尼斯
203516,James Ennis III,Miami Heat|Memphis Grizzlies|New Orleans Pelicans|Detroit Pistons|Houston Rockets|Philadelphia 76ers|Orlando Magic|Brooklyn Nets|LA Clippers|Denver Nuggets,MIA|MEM|NOP|DET|HOU|PHI|ORL|BKN|LAC|DEN,詹姆斯-恩尼斯-三世
201623,Semih Erden,Boston Celtics|Cleveland Cavaliers,BOS|CLE,塞米赫-伊尔登
76680,Keith Erickson,Golden State Warriors|Chicago Bulls|Los Angeles Lakers|Phoenix Suns,GSW|CHI|LAL|PHX,基思-伊里克森
76681,Julius Erving,Philadelphia 76ers,PHI,朱利叶斯-欧文
1915,Evan Eschmeyer,Brooklyn Nets|Dallas Mavericks,BKN|DAL,埃文-伊斯克梅伊伊尔
1630623,Tyson Etienne,Brooklyn Nets,BKN,泰森-伊蒂伊恩恩
1629234,Drew Eubanks,San Antonio Spurs|Portland Trail Blazers|Phoenix Suns|Utah Jazz|LA Clippers|Sacramento Kings,SAS|POR|PHX|UTA|LAC|SAC,德鲁-尤班克斯
967,Brian Evans,Orlando Magic|Brooklyn Nets|Minnesota Timberwolves,ORL|BKN|MIN,布莱恩-埃文斯
1628980,Jacob Evans,Golden State Warriors|Minnesota Timberwolves,GSW|MIN,贾科布-埃文斯
1628393,Jawun Evans,LA Clippers|Phoenix Suns|Oklahoma City Thunder,LAC|PHX|OKC,贾瓦乌恩-埃文斯
202379,Jeremy Evans,Utah Jazz|Dallas Mavericks|Atlanta Hawks,UTA|DAL|ATL,杰里米-埃文斯
2230,Maurice Evans,Minnesota Timberwolves|Sacramento Kings|Detroit Pistons|Los Angeles Lakers|Orlando Magic|Atlanta Hawks|Washington Wizards,MIN|SAC|DET|LAL|ORL|ATL|WAS,莫里斯-埃文斯
76686,Mike Evans,San Antonio Spurs|Milwaukee Bucks|Cleveland Cavaliers|Denver Nuggets,SAS|MIL|CLE|DEN,迈克-埃文斯
2501,Reggie Evans,Oklahoma City Thunder|Denver Nuggets|Philadelphia 76ers|Toronto Raptors|LA Clippers|Brooklyn Nets|Sacramento Kings,OKC|DEN|PHI|TOR|LAC|BKN|SAC,雷吉-埃文斯
201936,Tyreke Evans,Sacramento Kings|New Orleans Pelicans|Memphis Grizzlies|Indiana Pacers,SAC|NOP|MEM|IND,特伊雷克-埃文斯
1641787,Tosan Evbuomwan,Memphis Grizzlies|Detroit Pistons|Brooklyn Nets|New York Knicks,MEM|DET|BKN|NYK,托萨恩-伊夫布奥姆瓦恩
101137,Daniel Ewing,LA Clippers,LAC,丹尼尔-尤因
121,Patrick Ewing,New York Knicks|Oklahoma City Thunder|Orlando Magic,NYK|OKC|ORL,帕特里克-尤因
203957,Dante Exum,Utah Jazz|Cleveland Cavaliers|Dallas Mavericks,UTA|CLE|DAL,丹特-伊克斯乌姆
201963,Christian Eyenga,Cleveland Cavaliers|Los Angeles Lakers,CLE|LAL,克里斯蒂安-伊伊恩加
203105,Festus Ezeli,Golden State Warriors,GSW,费斯图斯-伊泽利
76689,Johnny Ezersky,Boston Celtics,BOS,约翰尼-埃兹埃尔斯克伊
1629605,Tacko Fall,Boston Celtics|Cleveland Cavaliers,BOS|CLE,塔克奥-法尔
76692,Phil Farbman,Golden State Warriors|Boston Celtics,GSW|BOS,菲尔-弗阿尔布曼
202702,Kenneth Faried,Denver Nuggets|Brooklyn Nets|Houston Rockets,DEN|BKN|HOU,凯恩内斯-法里伊德
76693,Dick Farley,Philadelphia 76ers|Detroit Pistons,PHI|DET,迪克-法尔利
200770,Jordan Farmar,Los Angeles Lakers|Brooklyn Nets|LA Clippers|Memphis Grizzlies|Sacramento Kings,LAL|BKN|LAC|MEM|SAC,乔丹-法尔马尔
2824,Desmon Farmer,Oklahoma City Thunder|San Antonio Spurs,OKC|SAS,德埃斯蒙-弗阿尔姆埃尔
76695,Jim Farmer,Dallas Mavericks|Utah Jazz|Oklahoma City Thunder|Philadelphia 76ers|Denver Nuggets,DAL|UTA|OKC|PHI|DEN,吉姆-法默
76694,Mike Farmer,New York Knicks|Sacramento Kings|Atlanta Hawks,NYK|SAC|ATL,迈克-法默
1108,Tony Farmer,Charlotte Hornets|Golden State Warriors,CHA|GSW,托尼-法默
202324,Derrick Favors,Brooklyn Nets|Utah Jazz|New Orleans Pelicans|Oklahoma City Thunder,BKN|UTA|NOP|OKC,德里克-法沃尔斯
201174,Nick Fazekas,Dallas Mavericks|LA Clippers,DAL|LAC,尼克-法泽卡斯
994,Jamie Feick,Charlotte Hornets|San Antonio Spurs|Milwaukee Bucks|Brooklyn Nets,CHA|SAS|MIL|BKN,贾米-费伊克
76702,George Feigenbaum,Atlanta Hawks,ATL,乔治-弗埃格埃恩布奥姆
76703,Dave Feitl,Houston Rockets|Golden State Warriors|Washington Wizards|Brooklyn Nets,HOU|GSW|WAS|BKN,戴夫-费伊特尔
1627770,Kay Felder,Cleveland Cavaliers|Chicago Bulls|Detroit Pistons,CLE|CHI|DET,卡伊-费尔德尔
1626245,Cristiano Felicio,Chicago Bulls,CHI,克里斯蒂安奥-费利西奥
76704,Ray Felix,New York Knicks|Los Angeles Lakers,NYK|LAL,雷-费利克斯
101109,Raymond Felton,Charlotte Hornets|New York Knicks|Denver Nuggets|Portland Trail Blazers|Dallas Mavericks|LA Clippers|Oklahoma City Thunder,CHA|NYK|DEN|POR|DAL|LAC|OKC,雷蒙德-费尔顿
76705,Jake Fendley,Detroit Pistons,DET,杰克-弗埃恩德利
1628390,Terrance Ferguson,Oklahoma City Thunder|Philadelphia 76ers,OKC|PHI,特尔拉恩克-费尔古森
201164,Rudy Fernandez,Portland Trail Blazers|Denver Nuggets,POR|DEN,鲁迪-费尔南德斯
1628981,Bruno Fernando,Atlanta Hawks|Boston Celtics|Houston Rockets|Toronto Raptors,ATL|BOS|HOU|TOR,布鲁诺-费尔纳恩多
76707,Eric Fernsten,Cleveland Cavaliers|Chicago Bulls|Boston Celtics|New York Knicks,CLE|CHI|BOS|NYK,埃里克-费尔恩斯特恩
76708,Al Ferrari,Atlanta Hawks|Washington Wizards,ATL|WAS,艾尔-费尔拉里
273,Duane Ferrell,Atlanta Hawks|Indiana Pacers|Golden State Warriors,ATL|IND|GSW,杜安-费尔雷尔
1627812,Yogi Ferrell,Brooklyn Nets|Dallas Mavericks|Sacramento Kings|Cleveland Cavaliers|LA Clippers,BKN|DAL|SAC|CLE|LAC,伊奥吉-费尔雷尔
76711,Arnie Ferrin,Los Angeles Lakers,LAL,阿尼-费尔里恩
76712,Bob Ferry,Atlanta Hawks|Detroit Pistons|Washington Wizards,ATL|DET|WAS,鲍勃-费尔伊
198,Danny Ferry,Cleveland Cavaliers|San Antonio Spurs,CLE|SAS,丹尼-费尔伊
201178,Kyrylo Fesenko,Utah Jazz|Indiana Pacers,UTA|IND,克伊尔伊洛-费森科
76713,Kenny Fields,Milwaukee Bucks|LA Clippers,MIL|LAC,肯尼-菲尔德斯
202361,Landry Fields,New York Knicks|Toronto Raptors,NYK|TOR,兰德里-菲尔德斯
1642271,Kyle Filipowski,Utah Jazz,UTA,凯尔-菲利波瓦斯基
76715,Greg Fillmore,New York Knicks,NYK,格雷格-菲尔莫尔
76716,Hank Finkel,Los Angeles Lakers|Houston Rockets|Boston Celtics,LAL|HOU|BOS,哈恩克-菲恩凯尔
714,Michael Finley,Phoenix Suns|Dallas Mavericks|San Antonio Spurs|Boston Celtics,PHX|DAL|SAS|BOS,迈克尔-菲恩利
76717,Danny Finn,Golden State Warriors,GSW,丹尼-菲恩恩
1627827,Dorian Finney-Smith,Dallas Mavericks|Brooklyn Nets|Los Angeles Lakers|Houston Rockets,DAL|BKN|LAL|HOU,多里安-菲恩内伊-史密斯
900,Matt Fish,LA Clippers|New York Knicks|Denver Nuggets|Washington Wizards|Miami Heat,LAC|NYK|DEN|WAS|MIA,马特-菲什
965,Derek Fisher,Los Angeles Lakers|Golden State Warriors|Utah Jazz|Oklahoma City Thunder|Dallas Mavericks,LAL|GSW|UTA|OKC|DAL,德里克-费舍尔
1630238,Malik Fitts,LA Clippers|Utah Jazz|Boston Celtics,LAC|UTA|BOS,马利克-菲特特斯
76720,Bob Fitzgerald,New York Knicks|Sacramento Kings,NYK|SAC,鲍勃-菲茨杰拉德
2033,Marcus Fizer,Chicago Bulls|Milwaukee Bucks|New Orleans Pelicans,CHI|MIL|NOP,马库斯-菲泽尔
1641745,Adam Flagler,Oklahoma City Thunder,OKC,亚当-夫拉格勒尔
76721,Jerry Fleishman,Golden State Warriors,GSW,杰里-夫勒伊什曼
76723,Ed Fleming,Sacramento Kings|Los Angeles Lakers,SAC|LAL,埃德-夫勒米恩格
313,Vern Fleming,Indiana Pacers|Brooklyn Nets,IND|BKN,弗恩-夫勒米恩格
2784,Luis Flores,Golden State Warriors|Denver Nuggets,GSW|DEN,路易斯-弗洛雷斯
1642280,Trentyn Flowers,LA Clippers|Chicago Bulls,LAC|CHI,特雷恩特伊恩-夫洛韦尔斯
76726,Sleepy Floyd,Brooklyn Nets|Golden State Warriors|Houston Rockets|San Antonio Spurs,BKN|GSW|HOU|SAS,斯勒伊普伊-夫洛伊德
201938,Jonny Flynn,Minnesota Timberwolves|Houston Rockets|Portland Trail Blazers,MIN|HOU|POR,乔恩恩伊-弗林
1630201,Malachi Flynn,Toronto Raptors|New York Knicks|Detroit Pistons|Charlotte Hornets,TOR|NYK|DET|CHA,马拉奇伊-弗林
76727,Mike Flynn,Indiana Pacers,IND,迈克-弗林
1631323,Simone Fontecchio,Utah Jazz|Detroit Pistons|Miami Heat,UTA|DET|MIA,西莫恩-福恩特克奇伊奥
201814,Gary Forbes,Denver Nuggets|Toronto Raptors,DEN|TOR,加里-福尔贝斯
76732,Alphonso Ford,Oklahoma City Thunder|Philadelphia 76ers,OKC|PHI,阿尔弗奥恩斯奥-福特
2228,Alton Ford,Phoenix Suns|Houston Rockets,PHX|HOU,阿尔顿-福特
76733,Chris Ford,Detroit Pistons|Boston Celtics,DET|BOS,克里斯-福特
76734,Don Ford,Los Angeles Lakers|Cleveland Cavaliers,LAL|CLE,唐-福特
76735,Jake Ford,Oklahoma City Thunder,OKC,杰克-福特
76736,Phil Ford,Sacramento Kings|Brooklyn Nets|Milwaukee Bucks|Houston Rockets,SAC|BKN|MIL|HOU,菲尔-福特
2551,T.J. Ford,Milwaukee Bucks|Toronto Raptors|Indiana Pacers|San Antonio Spurs,MIL|TOR|IND|SAS,TJ-福特
76739,Bayard Forrest,Phoenix Suns,PHX,布艾阿尔德-福雷斯特
1630235,Trent Forrest,Utah Jazz|Atlanta Hawks,UTA|ATL,特伦特-福雷斯特
2218,Joseph Forte,Boston Celtics|Oklahoma City Thunder,BOS|OKC,约瑟夫-弗奥尔特埃
202622,Courtney Fortson,LA Clippers|Houston Rockets,LAC|HOU,考特尼-弗奥尔特森
1504,Danny Fortson,Denver Nuggets|Boston Celtics|Golden State Warriors|Dallas Mavericks|Oklahoma City Thunder,DEN|BOS|GSW|DAL|OKC,丹尼-福尔特森
76740,Fred Foster,Sacramento Kings|Philadelphia 76ers|Detroit Pistons|Cleveland Cavaliers|LA Clippers,SAC|PHI|DET|CLE|LAC,弗雷德-福斯特
323,Greg Foster,Washington Wizards|Atlanta Hawks|Milwaukee Bucks|Chicago Bulls|Minnesota Timberwolves|Utah Jazz|Oklahoma City Thunder|Los Angeles Lakers|Toronto Raptors,WAS|ATL|MIL|CHI|MIN|UTA|OKC|LAL|TOR,格雷格-福斯特
1902,Jeff Foster,Indiana Pacers,IND,杰夫-福斯特
76742,Rod Foster,Phoenix Suns,PHX,罗德-福斯特
203095,Evan Fournier,Denver Nuggets|Orlando Magic|Boston Celtics|New York Knicks|Detroit Pistons,DEN|ORL|BOS|NYK|DET,埃文-福乌尔尼伊尔
76744,Larry Foust,Detroit Pistons|Los Angeles Lakers|Atlanta Hawks,DET|LAL|ATL,拉里-福乌斯特
1762,Tremaine Fowlkes,LA Clippers|Detroit Pistons|Indiana Pacers,LAC|DET|IND,特雷马伊恩-福瓦尔凯斯
1628368,De'Aaron Fox,Sacramento Kings|San Antonio Spurs,SAC|SAS,德阿阿尔奥恩-福克斯
76747,Jim Fox,Detroit Pistons|Sacramento Kings|Phoenix Suns|Chicago Bulls|Oklahoma City Thunder|Milwaukee Bucks|Brooklyn Nets,DET|SAC|PHX|CHI|OKC|MIL|BKN,吉姆-福克斯
296,Rick Fox,Boston Celtics|Los Angeles Lakers,BOS|LAL,里克-福克斯
200751,Randy Foye,Minnesota Timberwolves|Washington Wizards|LA Clippers|Utah Jazz|Denver Nuggets|Oklahoma City Thunder|Brooklyn Nets,MIN|WAS|LAC|UTA|DEN|OKC|BKN,兰迪-福伊伊
1502,Adonal Foyle,Golden State Warriors|Orlando Magic|Memphis Grizzlies,GSW|ORL|MEM,阿多纳尔-福耶尔
2499,Richie Frahm,Oklahoma City Thunder|Portland Trail Blazers|Minnesota Timberwolves|Houston Rockets|LA Clippers,OKC|POR|MIN|HOU|LAC,里奇伊-夫拉赫姆
1883,Steve Francis,Houston Rockets|Orlando Magic|New York Knicks,HOU|ORL|NYK,史蒂夫-弗朗西斯
76748,Tellis Frank,Golden State Warriors|Miami Heat|Minnesota Timberwolves,GSW|MIA|MIN,特尔利斯-弗兰克
203479,Jamaal Franklin,Memphis Grizzlies|Denver Nuggets,MEM|DEN,贾马尔-富兰克林
204025,Tim Frazier,Philadelphia 76ers|Portland Trail Blazers|New Orleans Pelicans|Washington Wizards|Milwaukee Bucks|Detroit Pistons|Memphis Grizzlies|Orlando Magic|Cleveland Cavaliers,PHI|POR|NOP|WAS|MIL|DET|MEM|ORL|CLE,蒂姆-弗雷泽
76750,Walt Frazier,New York Knicks|Cleveland Cavaliers,NYK|CLE,沃尔特-弗雷泽
1628982,Melvin Frazier Jr.,Orlando Magic|Oklahoma City Thunder,ORL|OKC,梅尔文-弗雷泽
76752,Anthony Frederick,Indiana Pacers|Sacramento Kings|Charlotte Hornets,IND|SAC|CHA,安东尼-夫雷德里克
202690,Jimmer Fredette,Sacramento Kings|Chicago Bulls|New Orleans Pelicans|New York Knicks|Phoenix Suns,SAC|CHI|NOP|NYK|PHX,吉姆梅尔-夫雷德特特
76753,World Free,Philadelphia 76ers|LA Clippers|Golden State Warriors|Cleveland Cavaliers|Houston Rockets,PHI|LAC|GSW|CLE|HOU,沃奥尔德-弗尔伊
202683,Enes Freedom,Utah Jazz|Oklahoma City Thunder|New York Knicks|Portland Trail Blazers|Boston Celtics,UTA|OKC|NYK|POR|BOS,伊内斯-夫雷伊多姆
200777,Joel Freeland,Portland Trail Blazers,POR,乔尔-夫雷伊兰德
1642402,Enrique Freeman,Indiana Pacers|Minnesota Timberwolves,IND|MIN,伊恩里奎-弗里曼
76755,Gary Freeman,Milwaukee Bucks|Cleveland Cavaliers,MIL|CLE,加里-弗里曼
2782,Matt Freije,New Orleans Pelicans|Atlanta Hawks,NOP|ATL,马特-夫雷伊杰
76760,Jim Fritsche,Detroit Pistons,DET,吉姆-弗里切
101112,Channing Frye,New York Knicks|Portland Trail Blazers|Phoenix Suns|Orlando Magic|Cleveland Cavaliers|Los Angeles Lakers,NYK|POR|PHX|ORL|CLE|LAL,奇安尼恩格-夫尔伊伊
76761,Bernie Fryer,Portland Trail Blazers|Utah Jazz,POR|UTA,贝尔尼-弗莱尔
1641788,Alex Fudge,Los Angeles Lakers|Dallas Mavericks,LAL|DAL,亚历克斯-富德格
76764,Joe Fulks,Golden State Warriors,GSW,乔-富尔克斯
957,Todd Fuller,Golden State Warriors|Utah Jazz|Charlotte Hornets|Miami Heat,GSW|UTA|CHA|MIA,托德-富勒
1628365,Markelle Fultz,Philadelphia 76ers|Orlando Magic|Sacramento Kings|Toronto Raptors,PHI|ORL|SAC|TOR,马克尔-富尔茨
1444,Lawrence Funderburke,Sacramento Kings|Chicago Bulls,SAC|CHI,拉瓦雷恩克-富恩德尔布尔克
76767,Terry Furlow,Philadelphia 76ers|Cleveland Cavaliers|Atlanta Hawks|Utah Jazz,PHI|CLE|ATL|UTA,特里-富尔洛瓦
1642277,Johnny Furphy,Indiana Pacers,IND,约翰尼-富尔夫伊
76768,Billy Gabor,Philadelphia 76ers,PHI,比利-格阿布奥尔
1629117,Wenyen Gabriel,Sacramento Kings|Portland Trail Blazers|New Orleans Pelicans|Brooklyn Nets|LA Clippers|Los Angeles Lakers|Memphis Grizzlies,SAC|POR|NOP|BKN|LAC|LAL|MEM,韦恩伊伊恩-加布里伊尔
2429,Dan Gadzuric,Milwaukee Bucks|Golden State Warriors|Brooklyn Nets|New York Knicks,MIL|GSW|BKN|NYK,丹-加德兹乌里克
1629655,Daniel Gafford,Chicago Bulls|Washington Wizards|Dallas Mavericks,CHI|WAS|DAL,丹尼尔-加夫福德
76770,Corey Gaines,Brooklyn Nets|Philadelphia 76ers|Denver Nuggets|New York Knicks,BKN|PHI|DEN|NYK,科里-加伊内斯
2558,Reece Gaines,Orlando Magic|Houston Rockets|Milwaukee Bucks,ORL|HOU|MIL,雷伊克-加伊内斯
202178,Sundiata Gaines,Utah Jazz|Minnesota Timberwolves|Toronto Raptors|Brooklyn Nets,UTA|MIN|TOR|BKN,苏恩迪特阿-加伊内斯
76771,Mike Gale,San Antonio Spurs|Portland Trail Blazers|Golden State Warriors,SAS|POR|GSW,迈克-加勒
76773,Harry Gallatin,New York Knicks|Detroit Pistons,NYK|DET,哈里-加勒廷
201568,Danilo Gallinari,New York Knicks|Denver Nuggets|LA Clippers|Oklahoma City Thunder|Atlanta Hawks|Washington Wizards|Detroit Pistons|Milwaukee Bucks,NYK|DEN|LAC|OKC|ATL|WAS|DET|MIL,达尼洛-加尔林阿尔伊
204038,Langston Galloway,New York Knicks|New Orleans Pelicans|Sacramento Kings|Detroit Pistons|Phoenix Suns|Brooklyn Nets|Milwaukee Bucks,NYK|NOP|SAC|DET|PHX|BKN|MIL,拉恩格斯顿-加尔洛瓦伊
76774,Dave Gambee,Atlanta Hawks|Philadelphia 76ers|Houston Rockets|Milwaukee Bucks|Detroit Pistons|Golden State Warriors,ATL|PHI|HOU|MIL|DET|GSW,戴夫-加姆贝
333,Kevin Gamble,Portland Trail Blazers|Boston Celtics|Miami Heat|Sacramento Kings,POR|BOS|MIA|SAC,凯文-加姆布尔
200816,Jorge Garbajosa,Toronto Raptors,TOR,乔尔格-加尔布阿乔萨
2092,Ruben Garces,Phoenix Suns|Golden State Warriors,PHX|GSW,鲁本-格阿尔克埃斯
2682,Alex Garcia,San Antonio Spurs|New Orleans Pelicans,SAS|NOP,阿莱士-加西亚
101128,Francisco Garcia,Sacramento Kings|Houston Rockets,SAC|HOU,弗朗西斯科-加西亚
201242,Thomas Gardner,Chicago Bulls|Atlanta Hawks,CHI|ATL,托马斯-格德纳
76779,Vern Gardner,Golden State Warriors,GSW,弗恩-加德纳
76780,Jack Garfinkel,Boston Celtics,BOS,杰克-格阿尔弗伊恩克埃尔
76006,Forest Able,,,福雷斯特-埃布尔
76007,John Abramovic,,,约翰-阿布尔阿姆奥夫伊克
76008,Donald Ackerman,,,德奥恩阿尔德-阿克埃尔曼
76010,Charles Acton,,,查尔斯-阿克顿
1629061,Deng Adel,,,邓-阿德尔
203006,Josh Akognon,,,乔什-阿科格农
1629152,DeVaughn Akoon-Purcell,,,德埃夫阿乌格赫恩-阿克奥奥恩-普乌尔克尔
203128,Furkan Aldemir,,,富尔卡恩-阿尔德米尔
76021,Chuck Aleksinas,,,查克-埃尔克西纳斯
1626146,Cliff Alexander,,,克尔伊弗弗-亚历山大
1629734,Kyle Alexander,,,凯尔-亚历山大
1630234,Ty-Shon Alexander,,,泰-什奥恩-亚历山大
1628959,Rawle Alkins,,,罗尔-阿尔金斯
76028,Bob Allen,,,鲍勃-艾伦
1641851,Timmy Allen,,,蒂姆伊-阿伦
76029,Odis Allison,,,奥迪斯-奥尔伊森
200984,Lance Allred,,,兰斯-阿尔埃德
76030,Darrell Allums,,,达雷尔-阿尔乌姆斯
1824,Peter Aluma,,,普埃特-阿尔乌姆阿
76034,Bob Anderegg,,,鲍勃-安德雷格格
202079,Antonio Anderson,,,安东尼奥-安德森
76037,Dwight Anderson,,,德怀特-安德森
76041,Kim Anderson,,,克伊姆-安德森
76042,Michael Anderson,,,迈克尔-安德森
76048,Wally Anderzunas,,,沃利-安德尔兹乌纳斯
101149,Martynas Andriuskevicius,,,马丁纳斯-德尔伊乌斯克埃夫伊克伊乌斯
76049,Don Anielak,,,唐-阿恩伊尔阿克
1630828,Alex Antetokounmpo,,,亚历克斯-阿德托昆博
203951,Keith Appling,,,基思-阿普普尔伊恩
76053,Stacey Arceneaux,,,斯特阿克埃伊-阿尔克埃恩埃阿乌克斯
76057,Joe Arlauckas,,,乔-阿尔奥克阿斯
76061,Bob Armstrong,,,鲍勃-阿姆斯特朗
1642379,Taran Armstrong,,,特阿尔阿恩-阿姆斯特朗
76062,Jesse Arnelle,,,杰埃斯-阿尔恩尔埃
76064,Bob Arnzen,,,鲍勃-阿尔恩泽恩
76065,John Arthurs,,,约翰-阿尔思乌尔斯
1628503,Jamel Artis,,,贾梅尔-阿蒂斯
76068,Don Asmonga,,,唐-阿斯蒙格阿
76071,Chet Aubuchon,,,奇埃特-阿乌布乌奇奥恩
76073,John Austin,,,约翰-奥斯汀
76074,Ken Austin,,,肯-奥斯汀
1630555,Joel Ayayi,,,乔尔-艾艾伊
203569,Chris Babb,,,克里斯-布阿布布
76080,Johnny Bach,,,约翰尼-布阿奇
1630641,Ibou Badji,,,伊博乌-布阿德吉
1630542,Marcus Bagley,,,马库斯-巴格利
1642846,Ace Bailey,,,艾斯-贝利
1641735,Amari Bailey,,,姆阿尔伊-贝利
76084,Carl Bailey,,,卡尔-贝利
1858,Mark Baker,,,马克-贝克
76089,Norm Baker,,,诺姆-贝克
1642380,Adama Bal,,,阿达马-布阿尔
76090,Cedric Ball,,,塞德里克-布阿尔
76092,Herschel Baltimore,,,赫埃尔斯奇埃尔-布阿尔特伊姆奥尔埃
1627760,Cat Barber,,,卡特-布阿尔贝尔
76096,John Barber,,,约翰-布阿尔伯
76098,Cliff Barker,,,克利夫-布阿尔克
76103,Harry Barnes,,,哈里-巴恩斯
76109,Norton Barnhill,,,诺顿-布阿尔恩赫伊尔
1642964,Brooks Barnhizer,,,布鲁克斯-布阿尔恩希泽尔
76111,John Barr,,,约翰-布阿尔尔
76112,Mike Barr,,,迈克-布阿尔
76113,Thomas Barr,,,托马斯-布阿尔尔
76118,Vic Bartolome,,,维克-布阿尔托洛姆
101188,Eddie Basden,,,埃迪-布阿斯德埃恩
76119,Jerry Baskerville,,,杰里-布阿斯克埃尔夫伊尔尔埃
1628238,Paris Bass,,,帕里斯-巴斯
2471,Mike Batiste,,,迈克-布特伊斯特
1641878,Damion Baugh,,,达米奥恩-布奥格赫
76126,Frankie Baumholtz,,,弗尔阿恩克伊埃-布阿乌姆赫奥尔特兹
76128,Sergei Bazarevich,,,斯埃尔格埃伊-布阿兹阿尔埃夫伊奇
76129,Ed Beach,,,埃德-比奇
76131,Ralph Beard,,,拉尔夫-比尔德
2602,Jerome Beasley,,,杰埃尔奥姆埃-比斯利
76134,Byron Beck,,,拜伦-贝克
76141,Elmer Behnke,,,埃尔默-本克
2559,Troy Bell,,,特洛伊-贝尔
203968,Jerrelle Benimon,,,杰埃尔尔尔埃-布埃恩伊蒙
202728,Keith Benson,,,基思-本森
1627791,Ben Bentil,,,本-布埃恩特伊尔
76155,Gene Berce,,,吉恩-伯克埃
76156,Gary Bergen,,,加里-伯格埃恩
1642866,Joan Beringer,,,乔安-贝里恩杰尔
1631262,Jules Bernard,,,朱勒斯-伯纳德
76157,Ricky Berry,,,里基-贝里
1629541,Dairis Bertans,,,德阿伊里斯-布特阿恩斯
1630189,Tyler Bey,,,泰勒-贝伊
204021,Sim Bhullar,,,斯伊姆-布赫乌拉尔
76161,Hank Biasatti,,,汉克-布伊阿斯阿特特伊
76163,Ed Biedenbach,,,埃德-布伊埃德埃恩布阿奇
76164,Don Bielke,,,唐-布伊尔克埃
76167,Joe Binion,,,乔-布伊恩伊奥恩
1628444,Jabari Bird,,,贾巴里-伯德
76168,Jerry Bird,,,杰里-伯德
76171,Gale Bishop,,,格阿尔埃-毕晓普
1641931,Onuralp Bitim,,,奥努拉尔普-比蒂姆
76174,Norman Black,,,诺曼-布尔阿克
76180,Alex Blackwell,,,阿莱士-布尔阿克沃尔
76177,Cory Blackwell,,,科里-布拉克韦尔
76179,Nate Blackwell,,,内特-布尔阿克沃尔
202392,Marqus Blakely,,,姆阿尔克乌斯-布尔阿克埃尔伊
200807,Will Blalock,,,威尔-布莱洛克
76182,George Blaney,,,乔治-布拉内伊
76184,Ricky Blanton,,,里基-布尔阿恩顿
76186,Leon Blevins,,,利昂-布莱文斯
1628417,Jaron Blossomgame,,,杰阿尔奥恩-布尔奥斯斯奥姆格阿姆埃
1629129,Trevon Bluiett,,,特雷夫奥恩-布尔乌伊特
76189,Ray Blume,,,雷-布卢姆
2800,Tony Bobbitt,,,托尼-布奥布伊特
76196,Bill Bolger,,,比尔-布奥尔格埃尔
76197,Doug Bolstorff,,,道格-布奥尔斯特奥尔弗
76203,George H. Bon Salle,,,乔治-布奥恩 斯阿尔尔埃
76198,Phil Bond,,,菲尔-布奥恩德
1121,Dexter Boney,,,德埃克斯特-布奥恩埃伊
1953,Lazaro Borrell,,,尔阿兹阿尔奥-布奥尔尔尔
76209,Costic Borsavage,,,克奥斯特伊克-布奥尔斯阿夫阿格埃
76211,Jim Bostic,,,吉姆-布奥斯特伊克
76212,Lawrence Boston,,,劳伦斯-布奥斯特奥恩
1629065,Ky Bowman,,,克伊-鲍曼
76221,Dennis Boyd,,,丹尼斯-布奥伊德
76223,Ken Boyd,,,肯-博伊德
200841,Cedric Bozeman,,,塞德里克-布奥兹埃曼
76228,Alex Bradley,,,亚历克斯-布拉德利
76232,Joe Bradley,,,乔-布拉德利
1361,Mark Bradtke,,,马克-布拉德特克
66,Marques Bragg,,,马尔奎伊斯-布拉格格
1920,A.J. Bramlett,,,AJ-布尔阿姆尔特
76240,Jesse Branson,,,杰埃斯-布尔阿恩森
1642886,Koby Brea,,,科布伊-布雷阿
76245,Pete Brennan,,,皮特-布尔埃纳恩
76246,Tom Brennan,,,汤姆-布尔埃纳恩
1641779,Jalen Bridges,,,杰伦-布里奇斯
76254,Al Brightman,,,阿尔-布赖特曼
1628578,Amida Brimah,,,姆伊达-布里马赫
76255,Audley Brindley,,,阿乌德利-布尔伊恩德利
1628515,Isaiah Briscoe,,,以赛亚-布里斯科
76258,Tyrone Britt,,,泰龙-布尔伊特
76259,Wayman Britt,,,韦曼-布里特
76261,David Britton,,,戴维-布尔伊特顿
1631167,Izaiah Brockington,,,伊扎伊阿赫-布罗克伊恩格顿
1631232,Keion Brooks Jr.,,,凯伊奥恩-布鲁克斯
1641780,Johni Broome,,,乔赫尼-布罗奥姆
76284,Bob Brown,,,鲍勃-布朗
1642468,Darius Brown,,,达里厄斯-布朗
76270,Darrell Brown,,,德阿尔尔尔-布朗
2081,Ernest Brown,,,欧内斯特-布朗
76273,George Brown,,,乔治-布朗
1871,Gerald Brown,,,杰拉德-布朗
76275,Harold Brown,,,哈罗德-布朗
203913,Jabari Brown,,,贾巴里-布朗
76278,Leon Brown,,,利昂-布朗
76279,Lewis Brown,,,刘易斯-布朗
76277,Myron Brown,,,迈伦-布朗
76282,Raymond Brown,,,尔阿伊蒙德-布朗
76287,Jim Browne,,,吉姆-布尔奥沃恩埃
76288,Stanley Brundy,,,斯坦利-布尔乌恩德伊
1642868,Carter Bryant,,,卡特-布莱恩特
1629091,Elijah Bryant,,,伊利贾赫-布莱恩特
76292,Torgeir Bryn,,,托尔盖尔-布林
1629783,Shaq Buchanan,,,什阿克-布奇安安
76294,Steve Bucknall,,,史蒂夫-布乌克恩阿尔尔
76300,Greg Bunch,,,格雷格-布乌恩奇
76301,Dick Bunt,,,迪克-布乌恩特
76302,Bill Buntin,,,比尔-布恩蒂恩
76304,Roger Burkman,,,罗杰-布乌尔克曼
101207,Kevin Burleson,,,凯文-布尔勒森
76306,Jack Burmaster,,,杰克-布乌尔马斯特
76308,Evers Burns,,,埃夫埃尔斯-伯恩斯
76309,Jim Burns,,,吉姆-伯恩斯
675,Junior Burrough,,,朱尼奥尔-布尔罗乌格赫
1631174,Tyler Burton,,,泰勒-伯顿
202221,Brian Butch,,,布赖恩-布乌特奇
202364,Da'Sean Butler,,,德阿斯埃阿恩-巴特勒
1631219,John Butler Jr.,,,约翰-巴特勒
201182,Derrick Byars,,,德里克-布伊阿尔斯
76323,Mike Bytzura,,,迈克-比楚拉
76328,Jim Caldwell,,,吉姆-考德威尔
76332,Demetrius Calip,,,德埃姆埃特里乌斯-克阿尔伊普
76333,Tom Callahan,,,汤姆-克阿拉赫阿恩
76334,Rick Calloway,,,里克-卡尔洛瓦伊
76335,Ernie Calverley,,,欧尼-克阿尔夫埃尔利
76337,Dexter Cambridge,,,德克斯特尔-卡姆布里德格
76339,Larry Cannon,,,拉里-坎农
202382,Derrick Caracter,,,德里克-卡拉克特尔
1642928,Dylan Cardwell,,,德伊拉恩-卡尔德韦尔
76340,Howie Carl,,,豪伊-卡尔
76341,Chet Carlisle,,,奇埃特-克阿尔尔伊斯尔埃
2367,Geno Carlisle,,,格埃恩奥-克阿尔尔伊斯尔埃
76343,Al Carlson,,,阿尔-卡尔森
76345,Bob Carney,,,鲍勃-卡尼
1757,Cory Carr,,,科里-卡尔
1131,Jimmy Carruth,,,吉米-克阿尔尔乌思
76357,George Carter,,,乔治-卡特
76359,Jake Carter,,,杰克-卡特
76363,Jay Carty,,,杰伊-卡蒂
76364,Cornelius Cash,,,克奥尔恩埃尔伊乌斯-克阿什
76367,Sid Catlett,,,斯伊德-克阿特尔特
1628505,Troy Caupain,,,特洛伊-克奥普艾恩
1629958,Ahmad Caver,,,阿赫马德-卡维尔
1630608,Malcolm Cazalon,,,马尔科姆-卡扎洛恩
1911,John Celestand,,,约翰-克埃莱斯特德
2763,Lionel Chalmers,,,利奥内尔-奇阿尔梅尔斯
76374,Bill Chamberlain,,,比尔-张伯伦
76378,Mike Champion,,,迈克-钱皮恩
76384,Lorenzo Charles,,,洛伦佐-查尔斯
203805,Will Cherry,,,威尔-奇埃尔尔伊
1642279,Ulrich Chomche,,,乌尔里奇-奇奥姆奇
76393,Fred Christ,,,弗雷德-奇里斯特
202091,Dionte Christmas,,,迪奥恩特-奇里斯特马斯
203902,Semaj Christon,,,塞马杰-奇里斯顿
203565,Patrick Christopher,,,帕特里克-克里斯托弗
928,Robert Churchwell,,,罗伯特-丘奇韦尔
1630619,Moussa Cisse,,,莫乌斯萨-西斯
1626262,Coty Clarke,,,克奥特伊-克拉克
1628492,Gian Clavell,,,吉安-克拉维尔
1127,Charles Claxton,,,查尔斯-克拉克斯顿
1629598,Chris Clemons,,,克里斯-克尔埃蒙斯
1642363,Nique Clifford,,,尼奎-克利福德
76407,Paul Cloyd,,,保罗-克尔奥伊德
76408,Marion Cluggish,,,马里昂-克尔乌格格伊什
76409,Ben Clyde,,,本-克莱德
76410,Richard Coffey,,,理查德-科菲
76415,Norris Coleman,,,诺里斯-科尔曼
76416,Art Collins,,,阿尔特-科林斯
1530,James Collins,,,詹姆斯-科林斯
202395,Sherron Collins,,,什埃尔尔奥恩-科林斯
1641879,Yuri Collins,,,伊乌里-科林斯
1627858,Kyle Collinsworth,,,凯尔-科尔林斯沃斯
76422,Joe Colone,,,乔-克奥尔奥恩埃
1629045,Bonzie Colson,,,布奥恩兹伊埃-科尔森
1628435,Chance Comanche,,,奇安克-科曼奇
76425,Leroy Combs,,,勒罗伊-科姆布斯
76427,Larry Comley,,,拉里-克奥姆利
76434,Bert Cook,,,贝尔特-库克
76438,Bobby Cook,,,博比-库克
1628429,Charles Cooke,,,查尔斯-库克
76439,David Cooke,,,戴维-库克
1631451,Javonte Cooke,,,贾沃恩特-科奥克
76440,Joe Cooke,,,乔-科奥克
1641645,Xavier Cooks,,,泽维尔-科奥克斯
76446,Tom Copa,,,汤姆-科帕
76451,Ken Corley,,,肯-克奥尔利
1627822,Petr Cornelie,,,佩特尔-科尔内利
1627856,Matt Costello,,,马特-科斯特洛
76456,Jack Cotton,,,杰克-科顿
76457,John Coughran,,,约翰-克奥乌格赫尔阿恩
76459,Steve Courtin,,,史蒂夫-克奥乌尔特伊恩
202408,Marcus Cousin,,,马库斯-卡曾
1642907,Cedric Coward,,,塞德里克-科瓦尔德
76463,John Cox,,,约翰-考克斯
76464,Johnny Cox,,,约翰尼-考克斯
201621,Joe Crawford,,,乔-克劳福德
76468,Jim Creighton,,,吉姆-克雷伊格赫顿
76470,Hal Crisler,,,赫阿尔-克里斯尔埃尔
76475,Terry Crosby,,,特里-克尔奥斯布伊
76476,Jeff Cross,,,杰夫-克罗斯
76478,Russell Cross,,,拉塞尔-克罗斯
76481,Mark Crow,,,马克-克尔奥沃
1630622,Jalen Crutcher,,,杰伦-克鲁特奇伊尔
1643018,LJ Cryer,,,LJ-克尔伊伊尔
1642385,Cui Yongxi,,,崔永熙
1629600,Jarron Cumberland,,,贾尔罗恩-库姆贝尔兰德
76488,Radisav Curcic,,,尔阿德伊斯阿夫-库尔契奇
76489,Armand Cure,,,阿尔曼德-克乌尔埃
201191,JamesOn Curry,,,杰阿姆埃森-库里
687,Rastko Cvetkovic,,,尔阿斯特克奥-茨韦特科维奇
76496,Ed Dahler,,,埃德-德阿赫勒
2845,Erik Daniels,,,埃尔伊克-丹尼尔斯
76502,Mel Daniels,,,梅尔-丹尼尔斯
76506,Henry Darcey,,,亨利-德阿尔克埃伊
76507,Jimmy Darden,,,吉米-德德埃恩
76509,Jesse Dark,,,杰斯-达尔克
1630268,Nate Darling,,,内特-达尔林格
76511,Jimmy Darrow,,,吉米-德阿尔奥
76515,Aubrey Davis,,,奥布里-戴维斯
76538,Bill Davis,,,比尔-戴维斯
76533,Bob Davis,,,鲍勃-戴维斯
76517,Brian Davis,,,布莱恩-戴维斯
76524,James Davis,,,詹姆斯-戴维斯
76530,Michael Davis,,,迈克尔-戴维斯
1629093,Tyler Davis,,,泰勒-戴维斯
203958,Andre Dawkins,,,安德烈-德阿沃克伊恩斯
76541,Paul Dawkins,,,保罗-达瓦基恩斯
1626183,Branden Dawson,,,布尔德埃恩-德阿沃森
201286,Eric Dawson,,,埃里克-德阿沃森
76562,Hank DeZonie,,,汉克-德佐尼
76544,Greg Deane,,,格雷格-迪恩
76548,Red Dehnert,,,尔埃德-德埃赫纳特
1626214,Bryce Dejean-Jones,,,布莱斯-德埃杰埃阿恩-琼斯
1629116,Angel Delgado,,,阿恩埃尔-德埃尔格阿德奥
76552,Fennis Dembo,,,费恩尼斯-德姆博
76557,Blaine Denning,,,布尔艾恩埃-德埃恩伊恩
1641926,Dexter Dennis,,,德克斯特尔-丹尼斯
76558,Randy Denton,,,兰迪-登顿
1629094,Marcus Derrickson,,,马库斯-德尔克森
76560,Dave Deutsch,,,戴夫-德埃乌特斯奇
1642885,Mohamed Diawara,,,莫哈梅德-迪奥阿尔阿
200799,Guillermo Diaz,,,格乌伊勒姆奥-德伊阿兹
76565,Dick Dickey,,,迪克-迪克伊
1630621,Hunter Dickinson,,,亨特-迪克伊恩森
76569,Mickey Dillard,,,米奇-迪尔拉尔德
76570,Bob Dille,,,鲍勃-迪尔
76571,John Dillon,,,约翰-德伊尔尔奥恩
76575,Jackie Dinkins,,,杰阿克伊埃-德伊恩克伊恩斯
76578,Fred Diute,,,弗雷德-迪乌特
1059,Aleksandar Djordjevic,,,阿尔埃克斯德阿尔-德杰奥尔德杰埃夫伊克
76580,Earl Dodd,,,厄尔-德奥德德
76581,Joe Dolhon,,,乔-德奥尔赫奥恩
76586,Billy Donovan,,,比利-多诺万
76585,Harry Donovan,,,哈里-多诺万
76588,Bruce Douglas,,,布鲁斯-道格拉斯
202220,Zabian Dowdell,,,兹阿布伊阿恩-德奥沃德尔
76593,Bill Downey,,,比尔-德奥沃恩埃伊
76595,Danny Doyle,,,丹尼-德奥伊尔埃
1628495,Milton Doyle,,,米尔顿-多伊尔
76596,Terry Dozier,,,特里-德奥兹伊埃尔
1630929,Henri Drell,,,赫恩里-德雷尔
1041,Nate Driggers,,,内特-德尔伊格格埃尔斯
76604,Ralph Drollinger,,,拉尔夫-德尔奥尔尔伊恩埃尔
1642505,Alex Ducas,,,亚历克斯-杜卡斯
76605,Dick Duckett,,,迪克-杜克伊特特
1626251,Duje Dukan,,,德乌杰埃-德乌克阿恩
76617,Pat Dunn,,,帕特-邓恩
1628979,Trevon Duval,,,特雷夫奥恩-德乌夫阿尔
76624,Jack Dwan,,,杰克-德沃阿恩
76625,Craig Dykema,,,克雷格-德伊凯马
76626,Gene Dyker,,,吉恩-德伊克
202406,Jerome Dyson,,,杰罗姆-德伊森
1642856,Egor Dëmin,,,伊戈尔-德米恩
76630,Ed Earle,,,埃德-伊尔埃
76633,Bill Ebben,,,比尔-埃布恩
1630693,Jaime Echenique,,,贾伊姆-伊奇伊尼奎
76635,Patrick Eddie,,,帕特里克-埃迪
76637,Kent Edelin,,,肯特-埃德埃尔伊恩
1642845,VJ Edgecombe,,,VJ-伊德杰科姆布
76646,Bill Edwards,,,比尔-爱德华兹
2451,Corsley Edwards,,,克奥尔斯利-爱德华兹
76643,Jay Edwards,,,杰伊-爱德华兹
1642399,Jesse Edwards,,,杰斯-爱德华兹
1630306,Rob Edwards,,,罗布-爱德华兹
202197,Shane Edwards,,,肖恩-爱德华兹
1629053,Vincent Edwards,,,文森特-爱德华兹
76648,Lonnie Eggleston,,,朗尼-埃格格莱斯顿
76651,Dick Eichhorst,,,迪克-埃伊奇赫奥尔斯特
2064,Khalid El-Amin,,,克哈利德-伊尔-姆伊恩
76653,Don Eliason,,,唐-埃尔伊阿森
76667,Darrell Elston,,,德阿尔尔尔-埃尔斯顿
1642400,Tristan Enaruna,,,特里斯坦-伊纳鲁纳
76669,Ned Endress,,,内德-恩德雷斯
76671,Wayne Englestad,,,韦恩-埃恩莱斯特阿德
76674,Claude English,,,克劳德-埃恩尔伊什
203119,Kim English,,,基姆-英格利什
76675,Scott English,,,斯科特-埃恩尔伊什
76678,Ray Epps,,,雷-埃普普斯
76679,Bo Erias,,,博-埃里亚斯
76682,Jack Eskridge,,,杰克-埃斯克尔伊德格埃
76683,Vincenzo Esposito,,,维恩塞恩佐-伊斯波西托
1642855,Noa Essengue,,,诺阿-伊斯森古
76687,Bob Evans,,,鲍勃-埃文斯
76685,Earl Evans,,,厄尔-埃文斯
201607,Patrick Ewing,,,帕特里克-尤因
76690,Joe Fabel,,,乔-弗阿布埃尔
76691,John Fairchild,,,约翰-法伊尔奇伊尔德
76696,Bob Faught,,,鲍勃-福克特
203543,Vitor Faverani,,,夫伊特奥尔-弗阿夫埃尔阿恩伊
1642847,Jeremiah Fears,,,杰雷米阿赫-费阿尔斯
76697,Dave Fedor,,,戴夫-弗埃德奥尔
76698,Bob Feerick,,,鲍勃-弗埃埃尔克
76699,Butch Feher,,,布奇-费赫尔
76701,Ron Feiereisel,,,罗恩-弗埃尔埃斯埃尔
203467,Carrick Felix,,,克阿尔尔克-弗埃尔伊克斯
101230,Noel Felix,,,诺埃尔-费利克斯
76706,Bill Fenley,,,比尔-弗埃恩利
2724,Desmond Ferguson,,,戴斯蒙德-弗格森
76709,Rolando Ferreira,,,尔奥尔德奥-弗埃尔尔埃伊尔阿
76714,Ron Filipek,,,罗恩-弗伊尔伊普埃克
2809,Gerald Fitch,,,杰拉德-弗伊特奇
76719,Dick Fitzgerald,,,德伊克-菲茨杰拉德
1642843,Cooper Flagg,,,库珀-夫拉格格
76722,Al Fleming,,,阿尔-弗莱明
1642853,Rasheer Fleming,,,拉什伊尔-夫勒米恩格
76725,Bruce Flowers,,,布鲁斯-夫洛韦尔斯
76728,Larry Fogle,,,拉里-弗奥格尔埃
76729,Jack Foley,,,杰克-弗奥利
1829,Ike Fontaine,,,伊克-方丹
76731,Levi Fontaine,,,勒维-福恩塔伊恩
202880,Jeff Foote,,,杰夫-弗奥奥特埃
1627854,Bryn Forbes,San Antonio Spurs|Milwaukee Bucks|Denver Nuggets|Minnesota Timberwolves,SAS|MIL|DEN|MIN,布尔伊恩-福尔贝斯
1630758,Aleem Ford,,,埃尔伊姆-福特
1630259,Jordan Ford,,,乔丹-福特
101213,Sharrod Ford,,,什阿尔奥德-福特
726,Sherell Ford,,,什埃尔尔-弗奥尔德
76738,Donnie Forman,,,德奥恩伊-弗奥尔曼
1630701,Michael Foster Jr.,,,迈克尔-福斯特
2238,Antonis Fotsis,,,阿恩顿伊斯-弗奥特斯伊斯
76745,Jerry Fowler,,,杰里-福勒
76746,Harold Fox,,,哈罗德-福克斯
76749,Nat Frankel,,,内特-弗兰克尔
1629606,Robert Franks,,,罗伯特-夫拉恩克斯
76751,Will Frazier,,,威尔-弗雷泽
1626187,Michael Frazier II,,,迈克尔-弗雷泽
76754,Donnie Freeman,,,登尼-弗里曼
76756,Rod Freeman,,,罗德-弗里曼
1631241,Javon Freeman-Liberty,,,贾沃恩-弗里曼-利贝尔特伊
76757,Frido Frey,,,弗里多-弗雷
76758,Larry Friend,,,拉里-夫里伊恩德
76759,Pat Frink,,,帕特-夫里恩克
76762,Frank Fucarino,,,弗兰克-弗乌克阿尔伊恩奥
76763,Herm Fuetsch,,,赫埃尔姆-弗乌埃特斯奇
2673,Hiram Fuller,,,赫伊尔阿姆-弗乌勒
76765,Tony Fuller,,,托尼-弗乌勒
1641847,Andrew Funk,,,安德鲁-富恩克
202070,Tony Gaffney,,,托尼-加夫尼
101184,Deng Gai,,,邓-盖
76769,Elmer R. Gainer,,,埃尔默-格阿伊纳
76772,Chad Gallagher,,,奇阿德-加拉格尔
1641945,Jaylin Galloway,,,杰阿伊尔伊恩-格阿尔尔奥沃阿伊
76776,Bob Gantt,,,鲍勃-甘特
1643158,Andersson Garcia,,,安德尔斯森-加西亚
76778,Earl Gardner,,,厄尔-格德纳
1642066,Myron Gardner,,,姆伊罗恩-加德纳
1627868,Patricio Garino,,,普阿特里克伊奥-格阿尔伊恩奥
1629636,Darius Garland,Cleveland Cavaliers|LA Clippers,CLE|LAC,达里厄斯-加兰
76781,Gary Garland,,,加里-加兰
76782,Winston Garland,Golden State Warriors|LA Clippers|Denver Nuggets|Houston Rockets|Minnesota Timberwolves,GSW|LAC|DEN|HOU|MIN,温斯顿-加兰
76783,Dick Garmaker,Los Angeles Lakers|New York Knicks,LAL|NYK,迪克-加尔马凯尔
1612,Chris Garner,Toronto Raptors|Golden State Warriors,TOR|GSW,克里斯-加尔内尔
76785,Bill Garnett,Dallas Mavericks|Indiana Pacers,DAL|IND,比尔-加内特
708,Kevin Garnett,Minnesota Timberwolves|Boston Celtics|Brooklyn Nets,MIN|BOS|BKN,凯文-加内特
1831,Marlon Garnett,,,姆阿尔尔奥恩-加内特
1628656,Billy Garrett,,,比利-加勒特
76786,Calvin Garrett,Houston Rockets|Los Angeles Lakers,HOU|LAL,卡尔文-加勒特
1051,Dean Garrett,Minnesota Timberwolves|Denver Nuggets|Golden State Warriors,MIN|DEN|GSW,迪恩-加勒特
203197,Diante Garrett,Phoenix Suns|Utah Jazz,PHX|UTA,迪安特-加勒特
76788,Eldo Garrett,Los Angeles Lakers|LA Clippers|Milwaukee Bucks|New York Knicks,LAL|LAC|MIL|NYK,埃尔德奥-加勒特
1630585,Marcus Garrett,Miami Heat|Charlotte Hornets,MIA|CHA,马库斯-加勒特
76789,Rowland Garrett,Chicago Bulls|Cleveland Cavaliers|Milwaukee Bucks,CHI|CLE|MIL,罗瓦兰德-加勒特
76790,Tom Garrick,LA Clippers|San Antonio Spurs|Minnesota Timberwolves|Dallas Mavericks,LAC|SAS|MIN|DAL,汤姆-加尔里克
76791,John Garris,,,约翰-加尔里斯
1619,Kiwane Garris,Denver Nuggets|Orlando Magic,DEN|ORL,克伊沃阿恩埃-格阿尔里斯
1727,Pat Garrity,Phoenix Suns|Orlando Magic,PHX|ORL,帕特-加尔里特伊
1630586,Usman Garuba,Houston Rockets|Golden State Warriors,HOU|GSW,乌斯曼-加鲁布阿
76793,Jim Garvin,,,吉姆-加文
1630568,Luka Garza,Detroit Pistons|Minnesota Timberwolves|Boston Celtics,DET|MIN|BOS,卢卡-加尔扎
201188,Marc Gasol,Memphis Grizzlies|Toronto Raptors|Los Angeles Lakers,MEM|TOR|LAL,马克-加索尔
2200,Pau Gasol,Memphis Grizzlies|Los Angeles Lakers|Chicago Bulls|San Antonio Spurs|Milwaukee Bucks,MEM|LAL|CHI|SAS|MIL,保罗-加索尔
76794,Frank Gates,,,弗兰克-格阿特埃斯
1629232,Kaiser Gates,,,卡伊塞尔-加特斯
423,Chris Gatling,Golden State Warriors|Miami Heat|Dallas Mavericks|Brooklyn Nets|Milwaukee Bucks|Orlando Magic|Denver Nuggets|Cleveland Cavaliers,GSW|MIA|DAL|BKN|MIL|ORL|DEN|CLE,克里斯-加特林
930,Kenny Gattison,Phoenix Suns|Charlotte Hornets|Memphis Grizzlies,PHX|CHA|MEM,肯尼-加特蒂森
200752,Rudy Gay,Memphis Grizzlies|Toronto Raptors|Sacramento Kings|San Antonio Spurs|Utah Jazz,MEM|TOR|SAC|SAS|UTA,鲁迪-加伊
1845,Andrew Gaze,Washington Wizards|San Antonio Spurs,WAS|SAS,安德鲁-格阿兹埃
1002,Reggie Geary,Cleveland Cavaliers|San Antonio Spurs,CLE|SAS,雷吉-杰阿尔伊
202087,Alonzo Gee,Washington Wizards|San Antonio Spurs|Cleveland Cavaliers|Denver Nuggets|Portland Trail Blazers|New Orleans Pelicans,WAS|SAS|CLE|DEN|POR|NOP,阿隆佐-杰伊
761,Matt Geiger,Miami Heat|Charlotte Hornets|Philadelphia 76ers,MIA|CHA|PHI,马特-杰伊杰尔
101153,Mickael Gelabale,Oklahoma City Thunder|Minnesota Timberwolves,OKC|MIN,姆克阿埃尔-格埃尔阿布阿尔埃
1904,Devean George,Los Angeles Lakers|Dallas Mavericks|Golden State Warriors,LAL|DAL|GSW,德维安-乔治
76800,Jack George,Golden State Warriors|New York Knicks,GSW|NYK,杰克-乔治
1641718,Keyonte George,Utah Jazz,UTA,凯伊奥恩特-乔治
1642273,Kyshawn George,Washington Wizards,WAS,克伊什奥恩-乔治
202331,Paul George,Indiana Pacers|Oklahoma City Thunder|LA Clippers|Philadelphia 76ers,IND|OKC|LAC|PHI,保罗-乔治
76801,Tate George,Brooklyn Nets|Milwaukee Bucks,BKN|MIL,塔特-乔治
1627875,Marcus Georges-Hunt,Orlando Magic|Minnesota Timberwolves,ORL|MIN,马库斯-杰奥尔杰斯-胡恩特
76802,Gus Gerard,Denver Nuggets|LA Clippers|Detroit Pistons|Sacramento Kings|San Antonio Spurs,DEN|LAC|DET|SAC|SAS,格斯-杰拉尔德
76803,Derrick Gervin,Brooklyn Nets,BKN,德里克-格文
76804,George Gervin,San Antonio Spurs|Chicago Bulls,SAS|CHI,乔治-格文
76806,John Gianelli,New York Knicks|LA Clippers|Milwaukee Bucks|Utah Jazz,NYK|LAC|MIL|UTA,约翰-吉安伊尔利
76807,Dick Gibbs,Houston Rockets|Sacramento Kings|Oklahoma City Thunder|Washington Wizards|LA Clippers,HOU|SAC|OKC|WAS|LAC,迪克-吉布布斯
200789,Daniel Gibson,Cleveland Cavaliers,CLE,丹尼尔-吉布森
1626780,Jonathan Gibson,Dallas Mavericks|Boston Celtics,DAL|BOS,乔纳森-吉布森
76810,Mike Gibson,Washington Wizards|Detroit Pistons,WAS|DET,迈克-吉布森
201959,Taj Gibson,Chicago Bulls|Oklahoma City Thunder|Minnesota Timberwolves|New York Knicks|Washington Wizards|Detroit Pistons|Charlotte Hornets|Memphis Grizzlies,CHI|OKC|MIN|NYK|WAS|DET|CHA|MEM,泰-吉布森
76811,Ward Gibson,Boston Celtics,BOS,沃德-吉布森
201592,J.R. Giddens,Boston Celtics|New York Knicks,BOS|NYK,JR-吉德登斯
1630581,Josh Giddey,Oklahoma City Thunder|Chicago Bulls,OKC|CHI,约什-吉迪
1642933,Keshon Gilbert,Washington Wizards|Atlanta Hawks,WAS|ATL,凯什奥恩-吉尔贝尔特
1628385,Harry Giles III,Sacramento Kings|Portland Trail Blazers|Brooklyn Nets|Los Angeles Lakers,SAC|POR|BKN|LAL,哈里-吉勒斯-三世
1628983,Shai Gilgeous-Alexander,LA Clippers|Oklahoma City Thunder,LAC|OKC,谢伊-吉尔杰斯-亚历山大
1630264,Anthony Gill,Washington Wizards,WAS,安东尼-吉尔
2109,Eddie Gill,Brooklyn Nets|Memphis Grizzlies|Portland Trail Blazers|Indiana Pacers|Oklahoma City Thunder|Milwaukee Bucks,BKN|MEM|POR|IND|OKC|MIL,埃迪-吉尔
383,Kendall Gill,Charlotte Hornets|Oklahoma City Thunder|Brooklyn Nets|Miami Heat|Minnesota Timberwolves|Chicago Bulls|Milwaukee Bucks,CHA|OKC|BKN|MIA|MIN|CHI|MIL,肯德尔-吉尔
1631221,Collin Gillespie,Denver Nuggets|Phoenix Suns,DEN|PHX,科尔林-吉尔勒斯皮
1630273,Freddie Gillespie,Toronto Raptors|Orlando Magic,TOR|ORL,弗雷迪-吉尔勒斯皮
288,Armen Gilliam,Phoenix Suns|Charlotte Hornets|Philadelphia 76ers|Brooklyn Nets|Milwaukee Bucks|Utah Jazz,PHX|CHA|PHI|BKN|MIL|UTA,阿尔梅恩-吉列姆
76815,Herm Gilliam,Sacramento Kings|LA Clippers|Atlanta Hawks|Oklahoma City Thunder|Portland Trail Blazers,SAC|LAC|ATL|OKC|POR,赫尔姆-吉列姆
600014,Artis Gilmore,Chicago Bulls|San Antonio Spurs|Boston Celtics,CHI|SAS|BOS,阿蒂斯-吉尔摩
1631367,Jacob Gilyard,Memphis Grizzlies|Brooklyn Nets,MEM|BKN,贾科布-吉利阿尔德
1938,Manu Ginobili,San Antonio Spurs,SAS,马努-吉诺比利
1921,Gordan Giricek,Memphis Grizzlies|Orlando Magic|Utah Jazz|Philadelphia 76ers|Phoenix Suns,MEM|ORL|UTA|PHI|PHX,格奥尔德阿恩-格伊尔伊克埃克
76819,Jack Givens,Atlanta Hawks,ATL,杰克-吉维恩斯
202148,Mickell Gladness,Miami Heat|Golden State Warriors,MIA|GSW,姆克尔-格尔阿德恩埃斯斯
76821,Gerald Glass,Minnesota Timberwolves|Detroit Pistons|Brooklyn Nets|Charlotte Hornets,MIN|DET|BKN|CHA,杰拉德-格拉斯
76822,Mike Glenn,LA Clippers|New York Knicks|Atlanta Hawks|Milwaukee Bucks,LAC|NYK|ATL|MIL,迈克-格伦
1901,Dion Glover,Atlanta Hawks|Toronto Raptors|San Antonio Spurs,ATL|TOR|SAS,迪奥恩-格洛维尔
76826,Mike Gminski,Brooklyn Nets|Philadelphia 76ers|Charlotte Hornets|Milwaukee Bucks,BKN|PHI|CHA|MIL,迈克-格米恩斯基
203497,Rudy Gobert,Utah Jazz|Minnesota Timberwolves,UTA|MIN,鲁迪-戈贝尔
76827,Dan Godfread,Minnesota Timberwolves|Houston Rockets,MIN|HOU,丹-戈弗雷德
76828,Tom Gola,Golden State Warriors|New York Knicks,GSW|NYK,汤姆-戈拉
924,Anthony Goldwire,Charlotte Hornets|Denver Nuggets|San Antonio Spurs|Washington Wizards|Minnesota Timberwolves|Brooklyn Nets|Detroit Pistons|Milwaukee Bucks|LA Clippers,CHA|DEN|SAS|WAS|MIN|BKN|DET|MIL|LAC,安东尼-戈尔德维尔
101155,Ryan Gomes,Boston Celtics|Minnesota Timberwolves|LA Clippers|Oklahoma City Thunder,BOS|MIN|LAC|OKC,莱恩-戈梅斯
76830,Glen Gondrezick,New York Knicks|Denver Nuggets,NYK|DEN,格伦-戈恩德雷齐克
76831,Grant Gondrezick,Phoenix Suns|LA Clippers,PHX|LAC,格兰特-戈恩德雷齐克
2400,Drew Gooden,Memphis Grizzlies|Orlando Magic|Cleveland Cavaliers|Chicago Bulls|Sacramento Kings|San Antonio Spurs|Dallas Mavericks|LA Clippers|Milwaukee Bucks|Washington Wizards,MEM|ORL|CLE|CHI|SAC|SAS|DAL|LAC|MIL|WAS,德鲁-戈奥登
76832,Gail Goodrich,Los Angeles Lakers|Phoenix Suns|Utah Jazz,LAL|PHX|UTA,加伊尔-戈奥德里奇
1864,Steve Goodrich,Chicago Bulls|Brooklyn Nets,CHI|BKN,史蒂夫-格奥奥德尔伊奇
203462,Archie Goodwin,Phoenix Suns|New Orleans Pelicans|Brooklyn Nets,PHX|NOP|BKN,阿奇-古德温
1629164,Brandon Goodwin,Denver Nuggets|Atlanta Hawks|Cleveland Cavaliers,DEN|ATL|CLE,布兰登-古德温
1630692,Jordan Goodwin,Washington Wizards|Phoenix Suns|Memphis Grizzlies|Los Angeles Lakers,WAS|PHX|MEM|LAL,乔丹-古德温
203932,Aaron Gordon,Orlando Magic|Denver Nuggets,ORL|DEN,阿隆-戈登
2732,Ben Gordon,Chicago Bulls|Detroit Pistons|Charlotte Hornets|Orlando Magic,CHI|DET|CHA|ORL,本-戈登
201569,Eric Gordon,LA Clippers|New Orleans Pelicans|Houston Rockets|Phoenix Suns|Philadelphia 76ers,LAC|NOP|HOU|PHX|PHI,埃里克-戈登
76834,Lancaster Gordon,LA Clippers,LAC,拉恩卡斯特尔-戈登
101162,Marcin Gortat,Orlando Magic|Phoenix Suns|Washington Wizards|LA Clippers,ORL|PHX|WAS|LAC,马尔西恩-戈尔塔特
76836,Leo Gottlieb,New York Knicks,NYK,利奥-戈特利布
202726,Andrew Goudelock,Los Angeles Lakers|Houston Rockets,LAL|HOU,安德鲁-戈乌德洛克
76838,Joe Graboski,Golden State Warriors|Philadelphia 76ers,GSW|PHI,乔-格拉博斯基
1628984,Devonte' Graham,Charlotte Hornets|New Orleans Pelicans|San Antonio Spurs,CHA|NOP|SAS,德沃恩特-格雷厄姆
37,Greg Graham,Philadelphia 76ers|Brooklyn Nets|Oklahoma City Thunder|Cleveland Cavaliers,PHI|BKN|OKC|CLE,格雷格-格雷厄姆
101121,Joey Graham,Toronto Raptors|Denver Nuggets|Cleveland Cavaliers,TOR|DEN|CLE,乔伊-格雷厄姆
76843,Mal Graham,Boston Celtics,BOS,马尔-格雷厄姆
76842,Paul Graham,Atlanta Hawks,ATL,保罗-格雷厄姆
101211,Stephen Graham,Houston Rockets|Chicago Bulls|Cleveland Cavaliers|Portland Trail Blazers|Indiana Pacers|Charlotte Hornets|Brooklyn Nets,HOU|CHI|CLE|POR|IND|CHA|BKN,斯蒂芬-格雷厄姆
1626203,Treveon Graham,Charlotte Hornets|Brooklyn Nets|Minnesota Timberwolves|Atlanta Hawks,CHA|BKN|MIN|ATL,特雷维奥恩-格雷厄姆
97,Ronnie Grandison,Boston Celtics|Charlotte Hornets|New York Knicks|Miami Heat|Atlanta Hawks,BOS|CHA|NYK|MIA|ATL,罗尼-格尔德伊森
101122,Danny Granger,Indiana Pacers|LA Clippers|Miami Heat,IND|LAC|MIA,丹尼-格拉恩杰尔
76847,Stewart Granger,Cleveland Cavaliers|Atlanta Hawks|New York Knicks,CLE|ATL|NYK,斯图尔特-格拉恩杰尔
258,Brian Grant,Sacramento Kings|Portland Trail Blazers|Miami Heat|Los Angeles Lakers|Phoenix Suns,SAC|POR|MIA|LAL|PHX,布莱恩-格兰特
76850,Bud Grant,Los Angeles Lakers,LAL,布德-格兰特
202,Gary Grant,LA Clippers|New York Knicks|Miami Heat|Portland Trail Blazers,LAC|NYK|MIA|POR,加里-格兰特
285,Greg Grant,Phoenix Suns|New York Knicks|Charlotte Hornets|Philadelphia 76ers|Denver Nuggets|Washington Wizards,PHX|NYK|CHA|PHI|DEN|WAS,格雷格-格兰特
265,Harvey Grant,Washington Wizards|Portland Trail Blazers|Philadelphia 76ers,WAS|POR|PHI,哈维-格兰特
270,Horace Grant,Chicago Bulls|Orlando Magic|Oklahoma City Thunder|Los Angeles Lakers,CHI|ORL|OKC|LAL,霍勒斯-格兰特
203924,Jerami Grant,Philadelphia 76ers|Oklahoma City Thunder|Denver Nuggets|Detroit Pistons|Portland Trail Blazers,PHI|OKC|DEN|DET|POR,杰拉米-格兰特
1626170,Jerian Grant,New York Knicks|Chicago Bulls|Orlando Magic|Washington Wizards,NYK|CHI|ORL|WAS,杰里安-格兰特
1514,Paul Grant,Minnesota Timberwolves|Milwaukee Bucks|Utah Jazz,MIN|MIL|UTA,保罗-格兰特
76853,Travis Grant,Los Angeles Lakers,LAL,特拉维斯-格兰特
201189,Aaron Gray,Chicago Bulls|New Orleans Pelicans|Toronto Raptors|Sacramento Kings,CHI|NOP|TOR|SAC,阿隆-格雷
1070,Devin Gray,Sacramento Kings|San Antonio Spurs|Houston Rockets,SAC|SAS|HOU,德文-格雷
1516,Ed Gray,Atlanta Hawks,ATL,埃德-格雷
1627982,Josh Gray,Phoenix Suns|New Orleans Pelicans,PHX|NOP,约什-格雷
76860,Leonard Gray,Oklahoma City Thunder|Washington Wizards,OKC|WAS,伦纳德-格雷
1630564,RaiQuan Gray,Brooklyn Nets|San Antonio Spurs,BKN|SAS,拉伊奎安-格雷
76861,Stuart Gray,Indiana Pacers|Charlotte Hornets|New York Knicks,IND|CHA|NYK,斯图阿尔特-格雷
76863,Wyndol Gray,Boston Celtics,BOS,沃伊恩德奥尔-格雷
81,Jeff Grayer,Milwaukee Bucks|Golden State Warriors|Philadelphia 76ers|Sacramento Kings|Charlotte Hornets,MIL|GSW|PHI|SAC|CHA,杰夫-格拉伊伊尔
76865,Bob Greacen,Milwaukee Bucks,MIL,鲍勃-格雷艾斯恩
920,A.C. Green,Los Angeles Lakers|Phoenix Suns|Dallas Mavericks|Miami Heat,LAL|PHX|DAL|MIA,AC-格林
1631260,AJ Green,Milwaukee Bucks,MIL,AJ-格林
201980,Danny Green,Cleveland Cavaliers|San Antonio Spurs|Toronto Raptors|Los Angeles Lakers|Philadelphia 76ers|Memphis Grizzlies,CLE|SAS|TOR|LAL|PHI|MEM,丹尼-格林
203110,Draymond Green,Golden State Warriors,GSW,德雷蒙德-格林
203475,Erick Green,Denver Nuggets|Utah Jazz,DEN|UTA,埃里克-格林
101123,Gerald Green,Boston Celtics|Minnesota Timberwolves|Houston Rockets|Dallas Mavericks|Brooklyn Nets|Indiana Pacers|Phoenix Suns|Miami Heat,BOS|MIN|HOU|DAL|BKN|IND|PHX|MIA,杰拉德-格林
203210,JaMychal Green,San Antonio Spurs|Memphis Grizzlies|LA Clippers|Denver Nuggets|Golden State Warriors,SAS|MEM|LAC|DEN|GSW,贾姆伊奇阿尔-格林
1630224,Jalen Green,Houston Rockets|Phoenix Suns,HOU|PHX,杰伦-格林
1629750,Javonte Green,Boston Celtics|Chicago Bulls|New Orleans Pelicans|Cleveland Cavaliers|Detroit Pistons,BOS|CHI|NOP|CLE|DET,贾沃恩特-格林
201145,Jeff Green,Oklahoma City Thunder|Boston Celtics|Memphis Grizzlies|LA Clippers|Orlando Magic|Cleveland Cavaliers|Washington Wizards|Utah Jazz|Houston Rockets|Brooklyn Nets|Denver Nuggets,OKC|BOS|MEM|LAC|ORL|CLE|WAS|UTA|HOU|BKN|DEN,杰夫-格林
76867,Johnny Green,New York Knicks|Washington Wizards|Philadelphia 76ers|Houston Rockets|Sacramento Kings,NYK|WAS|PHI|HOU|SAC,约翰尼-格林
1630182,Josh Green,Dallas Mavericks|Charlotte Hornets,DAL|CHA,约什-格林
76869,Kenny Green,Philadelphia 76ers|Washington Wizards,PHI|WAS,肯尼-格林
600011,Lamar Green,Phoenix Suns|Utah Jazz,PHX|UTA,拉马尔-格林
1036,Litterial Green,Orlando Magic|Detroit Pistons|Milwaukee Bucks|Cleveland Cavaliers,ORL|DET|MIL|CLE,利特特里阿尔-格林
76873,Mike Green,Oklahoma City Thunder|San Antonio Spurs|Sacramento Kings,OKC|SAS|SAC,迈克-格林
76874,Rickey Green,Golden State Warriors|Detroit Pistons|Utah Jazz|Charlotte Hornets|Milwaukee Bucks|Indiana Pacers|Philadelphia 76ers|Boston Celtics,GSW|DET|UTA|CHA|MIL|IND|PHI|BOS,里基-格林
76875,Sean Green,Indiana Pacers|Philadelphia 76ers|Utah Jazz,IND|PHI|UTA,肖恩-格林
76877,Si Green,Sacramento Kings|Atlanta Hawks|Washington Wizards|Boston Celtics,SAC|ATL|WAS|BOS,西-格林
76876,Sidney Green,Chicago Bulls|Detroit Pistons|New York Knicks|Orlando Magic|San Antonio Spurs|Charlotte Hornets,CHI|DET|NYK|ORL|SAS|CHA,悉尼-格林
76878,Steve Green,Indiana Pacers,IND,史蒂夫-格林
201192,Taurean Green,Portland Trail Blazers|Denver Nuggets,POR|DEN,特奥尔伊恩-格林
2584,Willie Green,Philadelphia 76ers|New Orleans Pelicans|Atlanta Hawks|LA Clippers|Orlando Magic,PHI|NOP|ATL|LAC|ORL,威利-格林
201590,Donte Greene,Sacramento Kings,SAC,唐特-格林
101158,Orien Greene,Boston Celtics|Indiana Pacers|Sacramento Kings|Brooklyn Nets,BOS|IND|SAC|BKN,奥里伊恩-格雷伊恩
76880,Jerry Greenspan,Philadelphia 76ers,PHI,杰里-格尔埃埃恩斯普阿恩
76881,David Greenwood,Chicago Bulls|San Antonio Spurs|Denver Nuggets|Detroit Pistons,CHI|SAS|DEN|DET,戴维-格尔伊恩沃乌德
76882,Hal Greer,Philadelphia 76ers,PHI,哈尔-格里尔
76883,Gary Gregor,Phoenix Suns|Atlanta Hawks|Portland Trail Blazers|Milwaukee Bucks,PHX|ATL|POR|MIL,加里-格雷戈尔
76884,Claude Gregory,Washington Wizards|LA Clippers,WAS|LAC,克劳德-格雷戈里
76887,Kevin Grevey,Washington Wizards|Milwaukee Bucks,WAS|MIL,凯文-格雷维伊
1631100,AJ Griffin,Atlanta Hawks,ATL,AJ-格里芬
1559,Adrian Griffin,Boston Celtics|Dallas Mavericks|Houston Rockets|Chicago Bulls|Oklahoma City Thunder,BOS|DAL|HOU|CHI|OKC,阿德里安-格里芬
201933,Blake Griffin,LA Clippers|Detroit Pistons|Brooklyn Nets|Boston Celtics,LAC|DET|BKN|BOS,布雷克-格里芬
2204,Eddie Griffin,Houston Rockets|Minnesota Timberwolves,HOU|MIN,埃迪-格里芬
76889,Paul Griffin,Utah Jazz|San Antonio Spurs,UTA|SAS,保罗-格里芬
76890,Darrell Griffith,Utah Jazz,UTA,达雷尔-格里夫菲斯
1629656,Quentin Grimes,New York Knicks|Detroit Pistons|Dallas Mavericks|Philadelphia 76ers,NYK|DET|DAL|PHI,昆廷-格里梅斯
76895,Bob Gross,Portland Trail Blazers|LA Clippers,POR|LAC,鲍勃-格罗斯
76899,Ernie Grunfeld,Milwaukee Bucks|Sacramento Kings|New York Knicks,MIL|SAC|NYK,厄尼-格鲁恩费尔德
76900,Gene Guarilia,Boston Celtics,BOS,吉恩-古阿尔伊利阿
76901,Petur Gudmundsson,Portland Trail Blazers|Los Angeles Lakers|San Antonio Spurs,POR|LAL|SAS,普埃特乌尔-格乌德姆乌恩德斯森
76902,Richie Guerin,New York Knicks|Atlanta Hawks,NYK|ATL,里奇伊-古伊里恩
1631338,Mouhamadou Gueye,Toronto Raptors|Chicago Bulls,TOR|CHI,莫乌哈马多乌-古伊
1631243,Mouhamed Gueye,Atlanta Hawks,ATL,莫乌哈梅德-古伊
339,Tom Gugliotta,Washington Wizards|Golden State Warriors|Minnesota Timberwolves|Phoenix Suns|Utah Jazz|Boston Celtics|Atlanta Hawks,WAS|GSW|MIN|PHX|UTA|BOS|ATL,汤姆-古格里奥塔
76903,Andres Guibert,Minnesota Timberwolves,MIN,德尔埃斯-格乌伊布特
76904,Jay Guidinger,Cleveland Cavaliers,CLE,杰伊-古伊迪恩杰尔
76907,Al Guokas,Golden State Warriors,GSW,阿尔-戈卡斯
76908,Matt Guokas,Philadelphia 76ers|Chicago Bulls|Sacramento Kings|Houston Rockets|LA Clippers,PHI|CHI|SAC|HOU|LAC,马特-古奥卡斯
203268,Jorge Gutierrez,Brooklyn Nets|Milwaukee Bucks|Charlotte Hornets,BKN|MIL|CHA,杰奥尔格埃-古铁雷斯
1629657,Kyle Guy,Sacramento Kings|Miami Heat,SAC|MIA,凯尔-盖伊
2062,A.J. Guyton,Chicago Bulls|Golden State Warriors,CHI|GSW,AJ-盖顿
2775,Ha Ha,Portland Trail Blazers,POR,赫阿-赫阿
1629060,Rui Hachimura,Washington Wizards|Los Angeles Lakers,WAS|LAL,八村垒
76910,Rudy Hackett,Brooklyn Nets|Indiana Pacers,BKN|IND,鲁迪-赫阿克特
201632,Hamed Haddadi,Memphis Grizzlies|Phoenix Suns,MEM|PHX,哈梅德-哈德达迪
76911,Scott Haffner,Miami Heat|Charlotte Hornets,MIA|CHA,斯科特-哈夫夫内尔
76912,Cliff Hagan,Atlanta Hawks,ATL,克利夫-哈根
1630204,Ashton Hagans,Minnesota Timberwolves|Portland Trail Blazers,MIN|POR,阿斯赫顿-哈根斯
76915,Al Hairston,Oklahoma City Thunder,OKC,艾尔-哈伊尔斯顿
76916,Happy Hairston,Sacramento Kings|Detroit Pistons|Los Angeles Lakers,SAC|DET|LAL,哈普普伊-哈伊尔斯顿
201612,Malik Hairston,San Antonio Spurs,SAS,马利克-哈伊尔斯顿
203798,PJ Hairston,Charlotte Hornets|Memphis Grizzlies,CHA|MEM,PJ-赫阿伊尔斯顿
2409,Marcus Haislip,Milwaukee Bucks|Indiana Pacers|San Antonio Spurs,MIL|IND|SAS,马库斯-哈伊斯利普
76918,Chuck Halbert,Golden State Warriors|Boston Celtics,GSW|BOS,查克-赫阿尔布特
76919,Harvey Halbrook,Philadelphia 76ers,PHI,哈维-赫阿尔布尔乌克
76920,Bruce Hale,Detroit Pistons,DET,布鲁斯-黑尔
917,Jack Haley,Chicago Bulls|Brooklyn Nets|Los Angeles Lakers|San Antonio Spurs,CHI|BKN|LAL|SAS,杰克-哈利
1630169,Tyrese Haliburton,Sacramento Kings|Indiana Pacers,SAC|IND,泰雷塞-哈利伯顿
76922,Shaler Halimon,Philadelphia 76ers|Chicago Bulls|Portland Trail Blazers|Atlanta Hawks,PHI|CHI|POR|ATL,什埃尔-哈利莫恩
1629743,Donta Hall,Detroit Pistons|Brooklyn Nets|Orlando Magic,DET|BKN|ORL,登塔-霍尔
1641790,PJ Hall,Denver Nuggets|Memphis Grizzlies|Charlotte Hornets,DEN|MEM|CHA,PJ-霍尔
76923,Jeff Halliburton,Atlanta Hawks|Philadelphia 76ers,ATL|PHI,杰夫-哈尔利布尔顿
1032,Darvin Ham,Denver Nuggets|Indiana Pacers|Washington Wizards|Milwaukee Bucks|Atlanta Hawks|Detroit Pistons,DEN|IND|WAS|MIL|ATL|DET,达尔维恩-哈姆
1627772,Daniel Hamilton,Oklahoma City Thunder|Atlanta Hawks,OKC|ATL,丹尼尔-汉密尔顿
76926,Dennis Hamilton,Los Angeles Lakers|Atlanta Hawks,LAL|ATL,丹尼斯-汉密尔顿
202706,Jordan Hamilton,Denver Nuggets|Houston Rockets|LA Clippers|New Orleans Pelicans,DEN|HOU|LAC|NOP,乔丹-汉密尔顿
203120,Justin Hamilton,Charlotte Hornets|Miami Heat|Minnesota Timberwolves|Brooklyn Nets,CHA|MIA|MIN|BKN,贾斯汀-汉密尔顿
76927,Ralph Hamilton,Detroit Pistons,DET,拉尔夫-汉密尔顿
1888,Richard Hamilton,Washington Wizards|Detroit Pistons|Chicago Bulls,WAS|DET|CHI,理查德-汉密尔顿
76928,Roylee Hamilton,Detroit Pistons|Portland Trail Blazers,DET|POR,尔奥伊利-汉密尔顿
76929,Steve Hamilton,Los Angeles Lakers,LAL,史蒂夫-汉密尔顿
676,Thomas Hamilton,Boston Celtics|Houston Rockets,BOS|HOU,托马斯-汉密尔顿
1985,Zendon Hamilton,LA Clippers|Denver Nuggets|Toronto Raptors|Philadelphia 76ers|Milwaukee Bucks|Cleveland Cavaliers,LAC|DEN|TOR|PHI|MIL|CLE,泽恩登-汉密尔顿
903,Geert Hammink,Orlando Magic|Golden State Warriors,ORL|GSW,格埃特-赫阿姆姆伊恩克
67,Tom Hammonds,Washington Wizards|Charlotte Hornets|Denver Nuggets|Minnesota Timberwolves,WAS|CHA|DEN|MIN,汤姆-哈姆莫恩德斯
1630181,R.J. Hampton,Denver Nuggets|Orlando Magic|Detroit Pistons|Miami Heat,DEN|ORL|DET|MIA,RJ-哈姆普顿
241,Darrin Hancock,Charlotte Hornets|Milwaukee Bucks|San Antonio Spurs|Atlanta Hawks,CHA|MIL|SAS|ATL,达尔里恩-哈恩科克
1052,Ben Handlogten,Utah Jazz,UTA,本-哈恩德洛格特恩
76935,Cecil Hankins,Boston Celtics,BOS,塞西尔-赫阿恩克伊恩斯
76936,Phil Hankinson,Boston Celtics,BOS,菲尔-哈恩基恩森
1628605,Dusty Hannahs,Memphis Grizzlies,MEM,德乌斯特伊-赫阿纳赫斯
76937,Alex Hannum,Philadelphia 76ers|Sacramento Kings|Atlanta Hawks,PHI|SAC|ATL,亚历克斯-哈恩努姆
201946,Tyler Hansbrough,Indiana Pacers|Toronto Raptors|Charlotte Hornets,IND|TOR|CHA,泰勒-哈恩斯布罗乌格赫
76942,Bob Hansen,Utah Jazz|Sacramento Kings|Chicago Bulls,UTA|SAC|CHI,鲍勃-汉森
76940,Glenn Hansen,Sacramento Kings|Chicago Bulls,SAC|CHI,格伦-汉森
76944,Bill Hanzlik,Oklahoma City Thunder|Denver Nuggets,OKC|DEN,比尔-哈恩兹利克
202376,Luke Harangody,Boston Celtics|Cleveland Cavaliers,BOS|CLE,卢克-哈拉恩戈德伊
358,Anfernee Hardaway,Orlando Magic|Phoenix Suns|New York Knicks|Miami Heat,ORL|PHX|NYK|MIA,安费尔内-哈达威
896,Tim Hardaway,Golden State Warriors|Miami Heat|Dallas Mavericks|Denver Nuggets|Indiana Pacers,GSW|MIA|DAL|DEN|IND,蒂姆-哈达威
203501,Tim Hardaway Jr.,New York Knicks|Atlanta Hawks|Dallas Mavericks|Detroit Pistons|Denver Nuggets,NYK|ATL|DAL|DET|DEN,小蒂姆-哈达威
201935,James Harden,Oklahoma City Thunder|Houston Rockets|Brooklyn Nets|Philadelphia 76ers|LA Clippers|Cleveland Cavaliers,OKC|HOU|BKN|PHI|LAC|CLE,詹姆斯-哈登
76945,Reggie Harding,Detroit Pistons|Chicago Bulls,DET|CHI,雷吉-哈尔迪恩格
76946,Charlie Hardnett,Washington Wizards,WAS,查理-哈尔德内特特
76947,Alan Hardy,Los Angeles Lakers|Detroit Pistons,LAL|DET,阿兰-哈尔德伊
1630702,Jaden Hardy,Dallas Mavericks|Washington Wizards,DAL|WAS,贾登-哈尔德伊
76948,James Hardy,Utah Jazz,UTA,詹姆斯-哈尔德伊
76949,John Hargis,Atlanta Hawks,ATL,约翰-赫阿尔格伊斯
1641989,Elijah Harkless,Utah Jazz,UTA,伊利贾赫-哈尔克勒斯
203090,Maurice Harkless,Orlando Magic|Portland Trail Blazers|LA Clippers|New York Knicks|Miami Heat|Sacramento Kings,ORL|POR|LAC|NYK|MIA|SAC,莫里斯-哈尔克勒斯
157,Derek Harper,Dallas Mavericks|New York Knicks|Orlando Magic|Los Angeles Lakers,DAL|NYK|ORL|LAL,德里克-哈珀
1629607,Jared Harper,Phoenix Suns|New York Knicks|New Orleans Pelicans,PHX|NYK|NOP,贾里德-哈珀
202712,Justin Harper,Orlando Magic|Detroit Pistons|Philadelphia 76ers,ORL|DET|PHI,贾斯廷-哈珀
76954,Mike Harper,Portland Trail Blazers,POR,迈克-哈珀
166,Ron Harper,Cleveland Cavaliers|LA Clippers|Chicago Bulls|Los Angeles Lakers,CLE|LAC|CHI|LAL,罗恩-哈珀
1631199,Ron Harper Jr.,Toronto Raptors|Detroit Pistons|Boston Celtics,TOR|DET|BOS,罗恩-哈珀
1723,Matt Harpring,Orlando Magic|Cleveland Cavaliers|Philadelphia 76ers|Utah Jazz,ORL|CLE|PHI|UTA,马特-哈尔普里恩格
1626149,Montrezl Harrell,Houston Rockets|LA Clippers|Los Angeles Lakers|Washington Wizards|Charlotte Hornets|Philadelphia 76ers,HOU|LAC|LAL|WAS|CHA|PHI,莫恩特雷兹尔-哈尔雷尔
202725,Josh Harrellson,New York Knicks|Miami Heat|Detroit Pistons,NYK|MIA|DET,约什-哈尔雷尔森
2492,Adam Harrington,Dallas Mavericks|Denver Nuggets,DAL|DEN,亚当-哈林顿
1733,Al Harrington,Indiana Pacers|Atlanta Hawks|Golden State Warriors|New York Knicks|Denver Nuggets|Orlando Magic|Washington Wizards,IND|ATL|GSW|NYK|DEN|ORL|WAS,艾尔-哈灵顿
2454,Junior Harrington,Denver Nuggets|New Orleans Pelicans|Memphis Grizzlies,DEN|NOP|MEM,朱尼奥尔-哈灵顿
970,Othella Harrington,Houston Rockets|Memphis Grizzlies|New York Knicks|Chicago Bulls|Charlotte Hornets,HOU|MEM|NYK|CHI|CHA,奥斯伊尔拉-哈灵顿
76956,Art Harris,Oklahoma City Thunder|Phoenix Suns,OKC|PHX,阿特-哈里斯
76959,Bob Harris,Detroit Pistons|Boston Celtics,DET|BOS,鲍勃-哈里斯
2734,Devin Harris,Dallas Mavericks|Brooklyn Nets|Utah Jazz|Atlanta Hawks|Denver Nuggets,DAL|BKN|UTA|ATL|DEN,德文-哈里斯
203914,Gary Harris,Denver Nuggets|Orlando Magic|Milwaukee Bucks,DEN|ORL|MIL,加里-哈里斯
203925,Joe Harris,Cleveland Cavaliers|Brooklyn Nets|Detroit Pistons,CLE|BKN|DET,乔-哈里斯
1630284,Kevon Harris,Orlando Magic,ORL,凯沃恩-哈里斯
446,Lucious Harris,Dallas Mavericks|Philadelphia 76ers|Brooklyn Nets|Cleveland Cavaliers,DAL|PHI|BKN|CLE,卢西乌斯-哈里斯
202412,Manny Harris,Cleveland Cavaliers|Los Angeles Lakers|Dallas Mavericks,CLE|LAL|DAL,曼恩伊-哈里斯
200839,Mike Harris,Houston Rockets|Washington Wizards|Utah Jazz,HOU|WAS|UTA,迈克-哈里斯
76960,Steve Harris,Houston Rockets|Golden State Warriors|Detroit Pistons|LA Clippers,HOU|GSW|DET|LAC,史蒂夫-哈里斯
202227,Terrel Harris,Miami Heat|New Orleans Pelicans,MIA|NOP,特尔雷尔-哈里斯
202699,Tobias Harris,Milwaukee Bucks|Orlando Magic|Detroit Pistons|LA Clippers|Philadelphia 76ers,MIL|ORL|DET|LAC|PHI,托拜厄斯-哈里斯
76961,Tony Harris,Philadelphia 76ers|Boston Celtics,PHI|BOS,托尼-哈里斯
1626150,Andrew Harrison,Memphis Grizzlies|Cleveland Cavaliers|New Orleans Pelicans,MEM|CLE|NOP,安德鲁-哈里森
76962,Bob Harrison,Los Angeles Lakers|Atlanta Hawks|Philadelphia 76ers,LAL|ATL|PHI,鲍勃-哈里森
2758,David Harrison,Indiana Pacers,IND,大卫-哈里森
1627885,Shaquille Harrison,Phoenix Suns|Chicago Bulls|Utah Jazz|Denver Nuggets|Brooklyn Nets|Portland Trail Blazers|Memphis Grizzlies,PHX|CHI|UTA|DEN|BKN|POR|MEM,沙奎尔-哈里森
2078,Jason Hart,Milwaukee Bucks|San Antonio Spurs|Charlotte Hornets|Sacramento Kings|LA Clippers|Utah Jazz|Denver Nuggets|Minnesota Timberwolves|New Orleans Pelicans,MIL|SAS|CHA|SAC|LAC|UTA|DEN|MIN|NOP,杰森-哈特
1628404,Josh Hart,Los Angeles Lakers|New Orleans Pelicans|Portland Trail Blazers|New York Knicks,LAL|NOP|POR|NYK,约什-哈特
1628392,Isaiah Hartenstein,Houston Rockets|Denver Nuggets|Cleveland Cavaliers|LA Clippers|New York Knicks|Oklahoma City Thunder,HOU|DEN|CLE|LAC|NYK|OKC,以赛亚-哈尔滕施泰因
176,Antonio Harvey,Los Angeles Lakers|Memphis Grizzlies|LA Clippers|Oklahoma City Thunder|Portland Trail Blazers|Atlanta Hawks,LAL|MEM|LAC|OKC|POR|ATL,安东尼奥-哈维
2051,Donnell Harvey,Dallas Mavericks|Denver Nuggets|Orlando Magic|Phoenix Suns|Brooklyn Nets,DAL|DEN|ORL|PHX|BKN,登内尔-哈维
76965,Clem Haskins,Chicago Bulls|Phoenix Suns|Washington Wizards,CHI|PHX|WAS,克勒姆-哈斯基恩斯
2617,Udonis Haslem,Miami Heat,MIA,乌登伊斯-哈斯勒姆
2239,Trenton Hassell,Chicago Bulls|Minnesota Timberwolves|Dallas Mavericks|Brooklyn Nets,CHI|MIN|DAL|BKN,特雷恩顿-哈斯塞尔
76967,Billy Hassett,Los Angeles Lakers|Atlanta Hawks,LAL|ATL,比利-哈塞特
76966,Joey Hassett,Oklahoma City Thunder|Indiana Pacers|Dallas Mavericks|Golden State Warriors,OKC|IND|DAL|GSW,乔伊-哈塞特
76968,Scott Hastings,New York Knicks|Atlanta Hawks|Miami Heat|Detroit Pistons|Denver Nuggets,NYK|ATL|MIA|DET|DEN,斯科特-哈斯蒂恩格斯
2213,Kirk Haston,Charlotte Hornets|New Orleans Pelicans,CHA|NOP,柯克-赫阿斯顿
76969,Vern Hatton,Golden State Warriors|Atlanta Hawks,GSW|ATL,弗恩-哈特顿
1630573,Sam Hauser,Boston Celtics,BOS,萨姆-哈乌塞尔
76970,John Havlicek,Boston Celtics,BOS,约翰-哈夫利切克
201150,Spencer Hawes,Sacramento Kings|Philadelphia 76ers|Cleveland Cavaliers|LA Clippers|Charlotte Hornets|Milwaukee Bucks,SAC|PHI|CLE|LAC|CHA|MIL,斯潘塞-霍伊斯
76971,Steve Hawes,Houston Rockets|Portland Trail Blazers|Atlanta Hawks|Oklahoma City Thunder,HOU|POR|ATL|OKC,史蒂夫-霍伊斯
76972,Connie Hawkins,Phoenix Suns|Los Angeles Lakers|Atlanta Hawks,PHX|LAL|ATL,康尼-霍金斯
765,Hersey Hawkins,Philadelphia 76ers|Charlotte Hornets|Oklahoma City Thunder|Chicago Bulls,PHI|CHA|OKC|CHI,赫尔塞伊-霍金斯
1641722,Jordan Hawkins,New Orleans Pelicans,NOP,乔丹-霍金斯
1138,Michael Hawkins,Boston Celtics|Sacramento Kings|Charlotte Hornets|Cleveland Cavaliers,BOS|SAC|CHA|CLE,迈克尔-霍金斯
76975,Robert Hawkins,Golden State Warriors|Brooklyn Nets|Detroit Pistons,GSW|BKN|DET,罗伯特-霍金斯
76977,Tom Hawkins,Los Angeles Lakers|Sacramento Kings,LAL|SAC,汤姆-霍金斯
76978,Nate Hawthorne,Los Angeles Lakers|Phoenix Suns,LAL|PHX,内特-哈瓦斯奥尔恩
101236,Chuck Hayes,Houston Rockets|Sacramento Kings|Toronto Raptors,HOU|SAC|TOR,查克-海耶斯
76979,Elvin Hayes,Houston Rockets|Washington Wizards,HOU|WAS,埃尔文-海耶斯
2553,Jarvis Hayes,Washington Wizards|Detroit Pistons|Brooklyn Nets,WAS|DET|BKN,贾维斯-海耶斯
1629637,Jaxson Hayes,New Orleans Pelicans|Los Angeles Lakers,NOP|LAL,贾克森-海斯
1630165,Killian Hayes,Detroit Pistons|Brooklyn Nets|Sacramento Kings,DET|BKN|SAC,基尔利安-海耶斯
76980,Steve Hayes,San Antonio Spurs|Detroit Pistons|Cleveland Cavaliers|Oklahoma City Thunder|Philadelphia 76ers|Utah Jazz,SAS|DET|CLE|OKC|PHI|UTA,史蒂夫-海耶斯
1628502,Nigel Hayes-Davis,Los Angeles Lakers|Toronto Raptors|Sacramento Kings|Phoenix Suns,LAL|TOR|SAC|PHX,尼杰尔-海耶斯-戴维斯
202330,Gordon Hayward,Utah Jazz|Boston Celtics|Charlotte Hornets|Oklahoma City Thunder,UTA|BOS|CHA|OKC,戈登-海沃德
202351,Lazar Hayward,Minnesota Timberwolves|Oklahoma City Thunder,MIN|OKC,拉扎尔-哈伊瓦尔德
2217,Brendan Haywood,Washington Wizards|Dallas Mavericks|Charlotte Hornets|Cleveland Cavaliers,WAS|DAL|CHA|CLE,布兰登-海伍德
76981,Spencer Haywood,Oklahoma City Thunder|New York Knicks|Utah Jazz|Los Angeles Lakers|Washington Wizards,OKC|NYK|UTA|LAL|WAS,斯潘塞-海伍德
76983,Walt Hazzard,Los Angeles Lakers|Oklahoma City Thunder|Atlanta Hawks|LA Clippers|Golden State Warriors,LAL|OKC|ATL|LAC|GSW,沃尔特-哈兹扎尔德
101129,Luther Head,Houston Rockets|Miami Heat|Indiana Pacers|Sacramento Kings,HOU|MIA|IND|SAC,卢斯伊尔-赫阿德
1049,Shane Heal,Minnesota Timberwolves|San Antonio Spurs,MIN|SAS,肖恩-赫阿尔
76985,Garfield Heard,Oklahoma City Thunder|Chicago Bulls|LA Clippers|Phoenix Suns,OKC|CHI|LAC|PHX,格阿尔弗伊尔德-赫德
76988,Tom Heinsohn,Boston Celtics,BOS,汤姆-海因索恩
76989,Dick Hemric,Boston Celtics,BOS,迪克-赫姆里克
673,Alan Henderson,Atlanta Hawks|Dallas Mavericks|Cleveland Cavaliers|Philadelphia 76ers,ATL|DAL|CLE|PHI,阿兰-亨德森
1538,Cedric Henderson,Cleveland Cavaliers|Golden State Warriors,CLE|GSW,塞德里克-亨德森
76990,Cedric Henderson,Atlanta Hawks|Milwaukee Bucks,ATL|MIL,塞德里克-亨德森
76993,Gerald Henderson,Boston Celtics|Oklahoma City Thunder|New York Knicks|Philadelphia 76ers|Milwaukee Bucks|Detroit Pistons|Houston Rockets,BOS|OKC|NYK|PHI|MIL|DET|HOU,杰拉德-亨德森
201945,Gerald Henderson,Charlotte Hornets|Portland Trail Blazers|Philadelphia 76ers,CHA|POR|PHI,杰拉德-亨德森
76992,Jerome Henderson,Los Angeles Lakers|Milwaukee Bucks,LAL|MIL,杰埃尔奥姆埃-亨德森
76994,Kevin Henderson,Golden State Warriors|Cleveland Cavaliers,GSW|CLE,凯文-亨德森
1630703,Scoot Henderson,Portland Trail Blazers,POR,斯库特-亨德森
76996,Tom Henderson,Atlanta Hawks|Washington Wizards|Houston Rockets,ATL|WAS|HOU,汤姆-亨德森
1641707,Taylor Hendricks,Utah Jazz|Memphis Grizzlies,UTA|MEM,泰勒-亨德里克斯
971,Mark Hendrickson,Philadelphia 76ers|Sacramento Kings|Brooklyn Nets|Cleveland Cavaliers,PHI|SAC|BKN|CLE,马克-赫恩德里克森
76999,Don Henriksen,Sacramento Kings,SAC,唐-赫恩里克森
77000,Al Henry,Philadelphia 76ers,PHI,艾尔-亨利
77004,Bill Henry,Detroit Pistons|Atlanta Hawks,DET|ATL,比尔-亨利
77002,Conner Henry,Houston Rockets|Boston Celtics|Milwaukee Bucks|Sacramento Kings,HOU|BOS|MIL|SAC,科恩内尔-亨利
202333,Xavier Henry,Memphis Grizzlies|New Orleans Pelicans|Los Angeles Lakers,MEM|NOP|LAL,泽维尔-亨利
203089,John Henson,Milwaukee Bucks|Cleveland Cavaliers|Detroit Pistons,MIL|CLE|DET,约翰-赫恩森
1667,Steve Henson,Milwaukee Bucks|Atlanta Hawks|Charlotte Hornets|Portland Trail Blazers|Detroit Pistons,MIL|ATL|CHA|POR|DET,史蒂夫-赫恩森
77007,Clarence Hermsen,Boston Celtics,BOS,克拉伦斯-赫埃尔姆斯埃恩
1627823,Juancho Hernangomez,Denver Nuggets|Minnesota Timberwolves|Boston Celtics|San Antonio Spurs|Utah Jazz|Toronto Raptors,DEN|MIN|BOS|SAS|UTA|TOR,朱安奇奥-赫尔纳恩戈梅兹
1626195,Willy Hernangomez,New York Knicks|Charlotte Hornets|New Orleans Pelicans,NYK|CHA|NOP,维尔利-赫尔纳恩戈梅兹
1914,Chris Herren,Denver Nuggets|Boston Celtics,DEN|BOS,克里斯-赫尔雷恩
61,Carl Herrera,Houston Rockets|San Antonio Spurs|Memphis Grizzlies|Denver Nuggets,HOU|SAS|MEM|DEN,卡尔-赫尔雷拉
200835,Walter Herrmann,Charlotte Hornets|Detroit Pistons,CHA|DET,沃尔特-赫尔曼恩
1629639,Tyler Herro,Miami Heat,MIA,泰勒-赫尔罗
77010,Keith Herron,Atlanta Hawks|Detroit Pistons|Cleveland Cavaliers,ATL|DET|CLE,基思-赫尔罗恩
77011,Sidney Hertzberg,New York Knicks|Washington Wizards|Boston Celtics,NYK|WAS|BOS,西德尼-赫埃尔特兹伯格
77012,Fred Hetzel,Golden State Warriors|Milwaukee Bucks|Sacramento Kings|Philadelphia 76ers|Los Angeles Lakers,GSW|MIL|SAC|PHI|LAL,弗雷德-赫特泽尔
77013,Bill Hewitt,Los Angeles Lakers|Detroit Pistons|LA Clippers|Chicago Bulls,LAL|DET|LAC|CHI,比尔-赫维特特
77015,Art Heyman,New York Knicks|Sacramento Kings|Philadelphia 76ers,NYK|SAC|PHI,阿特-海曼
1626209,Mario Hezonja,Orlando Magic|New York Knicks|Portland Trail Blazers,ORL|NYK|POR,马里奥-赫佐恩贾
201579,Roy Hibbert,Indiana Pacers|Los Angeles Lakers|Charlotte Hornets|Denver Nuggets,IND|LAL|CHA|DEN,罗伊-希布贝尔特
1628439,Isaiah Hicks,New York Knicks,NYK,以赛亚-赫克斯
77017,Phil Hicks,Chicago Bulls|Houston Rockets|Denver Nuggets,CHI|HOU|DEN,菲尔-希克斯
201581,JJ Hickson,Cleveland Cavaliers|Sacramento Kings|Portland Trail Blazers|Denver Nuggets|Washington Wizards,CLE|SAC|POR|DEN|WAS,杰杰-赫克森
1627741,Buddy Hield,New Orleans Pelicans|Sacramento Kings|Indiana Pacers|Philadelphia 76ers|Golden State Warriors|Atlanta Hawks,NOP|SAC|IND|PHI|GSW|ATL,巴迪-希尔德
202809,Cory Higgins,Charlotte Hornets,CHA,科里-希金斯
1848,Mike Higgins,Los Angeles Lakers|Denver Nuggets|Sacramento Kings,LAL|DEN|SAC,迈克-希金斯
77019,Rod Higgins,Chicago Bulls|Oklahoma City Thunder|San Antonio Spurs|Brooklyn Nets|Golden State Warriors|Sacramento Kings|Cleveland Cavaliers,CHI|OKC|SAS|BKN|GSW|SAC|CLE,罗德-希金斯
925,Sean Higgins,San Antonio Spurs|Orlando Magic|Golden State Warriors|Brooklyn Nets|Philadelphia 76ers|Portland Trail Blazers,SAS|ORL|GSW|BKN|PHI|POR,肖恩-希金斯
77021,Kenny Higgs,Cleveland Cavaliers|Denver Nuggets,CLE|DEN,肯尼-希格格斯
77022,Johnny High,Phoenix Suns,PHX,约翰尼-希格赫
1629312,Haywood Highsmith,Philadelphia 76ers|Miami Heat|Phoenix Suns,PHI|MIA|PHX,海伍德-希格赫斯米斯
77023,Wayne Hightower,Golden State Warriors|Washington Wizards|Detroit Pistons,GSW|WAS|DET,韦恩-希格赫托韦尔
2403,Nene,Denver Nuggets|Washington Wizards|Houston Rockets,DEN|WAS|HOU,内内
77024,Armond Hill,Atlanta Hawks|Oklahoma City Thunder|LA Clippers|Milwaukee Bucks,ATL|OKC|LAC|MIL,阿尔莫恩德-希尔
77026,Gary Hill,Golden State Warriors|Washington Wizards,GSW|WAS,加里-希尔
201588,George Hill,San Antonio Spurs|Indiana Pacers|Utah Jazz|Sacramento Kings|Cleveland Cavaliers|Milwaukee Bucks|Oklahoma City Thunder|Philadelphia 76ers,SAS|IND|UTA|SAC|CLE|MIL|OKC|PHI,乔治-希尔
255,Grant Hill,Detroit Pistons|Orlando Magic|Phoenix Suns|LA Clippers,DET|ORL|PHX|LAC,格兰特-希尔
201941,Jordan Hill,New York Knicks|Houston Rockets|Los Angeles Lakers|Indiana Pacers|Minnesota Timberwolves,NYK|HOU|LAL|IND|MIN,乔丹-希尔
1630792,Malcolm Hill,Atlanta Hawks|Chicago Bulls,ATL|CHI,马尔科姆-希尔
203524,Solomon Hill,Indiana Pacers|New Orleans Pelicans|Memphis Grizzlies|Miami Heat|Atlanta Hawks,IND|NOP|MEM|MIA|ATL,所罗门-希尔
238,Tyrone Hill,Golden State Warriors|Cleveland Cavaliers|Milwaukee Bucks|Philadelphia 76ers|Miami Heat,GSW|CLE|MIL|PHI|MIA,泰伦-希尔
77027,Art Hillhouse,Golden State Warriors,GSW,阿尔特-赫伊尔赫奥斯埃
1626199,Darrun Hilliard,Detroit Pistons|San Antonio Spurs,DET|SAS,达尔鲁恩-希尔利阿尔德
77028,Darnell Hillman,Indiana Pacers|Denver Nuggets|Brooklyn Nets|Sacramento Kings|Golden State Warriors,IND|DEN|BKN|SAC|GSW,达内尔-希尔曼
77029,Fred Hilton,LA Clippers,LAC,弗雷德-希尔顿
2550,Kirk Hinrich,Chicago Bulls|Washington Wizards|Atlanta Hawks,CHI|WAS|ATL,基尔克-希恩里奇
77030,Roy Hinson,Cleveland Cavaliers|Philadelphia 76ers|Brooklyn Nets,CLE|PHI|BKN,罗伊-希恩森
1630207,Nate Hinton,Dallas Mavericks|Indiana Pacers|Houston Rockets,DAL|IND|HOU,内特-希恩顿
77032,Lew Hitch,Los Angeles Lakers|Atlanta Hawks|Golden State Warriors,LAL|ATL|GSW,勒瓦-希特奇
1629658,Jaylen Hoard,Portland Trail Blazers|Oklahoma City Thunder,POR|OKC,杰伦-霍尔德
1106,Donald Hodge,Dallas Mavericks|Charlotte Hornets,DAL|CHA,唐纳德-霍德格
101125,Julius Hodge,Denver Nuggets|Milwaukee Bucks,DEN|MIL,朱利叶斯-霍奇
77034,Craig Hodges,LA Clippers|Milwaukee Bucks|Phoenix Suns|Chicago Bulls,LAC|MIL|PHX|CHI,克雷格-霍德杰斯
77035,Adolph Hoefer,Boston Celtics,BOS,阿德奥尔普赫-赫奥埃弗埃尔
77036,Paul Hoffman,Golden State Warriors,GSW,保罗-赫奥弗弗曼
77038,Paul Hogue,New York Knicks|Washington Wizards,NYK|WAS,保罗-霍古
697,Fred Hoiberg,Indiana Pacers|Chicago Bulls|Minnesota Timberwolves,IND|CHI|MIN,弗雷德-霍伊伯格
1628988,Aaron Holiday,Indiana Pacers|Washington Wizards|Phoenix Suns|Atlanta Hawks|Houston Rockets,IND|WAS|PHX|ATL|HOU,阿隆-霍勒迪
201950,Jrue Holiday,Philadelphia 76ers|New Orleans Pelicans|Milwaukee Bucks|Boston Celtics|Portland Trail Blazers,PHI|NOP|MIL|BOS|POR,朱-霍勒迪
203200,Justin Holiday,Philadelphia 76ers|Golden State Warriors|Atlanta Hawks|Chicago Bulls|New York Knicks|Memphis Grizzlies|Indiana Pacers|Sacramento Kings|Dallas Mavericks|Denver Nuggets,PHI|GSW|ATL|CHI|NYK|MEM|IND|SAC|DAL|DEN,贾斯汀-霍勒迪
77040,Brad Holland,Los Angeles Lakers|Milwaukee Bucks|Washington Wizards,LAL|MIL|WAS,布拉德-霍尔兰德
204066,John Holland,Cleveland Cavaliers,CLE,约翰-霍兰德
77042,Wilbur Holland,Atlanta Hawks|Chicago Bulls,ATL|CHI,维尔布尔-霍尔兰德
1641842,Ronald Holland II,Detroit Pistons,DET,罗纳德-霍尔兰德-二世
77043,Lionel Hollins,Portland Trail Blazers|Philadelphia 76ers|LA Clippers|Detroit Pistons|Houston Rockets,POR|PHI|LAC|DET|HOU,利奥内尔-霍林斯
200797,Ryan Hollins,Charlotte Hornets|Dallas Mavericks|Minnesota Timberwolves|Cleveland Cavaliers|Boston Celtics|LA Clippers|Sacramento Kings|Washington Wizards|Memphis Grizzlies,CHA|DAL|MIN|CLE|BOS|LAC|SAC|WAS|MEM,莱恩-霍林斯
1626178,Rondae Hollis-Jefferson,Brooklyn Nets|Toronto Raptors|Portland Trail Blazers,BKN|TOR|POR,罗恩达-霍尔利斯-杰弗森
1626158,Richaun Holmes,Philadelphia 76ers|Phoenix Suns|Sacramento Kings|Dallas Mavericks|Washington Wizards,PHI|PHX|SAC|DAL|WAS,里奇奥恩-霍尔梅斯
1631096,Chet Holmgren,Oklahoma City Thunder,OKC,切特-霍姆格伦
77045,Jim Holstein,Los Angeles Lakers|Detroit Pistons,LAL|DET,吉姆-霍尔斯特伊恩
77047,Michael Holton,Phoenix Suns|Chicago Bulls|Portland Trail Blazers|Charlotte Hornets,PHX|CHI|POR|CHA,迈克尔-霍尔顿
77049,Joe Holup,Philadelphia 76ers|Detroit Pistons,PHI|DET,乔-霍卢普
77050,Red Holzman,Sacramento Kings|Atlanta Hawks,SAC|ATL,雷德-霍尔兹曼
1532,Jerald Honeycutt,Milwaukee Bucks|Philadelphia 76ers,MIL|PHI,杰拉尔德-霍内伊库特特
202715,Tyler Honeycutt,Sacramento Kings,SAC,泰勒-哈尼卡特
203918,Rodney Hood,Utah Jazz|Cleveland Cavaliers|Portland Trail Blazers|Toronto Raptors|Milwaukee Bucks|LA Clippers,UTA|CLE|POR|TOR|MIL|LAC,罗德尼-霍奥德
1641720,Jalen Hood-Schifino,Los Angeles Lakers|Philadelphia 76ers,LAL|PHI,杰伦-霍奥德-斯克伊菲诺
77051,Tom Hoover,New York Knicks|Atlanta Hawks,NYK|ATL,汤姆-霍奥维尔
77052,Bob Hopkins,Philadelphia 76ers,PHI,鲍勃-霍普基恩斯
77053,Dave Hoppen,Milwaukee Bucks|Golden State Warriors|Charlotte Hornets|Philadelphia 76ers|Brooklyn Nets,MIL|GSW|CHA|PHI|BKN,戴夫-霍普佩恩
77054,Dennis Hopson,Brooklyn Nets|Chicago Bulls|Sacramento Kings,BKN|CHI|SAC,丹尼斯-霍普森
203816,Scotty Hopson,Cleveland Cavaliers|Dallas Mavericks|Oklahoma City Thunder,CLE|DAL|OKC,斯科特特伊-霍普森
77056,Cedrick Hordges,Denver Nuggets,DEN,塞德里克-霍尔德杰斯
201143,Al Horford,Atlanta Hawks|Boston Celtics|Philadelphia 76ers|Oklahoma City Thunder|Golden State Warriors,ATL|BOS|PHI|OKC|GSW,艾尔-霍福德
77057,Tito Horford,Milwaukee Bucks|Washington Wizards,MIL|WAS,蒂托-霍尔福德
77058,Ron Horn,Atlanta Hawks|Los Angeles Lakers,ATL|LAL,罗恩-霍尔恩
204,Jeff Hornacek,Phoenix Suns|Philadelphia 76ers|Utah Jazz,PHX|PHI|UTA,杰夫-霍尔纳塞克
109,Robert Horry,Houston Rockets|Phoenix Suns|Los Angeles Lakers|San Antonio Spurs,HOU|PHX|LAL|SAS,罗伯特-霍尔伊
1629659,Talen Horton-Tucker,Los Angeles Lakers|Utah Jazz|Chicago Bulls,LAL|UTA|CHI,塔伦-霍尔顿-塔克
77061,Wilmer Hosket,New York Knicks|LA Clippers,NYK|LAC,沃伊尔默-赫奥斯克埃特
77062,Bob Houbregs,Detroit Pistons,DET,鲍勃-霍布雷格斯
2067,Eddie House,Miami Heat|LA Clippers|Charlotte Hornets|Milwaukee Bucks|Sacramento Kings|Phoenix Suns|Brooklyn Nets|Boston Celtics|New York Knicks,MIA|LAC|CHA|MIL|SAC|PHX|BKN|BOS|NYK,埃迪-豪斯
1627863,Danuel House Jr.,Washington Wizards|Phoenix Suns|Houston Rockets|New York Knicks|Utah Jazz|Philadelphia 76ers,WAS|PHX|HOU|NYK|UTA|PHI,达努伊尔-豪斯
1631216,Caleb Houstan,Orlando Magic|Atlanta Hawks,ORL|ATL,卡勒布-霍乌斯塔恩
275,Allan Houston,Detroit Pistons|New York Knicks,DET|NYK,阿兰-休斯顿
780,Byron Houston,Golden State Warriors|Oklahoma City Thunder|Sacramento Kings,GSW|OKC|SAC,拜伦-休斯顿
77065,Brian Howard,Dallas Mavericks,DAL,布莱恩-霍华德
2730,Dwight Howard,Orlando Magic|Los Angeles Lakers|Houston Rockets|Atlanta Hawks|Charlotte Hornets|Washington Wizards|Philadelphia 76ers,ORL|LAL|HOU|ATL|CHA|WAS|PHI,德怀特-霍华德
77066,Greg Howard,Phoenix Suns|Cleveland Cavaliers,PHX|CLE,格雷格-霍华德
1641724,Jett Howard,Orlando Magic,ORL,杰特特-霍华德
2572,Josh Howard,Dallas Mavericks|Washington Wizards|Utah Jazz|Minnesota Timberwolves,DAL|WAS|UTA|MIN,约什-霍华德
436,Juwan Howard,Washington Wizards|Dallas Mavericks|Denver Nuggets|Orlando Magic|Houston Rockets|Charlotte Hornets|Portland Trail Blazers|Miami Heat,WAS|DAL|DEN|ORL|HOU|CHA|POR|MIA,朱万-霍华德
1630210,Markus Howard,Denver Nuggets,DEN,马尔库斯-霍华德
77067,Mo Howard,Cleveland Cavaliers|Utah Jazz,CLE|UTA,莫-霍华德
77069,Otis Howard,Milwaukee Bucks|Detroit Pistons,MIL|DET,奥特伊斯-霍华德
1128,Stephen Howard,Utah Jazz|San Antonio Spurs|Oklahoma City Thunder,UTA|SAS|OKC,斯蒂芬-霍华德
77070,Bailey Howell,Detroit Pistons|Washington Wizards|Boston Celtics|Philadelphia 76ers,DET|WAS|BOS|PHI,贝利-豪厄尔
77071,Phil Hubbard,Detroit Pistons|Cleveland Cavaliers,DET|CLE,菲尔-胡布布阿尔德
201991,Lester Hudson,Boston Celtics|Memphis Grizzlies|Washington Wizards|Cleveland Cavaliers|LA Clippers,BOS|MEM|WAS|CLE|LAC,莱斯特-哈德森
77074,Lou Hudson,Atlanta Hawks|Los Angeles Lakers,ATL|LAL,卢-哈德森
1607,Troy Hudson,Utah Jazz|LA Clippers|Orlando Magic|Minnesota Timberwolves|Golden State Warriors,UTA|LAC|ORL|MIN|GSW,特洛伊-哈德森
1626273,Marcelo Huertas,Los Angeles Lakers,LAL,马尔塞洛-胡伊尔塔斯
1628989,Kevin Huerter,Atlanta Hawks|Sacramento Kings|Chicago Bulls|Detroit Pistons,ATL|SAC|CHI|DET,凯文-赫尔特
203962,Josh Huestis,Oklahoma City Thunder,OKC,约什-胡伊斯蒂斯
1630643,Jay Huff,Los Angeles Lakers|Washington Wizards|Denver Nuggets|Memphis Grizzlies|Indiana Pacers,LAL|WAS|DEN|MEM|IND,杰伊-胡夫夫
77077,Eddie Hughes,Utah Jazz|Denver Nuggets,UTA|DEN,埃迪-休斯
1630190,Elijah Hughes,Utah Jazz|Portland Trail Blazers,UTA|POR,伊利贾赫-休斯
77078,Kim Hughes,Brooklyn Nets|Denver Nuggets|Cleveland Cavaliers,BKN|DEN|CLE,基姆-休斯
1716,Larry Hughes,Philadelphia 76ers|Golden State Warriors|Washington Wizards|Cleveland Cavaliers|Chicago Bulls|New York Knicks|Charlotte Hornets|Orlando Magic,PHI|GSW|WAS|CLE|CHI|NYK|CHA|ORL,拉里-休斯
1630574,Ariel Hukporti,New York Knicks,NYK,阿尔伊尔-胡克波尔蒂
203133,Robbie Hummel,Minnesota Timberwolves,MIN,罗布比-胡姆梅尔
77080,John Hummer,LA Clippers|Chicago Bulls|Oklahoma City Thunder,LAC|CHI|OKC,约翰-胡姆梅尔
2415,Ryan Humphrey,Orlando Magic|Memphis Grizzlies,ORL|MEM,莱恩-胡姆夫雷伊
77081,Jay Humphries,Phoenix Suns|Milwaukee Bucks|Utah Jazz|Boston Celtics,PHX|MIL|UTA|BOS,杰伊-汉弗里斯
2743,Kris Humphries,Utah Jazz|Toronto Raptors|Dallas Mavericks|Brooklyn Nets|Boston Celtics|Washington Wizards|Phoenix Suns|Atlanta Hawks,UTA|TOR|DAL|BKN|BOS|WAS|PHX|ATL,克里斯-汉弗里斯
77082,Rod Hundley,Los Angeles Lakers,LAL,罗德-赫乌恩德利
2599,Brandon Hunter,Boston Celtics|Orlando Magic,BOS|ORL,布兰登-亨特
1629631,De'Andre Hunter,Atlanta Hawks|Cleveland Cavaliers|Sacramento Kings,ATL|CLE|SAC,德安德烈-亨特
283,Lindsey Hunter,Detroit Pistons|Milwaukee Bucks|Los Angeles Lakers|Toronto Raptors|Chicago Bulls,DET|MIL|LAL|TOR|CHI,林赛-亨特
201629,Othello Hunter,Atlanta Hawks,ATL,奥思尔奥-亨特
1626154,RJ Hunter,Boston Celtics|Chicago Bulls|Houston Rockets,BOS|CHI|HOU,RJ-亨特
2212,Steven Hunter,Orlando Magic|Phoenix Suns|Philadelphia 76ers|Denver Nuggets|Memphis Grizzlies,ORL|PHX|PHI|DEN|MEM,史蒂文-亨特
310,Bobby Hurley,Sacramento Kings|Memphis Grizzlies,SAC|MEM,博比-胡尔利
77087,Geoff Huston,New York Knicks|Dallas Mavericks|Cleveland Cavaliers|Golden State Warriors|LA Clippers,NYK|DAL|CLE|GSW|LAC,杰奥夫夫-胡斯顿
77089,Mel Hutchins,Atlanta Hawks|Detroit Pistons|New York Knicks,ATL|DET|NYK,梅尔-胡特奇伊恩斯
1628990,Chandler Hutchison,Chicago Bulls|Washington Wizards|Phoenix Suns,CHI|WAS|PHX,钱德勒-胡特奇伊森
77090,Joe Hutton,Los Angeles Lakers,LAL,乔-胡特顿
1630538,Bones Hyland,Denver Nuggets|LA Clippers|Minnesota Timberwolves,DEN|LAC|MIN,博恩斯-海兰德
77092,Marc Iavaroni,Philadelphia 76ers|San Antonio Spurs|Utah Jazz,PHI|SAS|UTA,马克-伊阿瓦罗尼
201586,Serge Ibaka,Oklahoma City Thunder|Orlando Magic|Toronto Raptors|LA Clippers|Milwaukee Bucks,OKC|ORL|TOR|LAC|MIL,塞尔格-伊布阿卡
1642345,Oso Ighodaro,Phoenix Suns,PHX,奥索-伊格霍达罗
2738,Andre Iguodala,Philadelphia 76ers|Denver Nuggets|Golden State Warriors|Miami Heat,PHI|DEN|GSW|MIA,安德烈-伊戈达拉
980,Zydrunas Ilgauskas,Cleveland Cavaliers|Miami Heat,CLE|MIA,兹伊德鲁纳斯-伊尔加乌斯卡斯
101141,Ersan Ilyasova,Milwaukee Bucks|Detroit Pistons|Orlando Magic|Oklahoma City Thunder|Philadelphia 76ers|Atlanta Hawks|Utah Jazz,MIL|DET|ORL|OKC|PHI|ATL|UTA,伊尔萨恩-伊利阿斯奥瓦
77093,Darrall Imhoff,New York Knicks|Detroit Pistons|Los Angeles Lakers|Philadelphia 76ers|Sacramento Kings|Portland Trail Blazers,NYK|DET|LAL|PHI|SAC|POR,达尔拉尔-伊姆霍夫夫
204060,Joe Ingles,Utah Jazz|Milwaukee Bucks|Orlando Magic|Minnesota Timberwolves,UTA|MIL|ORL|MIN,乔-英格尔斯
201281,Andre Ingram,Los Angeles Lakers,LAL,安德烈-英格拉姆
1627742,Brandon Ingram,Los Angeles Lakers|New Orleans Pelicans|Toronto Raptors,LAL|NOP|TOR,布兰登-英格拉姆
1631127,Harrison Ingram,San Antonio Spurs,SAS,哈里森-伊恩格拉姆
77096,Byron Irvin,Portland Trail Blazers|Washington Wizards,POR|WAS,拜伦-伊尔维恩
202681,Kyrie Irving,Cleveland Cavaliers|Boston Celtics|Brooklyn Nets|Dallas Mavericks,CLE|BOS|BKN|DAL,凯里-欧文
1628371,Jonathan Isaac,Orlando Magic,ORL,乔纳森-艾萨克
77097,Dan Issel,Denver Nuggets,DEN,丹-伊斯塞尔
77098,Mike Iuzzolino,Dallas Mavericks,DAL,迈克-伊乌兹佐林奥
947,Allen Iverson,Philadelphia 76ers|Denver Nuggets|Detroit Pistons|Memphis Grizzlies,PHI|DEN|DET|MEM,阿伦-艾弗森
1631093,Jaden Ivey,Detroit Pistons|Chicago Bulls,DET|CHI,杰登-艾维
2767,Royal Ivey,Atlanta Hawks|Milwaukee Bucks|Philadelphia 76ers|Oklahoma City Thunder,ATL|MIL|PHI|OKC,罗耶尔-伊维伊
1628411,Wes Iwundu,Orlando Magic|Dallas Mavericks|New Orleans Pelicans|Atlanta Hawks,ORL|DAL|NOP|ATL,韦斯-伊瓦乌恩杜
101127,Jarrett Jack,Portland Trail Blazers|Indiana Pacers|Toronto Raptors|New Orleans Pelicans|Golden State Warriors|Cleveland Cavaliers|Brooklyn Nets|New York Knicks,POR|IND|TOR|NOP|GSW|CLE|BKN|NYK,贾勒特-杰克
1517,Bobby Jackson,Denver Nuggets|Minnesota Timberwolves|Sacramento Kings|Memphis Grizzlies|New Orleans Pelicans|Houston Rockets,DEN|MIN|SAC|MEM|NOP|HOU,博比-杰克逊
202132,Cedric Jackson,Cleveland Cavaliers|San Antonio Spurs|Washington Wizards,CLE|SAS|WAS,塞德里克-杰克逊
201616,Darnell Jackson,Cleveland Cavaliers|Milwaukee Bucks|Sacramento Kings,CLE|MIL|SAC,达内尔-杰克逊
1627743,Demetrius Jackson,Boston Celtics|Houston Rockets|Philadelphia 76ers,BOS|HOU|PHI,德埃姆埃特里乌斯-杰克逊
1628402,Frank Jackson,New Orleans Pelicans|Detroit Pistons|Utah Jazz,NOP|DET|UTA,弗兰克-杰克逊
1641713,GG Jackson,Memphis Grizzlies,MEM,GG-杰克逊
77101,Greg Jackson,New York Knicks|Phoenix Suns,NYK|PHX,格雷格-杰克逊
1630543,Isaiah Jackson,Indiana Pacers|LA Clippers,IND|LAC,以赛亚-杰克逊
1114,Jaren Jackson,Brooklyn Nets|Golden State Warriors|LA Clippers|Portland Trail Blazers|Philadelphia 76ers|Houston Rockets|Washington Wizards|San Antonio Spurs|Orlando Magic,BKN|GSW|LAC|POR|PHI|HOU|WAS|SAS|ORL,小贾伦-杰克逊
1983,Jermaine Jackson,Detroit Pistons|Toronto Raptors|Atlanta Hawks|New York Knicks|Milwaukee Bucks,DET|TOR|ATL|NYK|MIL,杰梅因-杰克逊
754,Jim Jackson,Dallas Mavericks|Brooklyn Nets|Philadelphia 76ers|Golden State Warriors|Portland Trail Blazers|Atlanta Hawks|Cleveland Cavaliers|Miami Heat|Sacramento Kings|Houston Rockets|Phoenix Suns|Los Angeles Lakers,DAL|BKN|PHI|GSW|POR|ATL|CLE|MIA|SAC|HOU|PHX|LAL,吉姆-杰克逊
1628367,Josh Jackson,Phoenix Suns|Memphis Grizzlies|Detroit Pistons|Sacramento Kings,PHX|MEM|DET|SAC,约什-杰克逊
1628382,Justin Jackson,Sacramento Kings|Dallas Mavericks|Oklahoma City Thunder|Milwaukee Bucks|Boston Celtics|Phoenix Suns|Minnesota Timberwolves,SAC|DAL|OKC|MIL|BOS|PHX|MIN,贾斯汀-杰克逊
77103,Lucious Jackson,Philadelphia 76ers,PHI,尔乌克伊奥乌斯-杰克逊
2739,Luke Jackson,Cleveland Cavaliers|LA Clippers|Toronto Raptors|Miami Heat,CLE|LAC|TOR|MIA,卢克-杰克逊
1531,Marc Jackson,Golden State Warriors|Minnesota Timberwolves|Philadelphia 76ers|Brooklyn Nets|New Orleans Pelicans,GSW|MIN|PHI|BKN|NOP,马克-杰克逊
349,Mark Jackson,New York Knicks|LA Clippers|Indiana Pacers|Denver Nuggets|Toronto Raptors|Utah Jazz|Houston Rockets,NYK|LAC|IND|DEN|TOR|UTA|HOU,马克-杰克逊
77104,Michael Jackson,Sacramento Kings,SAC,迈克尔-杰克逊
77106,Phil Jackson,New York Knicks|Brooklyn Nets,NYK|BKN,菲尔-杰克逊
1631245,Quenton Jackson,Washington Wizards|Indiana Pacers,WAS|IND,奎伊恩顿-杰克逊
1872,Randell Jackson,Washington Wizards|Dallas Mavericks,WAS|DAL,尔德尔-杰克逊
202704,Reggie Jackson,Oklahoma City Thunder|Detroit Pistons|LA Clippers|Denver Nuggets|Philadelphia 76ers,OKC|DET|LAC|DEN|PHI,雷吉-杰克逊
1536,Stephen Jackson,Brooklyn Nets|San Antonio Spurs|Atlanta Hawks|Indiana Pacers|Golden State Warriors|Charlotte Hornets|Milwaukee Bucks|LA Clippers,BKN|SAS|ATL|IND|GSW|CHA|MIL|LAC,斯蒂芬-杰克逊
77110,Tracy Jackson,Boston Celtics|Chicago Bulls|Indiana Pacers,BOS|CHI|IND,特雷西-杰克逊
1641748,Andre Jackson Jr.,Milwaukee Bucks,MIL,安德烈-杰克逊
1628991,Jaren Jackson Jr.,Memphis Grizzlies|Utah Jazz,MEM|UTA,小贾伦-杰克逊
1631218,Trayce Jackson-Davis,Golden State Warriors|Toronto Raptors,GSW|TOR,特拉伊克-杰克逊-戴维斯
2418,Casey Jacobsen,Phoenix Suns|New Orleans Pelicans|Memphis Grizzlies,PHX|NOP|MEM,卡塞伊-贾科布森
1734,Sam Jacobson,Los Angeles Lakers|Golden State Warriors|Minnesota Timberwolves,LAL|GSW|MIN,萨姆-贾科布森
77114,Dave Jamerson,Houston Rockets|Utah Jazz|Brooklyn Nets,HOU|UTA|BKN,戴夫-贾梅尔森
77115,Aaron James,Utah Jazz,UTA,阿隆-詹姆斯
203108,Bernard James,Dallas Mavericks,DAL,伯纳德-詹姆斯
1642355,Bronny James,Los Angeles Lakers,LAL,布罗恩恩伊-詹姆斯
202345,Damion James,Brooklyn Nets|San Antonio Spurs,BKN|SAS,达米奥恩-詹姆斯
77116,Gene James,New York Knicks,NYK,吉恩-詹姆斯
1080,Henry James,Cleveland Cavaliers|Sacramento Kings|Utah Jazz|LA Clippers|Houston Rockets|Atlanta Hawks,CLE|SAC|UTA|LAC|HOU|ATL,亨利-詹姆斯
1744,Jerome James,Sacramento Kings|Oklahoma City Thunder|New York Knicks,SAC|OKC|NYK,杰罗姆-詹姆斯
1629713,Justin James,Sacramento Kings,SAC,贾斯汀-詹姆斯
2544,LeBron James,Cleveland Cavaliers|Miami Heat|Los Angeles Lakers,CLE|MIA|LAL,勒布朗-詹姆斯
2229,Mike James,Miami Heat|Boston Celtics|Detroit Pistons|Milwaukee Bucks|Houston Rockets|Toronto Raptors|Minnesota Timberwolves|New Orleans Pelicans|Washington Wizards|Chicago Bulls|Dallas Mavericks,MIA|BOS|DET|MIL|HOU|TOR|MIN|NOP|WAS|CHI|DAL,迈克-詹姆斯
1628455,Mike James,Phoenix Suns|New Orleans Pelicans|Brooklyn Nets,PHX|NOP|BKN,迈克-詹姆斯
1906,Tim James,Miami Heat|Charlotte Hornets|Philadelphia 76ers,MIA|CHA|PHI,蒂姆-詹姆斯
1712,Antawn Jamison,Golden State Warriors|Dallas Mavericks|Washington Wizards|Cleveland Cavaliers|Los Angeles Lakers|LA Clippers,GSW|DAL|WAS|CLE|LAL|LAC,安托万-贾米森
1942,Harold Jamison,Miami Heat|LA Clippers,MIA|LAC,哈罗德-贾米森
77120,John Janisch,Boston Celtics,BOS,约翰-杰阿恩伊斯奇
1631170,Jaime Jaquez Jr.,Miami Heat,MIA,贾伊姆-贾奎伊兹
2060,Marko Jaric,LA Clippers|Minnesota Timberwolves|Memphis Grizzlies,LAC|MIN|MEM,姆阿尔克奥-杰阿尔伊克
77123,Tony Jaros,Los Angeles Lakers,LAL,托尼-贾罗斯
1630610,DeJon Jarreau,Indiana Pacers|Memphis Grizzlies,IND|MEM,德乔恩-贾尔雷奥
101180,Sarunas Jasikevicius,Indiana Pacers|Golden State Warriors,IND|GSW,萨鲁纳斯-杰阿斯伊克埃夫伊克伊乌斯
77126,Abdul Jeelani,Portland Trail Blazers|Dallas Mavericks,POR|DAL,阿卜杜勒-吉拉尼
76797,Ed Gayda,,,埃德-加伊达
1627771,Michael Gbinije,,,迈克尔-格布伊恩伊杰埃
76805,Gorham Getchell,,,格奥尔赫阿姆-格埃特奇尔
76808,Dee Gibson,,,迪-吉布森
76809,Mel Gibson,,,梅尔-吉布森
201821,Trey Gilder,,,特雷-格伊尔德
76812,Ben Gillery,,,本-格伊勒伊
76813,Gene Gillette,,,吉恩-格伊尔埃特埃
76817,Walt Gilmore,,,沃尔特-吉尔摩
76818,Chuck Gilmur,,,查克-格伊尔姆乌尔
76820,George Glamack,,,乔治-格尔阿姆阿克
76823,Norman Glick,,,诺曼-格尔克
76824,Georgi Glouchkov,,,杰奥尔吉-格洛乌奇科夫
76825,Clarence Glover,,,克拉伦斯-格洛弗
2601,Andreas Glyniadakis,,,德尔埃阿斯-格尔伊恩伊阿德阿克伊斯
76829,Ben Goldfaden,,,本-格奥尔德弗阿德埃恩
1642884,Vladislav Goldin,,,夫拉迪斯拉夫-戈尔迪恩
1642864,Hugo González,,,胡戈-戈恩扎勒兹
76833,Wilfred Goodwin,,,威尔弗雷德-古德温
204079,Drew Gordon,,,德鲁-戈登
76835,Paul Gordon,,,保罗-戈登
1641789,Jazian Gortman,,,贾齐安-戈尔特曼
76837,Bato Govedarica,,,布阿特奥-格奥夫埃德阿尔伊克阿
76839,Ricky Grace,,,里基-格尔阿克埃
76841,Orlando Graham,,,奥兰多-格雷厄姆
76844,Jim Grandholm,,,吉姆-格尔德赫奥尔姆
76852,Josh Grant,,,约什-格兰特
1629055,Donte Grantham,,,唐特-格尔阿恩思阿姆
76854,Don Grate,,,唐-格尔阿特埃
76855,Butch Graves,,,布乌特奇-格雷夫斯
1629755,Hassani Gravett,,,哈斯萨尼-格拉维特特
1026,Evric Gray,,,埃夫尔伊克-格雷
76859,Gary Gray,,,加里-格雷
1643060,Hayden Gray,,,哈伊登-格雷
76862,Sylvester Gray,,,斯伊尔维斯特尔-格雷
101209,Devin Green,,,德文-格林
76868,Ken Green,,,肯-格林
76872,Luther Green,,,尔乌思埃尔-格林
76879,Tommy Green,,,汤米-格林
2696,Lynn Greer,,,利恩恩-格里尔
76885,John Greig,,,约翰-格尔埃伊格
76886,Norm Grekin,,,诺姆-格尔埃克伊恩
76888,Greg Griffin,,,格雷格-格里芬
201981,Taylor Griffin,,,泰勒-格里芬
76891,Chuck Grigsby,,,查克-格尔伊格斯布伊
1575,Derek Grimm,,,德里克-格尔伊姆姆
76893,George Grimshaw,,,乔治-格尔伊姆什阿沃
76894,Dick Groat,,,迪克-格尔奥阿特
76896,Jerry Grote,,,杰里-格尔奥特埃
76897,Alex Groza,,,阿莱士-格罗扎
101219,Anthony Grundy,,,安东尼-格尔乌恩德伊
1629741,Marko Guduric,,,姆阿尔克奥-格乌德乌尔伊克
76905,Coulby Gunther,,,克奥乌尔布伊-格乌恩思埃尔
76906,Dave Gunther,,,戴夫-格乌恩思埃尔
76909,Matt Guokas,,,马特-古奥卡斯
76913,Glenn Hagan,,,格伦恩-赫阿格阿恩
76914,Bob Hahn,,,鲍勃-哈恩
76917,Lindsay Hairston,,,林德萨伊-哈伊尔斯顿
1628985,Devon Hall,,,德埃夫奥恩-霍尔
1631160,Jordan Hall,,,乔丹-霍尔
1630221,Josh Hall,,,约什-霍尔
200837,Mike Hall,,,迈克-霍尔
1629788,Tyler Hall,,,泰勒-霍尔
984,Steve Hamer,,,史蒂夫-哈梅尔
76925,Dale Hamilton,,,戴尔-汉密尔顿
2347,Tang Hamilton,,,特阿恩-汉密尔顿
1627773,AJ Hammons,,,阿杰-赫阿姆蒙斯
76938,Don Hanrahan,,,唐-汉拉汉
76939,Rollen Hans,,,尔奥尔伦-赫阿恩斯
203162,Ben Hansbrough,,,本-赫阿恩斯布尔奥乌格赫
76941,Lars Hansen,,,尔阿尔斯-赫阿恩斯埃恩
2580,Travis Hansen,,,特拉维斯-汉森
1682,Reggie Hanson,,,雷吉-赫阿恩森
76950,Jerry Harkness,,,杰里-赫阿尔恩埃斯
76951,Skip Harlicka,,,斯克伊普-赫阿尔尔克阿
76952,Jerome Harmon,,,杰罗姆-哈蒙
1642844,Dylan Harper,,,德伊拉恩-哈珀
76957,Bernie Harris,,,伯恩伊-哈里斯
76958,Chris Harris,,,克里斯-哈里斯
203548,Elias Harris,,,埃尔伊阿斯-哈里斯
1630223,Jalen Harris,,,杰伦-哈里斯
1626151,Aaron Harrison,,,阿龙-哈里森
202238,Kenny Hasbrouck,,,肯尼-赫阿斯布尔奥乌克
321,Scott Haskin,,,斯科特-哈斯金
1038,Juaquin Hawkins,,,朱阿奎伊恩-霍金斯
76974,Marshall Hawkins,,,马歇尔-霍金斯
76982,John W. Hazen,,,约翰-赫阿兹埃恩
76984,Brian Heaney,,,布赖恩-希尼
203687,Reggie Hearn,,,雷吉-赫埃阿尔恩
76986,Herm Hedderick,,,赫埃尔姆-赫埃德德克
76987,Alvin Heggs,,,阿尔文-赫格斯
76991,Dave Henderson,,,戴夫-亨德森
1764,J.R. Henderson,,,亨德森
76998,Larry Hennessy,,,拉里-赫恩内斯伊
1630565,Aaron Henry,,,阿隆-亨利
77001,Carl Henry,,,卡尔-亨利
1627988,Myke Henry,,,姆伊克埃-亨利
77003,Skeeter Henry,,,斯克埃埃特-亨利
1642935,Chucky Hepburn,,,查基-赫普布尔恩
77006,Bill Herman,,,比尔-赫尔曼
1629608,Dewan Hernandez,,,德万-赫埃尔恩德埃兹
1628987,Kevin Hervey,,,凯文-赫埃尔夫埃伊
77014,Jack Hewson,,,杰克-赫埃沃森
77016,Matthew Hickey,,,马修-赫克埃伊
77025,Cleo Hill,,,克勒奥-希尔
201195,Herbert Hill,,,赫伯特-希尔
201631,Steven Hill,,,斯蒂文-希尔
1642396,Blake Hinson,,,布雷克-希恩森
77031,Mel Hirsch,,,梅尔-赫伊尔斯奇
200823,Robert Hite,,,罗伯特-赫伊特埃
202359,Darington Hobson,,,德阿尔伊恩顿-赫奥布森
1641793,D'Moi Hodge,,,德莫伊-霍德格
77037,Bob Hogsett,,,鲍勃-赫奥格斯特
77039,Doug Holcomb,,,道格-霍尔库姆
2450,Randy Holcomb,,,兰迪-霍尔库姆
77041,Joe Holland,,,乔-霍兰德
77044,Essie Hollis,,,埃斯伊-赫奥尔伊斯
1641747,DaRon Holmes II,,,达龙-霍姆斯
77046,Alvin Holt,,,阿尔文-霍尔特
77048,Dick Holub,,,迪克-赫奥尔乌布
1630258,Caleb Homesley,,,迦勒-赫奥姆埃斯利
1967,Derek Hood,,,德里克-胡德
77055,Johnny Horan,,,约翰尼-赫奥尔阿恩
202862,Dennis Horner,,,丹尼斯-赫奥尔纳
77060,Ed Horton,,,埃德-霍尔顿
77064,Tom Hovasse,,,汤姆-赫奥夫阿斯
1629739,William Howard,,,威廉-霍华德
77072,Bob Hubbard,,,鲍勃-哈伯德
1631309,Trevor Hudgins,,,特雷沃-胡德吉恩斯
1572,Nate Huffman,,,内特-赫乌弗弗曼
77076,Alfredrick Hughes,,,阿尔夫雷德里克-休斯
1965,Rick Hughes,,,里克-休斯
1629353,Isaac Humphries,,,艾萨克-汉弗莱斯
1630624,Feron Hunt,,,费罗恩-胡恩特
77083,Cedric Hunter,,,塞德里克-亨特
201805,Chris Hunter,,,克里斯-亨特
77084,Les Hunter,,,莱斯-亨特
1626205,Vincent Hunter,,,文森特-亨特
1643047,CJ Huntley,,,CJ-胡恩特利
77086,Roy Hurley,,,罗伊-赫利
1630562,Matt Hurt,,,马特-胡尔特
77088,Paul Huston,,,保罗-赫乌斯顿
77091,Greg Hyder,,,格雷格-赫伊德尔
101148,Mile Ilic,,,姆伊尔埃-伊尔伊克
77094,Tom Ingelsby,,,汤姆-伊恩杰尔斯布伊
203996,Damien Inglis,,,德阿姆伊埃恩-伊恩尔伊斯
77095,Joel Ingram,,,乔尔-英格拉姆
1628935,Aaron Jackson,,,阿龙-杰克逊
77099,Al Jackson,,,阿尔-杰克逊
77105,Myron Jackson,,,迈伦-杰克逊
203510,Pierre Jackson,,,皮埃尔-杰克逊
77107,Ralph Jackson,,,拉尔夫-杰克逊
77109,Stanley Jackson,,,斯坦利-杰克逊
77100,Tony Jackson,,,托尼-杰克逊
77111,Wardell Jackson,,,瓦尔德尔-杰克逊
77112,Winfred Jacobs,,,沃伊恩弗尔埃德-杰阿克奥布斯
1642857,Kasparas Jakučionis,,,卡斯帕拉斯-贾库西奥尼斯
1642883,Sion James,,,西奥恩-詹姆斯
77122,Howie Janotta,,,豪伊-杰阿恩奥特阿
201605,Nathan Jawai,,,纳斯安-贾瓦伊
77125,Buddy Jeannette,,,布乌德伊-杰伊恩埃特埃
2423,Chris Jefferies,Toronto Raptors|Chicago Bulls,TOR|CHI,克里斯-杰夫费里伊斯
201785,Othyus Jeffers,Utah Jazz|San Antonio Spurs|Washington Wizards|Minnesota Timberwolves,UTA|SAS|WAS|MIN,奥思伊乌斯-杰埃夫尔斯
2744,Al Jefferson,Boston Celtics|Minnesota Timberwolves|Utah Jazz|Charlotte Hornets|Indiana Pacers,BOS|MIN|UTA|CHA|IND,艾尔-杰弗森
1628518,Amile Jefferson,Orlando Magic,ORL,阿姆伊尔埃-杰弗森
203928,Cory Jefferson,Brooklyn Nets|Phoenix Suns,BKN|PHX,科里-杰弗森
200971,Dontell Jefferson,,,德奥恩特尔-杰弗森
2210,Richard Jefferson,Brooklyn Nets|Milwaukee Bucks|San Antonio Spurs|Golden State Warriors|Utah Jazz|Dallas Mavericks|Cleveland Cavaliers|Denver Nuggets,BKN|MIL|SAS|GSW|UTA|DAL|CLE|DEN,理查德-杰弗森
1629610,DaQuan Jeffries,Sacramento Kings|Houston Rockets|Memphis Grizzlies|New York Knicks|Charlotte Hornets,SAC|HOU|MEM|NYK|CHA,达奎安-杰弗里斯
2407,Jared Jeffries,Washington Wizards|New York Knicks|Houston Rockets|Portland Trail Blazers,WAS|NYK|HOU|POR,贾里德-杰弗里斯
1641998,Trey Jemison III,Washington Wizards|Memphis Grizzlies|New Orleans Pelicans|Los Angeles Lakers|New York Knicks,WAS|MEM|NOP|LAL|NYK,特雷-杰米森-三世
202724,Charles Jenkins,Golden State Warriors|Philadelphia 76ers,GSW|PHI,查尔斯-杰恩基恩斯
1642450,Daniss Jenkins,Detroit Pistons,DET,达尼斯-杰恩基恩斯
2798,Horace Jenkins,,,赫奥尔阿克埃-詹金斯
203098,John Jenkins,Atlanta Hawks|Dallas Mavericks|Phoenix Suns|Washington Wizards|New York Knicks,ATL|DAL|PHX|WAS|NYK,约翰-杰恩基恩斯
201943,Brandon Jennings,Milwaukee Bucks|Detroit Pistons|Orlando Magic|New York Knicks|Washington Wizards,MIL|DET|ORL|NYK|WAS,布兰登-詹宁斯
24,Keith Jennings,Golden State Warriors,GSW,基思-杰恩尼恩格斯
1137,Chris Jent,Houston Rockets|New York Knicks,HOU|NYK,克里斯-杰埃恩特
77129,Les Jepsen,Golden State Warriors|Sacramento Kings,GSW|SAC,勒斯-杰普森
201973,Jonas Jerebko,Detroit Pistons|Boston Celtics|Utah Jazz|Golden State Warriors,DET|BOS|UTA|GSW,约纳斯-杰雷布科
1629660,Ty Jerome,Phoenix Suns|Oklahoma City Thunder|Golden State Warriors|Cleveland Cavaliers|Memphis Grizzlies,PHX|OKC|GSW|CLE|MEM,泰-杰罗姆
201998,Curtis Jerrells,,,柯蒂斯-杰埃尔尔尔斯
203511,Grant Jerrett,Oklahoma City Thunder|Utah Jazz,OKC|UTA,格兰特-杰埃尔尔特
200817,Pooh Jeter,,,普奥奥赫-杰埃特
1630198,Isaiah Joe,Philadelphia 76ers|Oklahoma City Thunder,PHI|OKC,以赛亚-乔
2639,Britton Johnsen,Orlando Magic|Indiana Pacers,ORL|IND,布尔伊特顿-约恩斯埃恩
1642358,AJ Johnson,Milwaukee Bucks|Washington Wizards|Dallas Mavericks,MIL|WAS|DAL,AJ-约翰逊
200792,Alexander Johnson,Memphis Grizzlies|Miami Heat,MEM|MIA,亚历山大-约翰逊
1628993,Alize Johnson,Indiana Pacers|Brooklyn Nets|Chicago Bulls|Washington Wizards|New Orleans Pelicans|San Antonio Spurs,IND|BKN|CHI|WAS|NOP|SAS,阿利兹-约翰逊
101161,Amir Johnson,Detroit Pistons|Toronto Raptors|Boston Celtics|Philadelphia 76ers,DET|TOR|BOS|PHI,姆伊尔-约翰逊
77131,Andy Johnson,Golden State Warriors|Washington Wizards,GSW|WAS,安德伊-约翰逊
1533,Anthony Johnson,Sacramento Kings|Atlanta Hawks|Orlando Magic|Cleveland Cavaliers|Brooklyn Nets|Indiana Pacers|Dallas Mavericks,SAC|ATL|ORL|CLE|BKN|IND|DAL,安东尼-约翰逊
202356,Armon Johnson,Portland Trail Blazers|Brooklyn Nets,POR|BKN,阿尔莫恩-约翰逊
77132,Arnie Johnson,Sacramento Kings,SAC,阿尼-约翰逊
422,Avery Johnson,Oklahoma City Thunder|Denver Nuggets|San Antonio Spurs|Houston Rockets|Golden State Warriors|Dallas Mavericks,OKC|DEN|SAS|HOU|GSW|DAL,埃弗里-约翰逊
1629168,BJ Johnson,Atlanta Hawks|Sacramento Kings|Orlando Magic,ATL|SAC|ORL,BJ-约翰逊
1627744,Brice Johnson,LA Clippers|Memphis Grizzlies,LAC|MEM,布尔伊克埃-约翰逊
77130,Buck Johnson,Houston Rockets|Washington Wizards,HOU|WAS,布克-约翰逊
1629661,Cameron Johnson,Phoenix Suns|Brooklyn Nets|Denver Nuggets,PHX|BKN|DEN,卡梅伦-约翰逊
201291,Carldell Johnson,,,克阿尔尔德尔-约翰逊
1643052,Chaney Johnson,,,奇安伊-约翰逊
77133,Charlie Johnson,Golden State Warriors|Washington Wizards,GSW|WAS,奇阿尔尔伊埃-约翰逊
202419,Chris Johnson,Boston Celtics|Portland Trail Blazers|New Orleans Pelicans|Minnesota Timberwolves,BOS|POR|NOP|MIN,克里斯-约翰逊
203187,Chris Johnson,Memphis Grizzlies|Boston Celtics|Philadelphia 76ers|Milwaukee Bucks|Utah Jazz,MEM|BOS|PHI|MIL|UTA,克里斯-约翰逊
77135,Clay Johnson,Los Angeles Lakers|Oklahoma City Thunder,LAL|OKC,克拉伊-约翰逊
77136,Clemon Johnson,Portland Trail Blazers|Indiana Pacers|Philadelphia 76ers|Oklahoma City Thunder,POR|IND|PHI|OKC,克勒莫恩-约翰逊
1626177,Dakari Johnson,,,达卡里-约翰逊
683,Darryl Johnson,,,德阿尔尔伊尔-约翰逊
77138,Dave Johnson,Portland Trail Blazers|Chicago Bulls,POR|CHI,戴夫-约翰逊
77139,David Johnson,Detroit Pistons,DET,大卫-约翰逊
1630525,David Johnson,,,大卫-约翰逊
1746,DeMarco Johnson,,,德埃姆阿尔克奥-约翰逊
77141,Dennis Johnson,Oklahoma City Thunder|Phoenix Suns|Boston Celtics,OKC|PHX|BOS,丹尼斯-约翰逊
2035,DerMarr Johnson,Atlanta Hawks|New York Knicks|Denver Nuggets|San Antonio Spurs,ATL|NYK|DEN|SAS,德尔马尔-约翰逊
698,Eddie Johnson,Sacramento Kings|Phoenix Suns|Oklahoma City Thunder|Charlotte Hornets|Indiana Pacers|Houston Rockets,SAC|PHX|OKC|CHA|IND|HOU,埃迪-约翰逊
77144,Eddie Johnson,Atlanta Hawks|Cleveland Cavaliers|Oklahoma City Thunder,ATL|CLE|OKC,埃迪-约翰逊
77145,Eric Johnson,,,埃里克-约翰逊
911,Ervin Johnson,Oklahoma City Thunder|Denver Nuggets|Milwaukee Bucks|Minnesota Timberwolves,OKC|DEN|MIL|MIN,伊尔维恩-约翰逊
77146,Frank Johnson,Washington Wizards|Houston Rockets|Phoenix Suns,WAS|HOU|PHX,弗兰克-约翰逊
77147,George Johnson,Washington Wizards|Houston Rockets,WAS|HOU,乔治-约翰逊
77148,George Johnson,Milwaukee Bucks|Denver Nuggets|Indiana Pacers|Philadelphia 76ers|Washington Wizards,MIL|DEN|IND|PHI|WAS,乔治-约翰逊
77149,George Johnson,Golden State Warriors|LA Clippers|Brooklyn Nets|San Antonio Spurs|Atlanta Hawks|Oklahoma City Thunder,GSW|LAC|BKN|SAS|ATL|OKC,乔治-约翰逊
77150,Gus Johnson,Washington Wizards|Phoenix Suns,WAS|PHX,格斯-约翰逊
77151,Harold Johnson,,,哈罗德-约翰逊
201274,Ivan Johnson,Atlanta Hawks,ATL,伊万-约翰逊
202707,JaJuan Johnson,,,贾朱安-约翰逊
1630552,Jalen Johnson,Atlanta Hawks,ATL,杰伦-约翰逊
201949,James Johnson,Chicago Bulls|Toronto Raptors|Sacramento Kings|Memphis Grizzlies|Miami Heat|Minnesota Timberwolves|Dallas Mavericks|New Orleans Pelicans|Brooklyn Nets|Indiana Pacers,CHI|TOR|SAC|MEM|MIA|MIN|DAL|NOP|BKN|IND,詹姆斯-约翰逊
2207,Joe Johnson,Boston Celtics|Phoenix Suns|Atlanta Hawks|Brooklyn Nets|Miami Heat|Utah Jazz|Houston Rockets,BOS|PHX|ATL|BKN|MIA|UTA|HOU,乔-约翰逊
77152,John Johnson,Cleveland Cavaliers|Portland Trail Blazers|Houston Rockets|Oklahoma City Thunder,CLE|POR|HOU|OKC,约翰-约翰逊
77153,Kannard Johnson,,,克阿纳尔德-约翰逊
1629640,Keldon Johnson,San Antonio Spurs,SAS,凯尔登-约翰逊
2256,Ken Johnson,,,肯-约翰逊
77154,Ken Johnson,,,肯-约翰逊
1630553,Keon Johnson,LA Clippers|Portland Trail Blazers|Brooklyn Nets,LAC|POR|BKN,凯奥恩-约翰逊
1642352,Keshad Johnson,Miami Heat,MIA,凯什阿德-约翰逊
134,Kevin Johnson,Cleveland Cavaliers|Phoenix Suns,CLE|PHX,凯文-约翰逊
1641749,Keyontae Johnson,,,凯伊奥恩塔-约翰逊
913,Larry Johnson,Charlotte Hornets|New York Knicks,CHA|NYK,拉里-约翰逊
77156,Larry Johnson,,,拉里-约翰逊
77158,Lee Johnson,Houston Rockets|Detroit Pistons,HOU|DET,李-约翰逊
2669,Linton Johnson,Chicago Bulls|San Antonio Spurs|Brooklyn Nets|New Orleans Pelicans|Phoenix Suns|Toronto Raptors|Charlotte Hornets,CHI|SAS|BKN|NOP|PHX|TOR|CHA,林顿-约翰逊
77159,Lynbert Johnson,,,尔伊恩布特-约翰逊
77142,Magic Johnson,Los Angeles Lakers,LAL,魔术师-约翰逊
77160,Marques Johnson,Milwaukee Bucks|LA Clippers|Golden State Warriors,MIL|LAC|GSW,马尔奎伊斯-约翰逊
77168,Mickey Johnson,Chicago Bulls|Indiana Pacers|Milwaukee Bucks|Brooklyn Nets|Golden State Warriors,CHI|IND|MIL|BKN|GSW,米奇-约翰逊
77161,Neil Johnson,New York Knicks|Phoenix Suns,NYK|PHX,尼尔-约翰逊
203910,Nick Johnson,,,尼克-约翰逊
77162,Ollie Johnson,Portland Trail Blazers|Sacramento Kings|Utah Jazz|Atlanta Hawks|Chicago Bulls|Philadelphia 76ers,POR|SAC|UTA|ATL|CHI|PHI,奥利-约翰逊
204179,Omari Johnson,,,奥姆阿尔伊-约翰逊
203111,Orlando Johnson,Indiana Pacers|Sacramento Kings|Phoenix Suns|New Orleans Pelicans,IND|SAC|PHX|NOP,奥兰多-约翰逊
77163,Reggie Johnson,San Antonio Spurs|Cleveland Cavaliers|Sacramento Kings|Philadelphia 76ers|Brooklyn Nets,SAS|CLE|SAC|PHI|BKN,雷吉-约翰逊
77164,Rich Johnson,Boston Celtics,BOS,里奇-约翰逊
77165,Ron Johnson,,,罗恩-约翰逊
1626169,Stanley Johnson,Detroit Pistons|New Orleans Pelicans|Toronto Raptors|Los Angeles Lakers|San Antonio Spurs,DET|NOP|TOR|LAL|SAS,斯坦利-约翰逊
77166,Steffond Johnson,,,斯特埃弗弗奥恩德-约翰逊
77134,Steve Johnson,Sacramento Kings|Chicago Bulls|San Antonio Spurs|Portland Trail Blazers|Minnesota Timberwolves|Oklahoma City Thunder|Golden State Warriors,SAC|CHI|SAS|POR|MIN|OKC|GSW,史蒂夫-约翰逊
1642848,Tre Johnson,,,特雷-约翰逊
201234,Trey Johnson,Cleveland Cavaliers|Toronto Raptors|Los Angeles Lakers|New Orleans Pelicans,CLE|TOR|LAL|NOP,特雷-约翰逊
204020,Tyler Johnson,Miami Heat|Phoenix Suns|Brooklyn Nets|Philadelphia 76ers|San Antonio Spurs,MIA|PHX|BKN|PHI|SAS,泰勒-约翰逊
77167,Vinnie Johnson,Oklahoma City Thunder|Detroit Pistons|San Antonio Spurs,OKC|DET|SAS,维恩尼-约翰逊
202325,Wesley Johnson,Minnesota Timberwolves|Phoenix Suns|Los Angeles Lakers|LA Clippers|New Orleans Pelicans|Washington Wizards,MIN|PHX|LAL|LAC|NOP|WAS,韦斯利-约翰逊
203130,Darius Johnson-Odom,Los Angeles Lakers|Philadelphia 76ers,LAL|PHI,达里厄斯-约翰逊-奥德奥姆
77170,Nate Johnston,Utah Jazz|Portland Trail Blazers,UTA|POR,内特-约恩斯顿
77169,Neil Johnston,Golden State Warriors,GSW,尼尔-约翰斯顿
77171,Jim Johnstone,San Antonio Spurs|Detroit Pistons,SAS|DET,吉姆-约恩斯顿埃
203999,Nikola Jokić,Denver Nuggets,DEN,尼古拉-约基奇
77172,Howie Jolliff,Los Angeles Lakers,LAL,霍维-乔尔利夫夫
2264,Alvin Jones,,,阿尔夫伊恩-琼斯
77173,Anthony Jones,Washington Wizards|San Antonio Spurs|Chicago Bulls|Dallas Mavericks,WAS|SAS|CHI|DAL,安东尼-琼斯
77174,Askia Jones,,,阿斯克伊阿-琼斯
77180,Bill Jones,,,比尔-琼斯
77193,Bobby Jones,Denver Nuggets|Philadelphia 76ers,DEN|PHI,博比-琼斯
200784,Bobby Jones,Philadelphia 76ers|Memphis Grizzlies|Houston Rockets|Miami Heat|San Antonio Spurs|Denver Nuggets,PHI|MEM|HOU|MIA|SAS|DEN,博比-琼斯
77175,Caldwell Jones,Philadelphia 76ers|Houston Rockets|Chicago Bulls|Portland Trail Blazers|San Antonio Spurs,PHI|HOU|CHI|POR|SAS,考德威尔-琼斯
1630637,Carlik Jones,Dallas Mavericks|Denver Nuggets|Chicago Bulls,DAL|DEN|CHI,卡尔利克-琼斯
279,Charles Jones,Philadelphia 76ers|Chicago Bulls|Washington Wizards|Detroit Pistons|Houston Rockets,PHI|CHI|WAS|DET|HOU,查尔斯-琼斯
77178,Charles Jones,Phoenix Suns|Portland Trail Blazers|Washington Wizards,PHX|POR|WAS,查尔斯-琼斯
1869,Charles R. Jones,Chicago Bulls|LA Clippers,CHI|LAC,查尔斯-杰奥恩埃斯
1641732,Colby Jones,Sacramento Kings|Washington Wizards|Detroit Pistons,SAC|WAS|DET,科尔布伊-琼斯
1642938,Curtis Jones,,,库尔蒂斯-琼斯
2563,Dahntay Jones,Memphis Grizzlies|Sacramento Kings|Denver Nuggets|Indiana Pacers|Dallas Mavericks|Atlanta Hawks|LA Clippers|Cleveland Cavaliers,MEM|SAC|DEN|IND|DAL|ATL|LAC|CLE,达赫恩塔伊-琼斯
1627745,Damian Jones,Golden State Warriors|Atlanta Hawks|Phoenix Suns|Los Angeles Lakers|Sacramento Kings|Utah Jazz|Cleveland Cavaliers,GSW|ATL|PHX|LAL|SAC|UTA|CLE,达米安-琼斯
1800,Damon Jones,Brooklyn Nets|Boston Celtics|Golden State Warriors|Dallas Mavericks|Memphis Grizzlies|Detroit Pistons|Sacramento Kings|Milwaukee Bucks|Miami Heat|Cleveland Cavaliers,BKN|BOS|GSW|DAL|MEM|DET|SAC|MIL|MIA|CLE,达蒙-琼斯
203199,DeQuan Jones,,,德奎安-琼斯
1641794,Dillon Jones,Oklahoma City Thunder|New York Knicks,OKC|NYK,迪尔洛恩-琼斯
202346,Dominique Jones,Dallas Mavericks,DAL,多米尼克-琼斯
963,Dontae' Jones,,,德奥恩特阿埃-琼斯
101204,Dwayne Jones,Boston Celtics|Cleveland Cavaliers|Charlotte Hornets|Phoenix Suns,BOS|CLE|CHA|PHX,德瓦伊恩-琼斯
77182,Dwight Jones,Atlanta Hawks|Houston Rockets|Chicago Bulls|Los Angeles Lakers,ATL|HOU|CHI|LAL,德怀特-琼斯
77183,Earl Jones,Los Angeles Lakers|Milwaukee Bucks,LAL|MIL,厄尔-琼斯
224,Eddie Jones,Los Angeles Lakers|Charlotte Hornets|Miami Heat|Memphis Grizzlies|Dallas Mavericks,LAL|CHA|MIA|MEM|DAL,埃迪-琼斯
77184,Edgar Jones,Brooklyn Nets|Detroit Pistons|San Antonio Spurs|Cleveland Cavaliers,BKN|DET|SAS|CLE,伊德加尔-琼斯
2410,Fred Jones,Indiana Pacers|Toronto Raptors|Portland Trail Blazers|New York Knicks|LA Clippers,IND|TOR|POR|NYK|LAC,弗雷德-琼斯
1630529,Herbert Jones,New Orleans Pelicans,NOP,赫伯特-琼斯
1642403,Isaac Jones,Sacramento Kings|Detroit Pistons,SAC|DET,艾萨克-琼斯
77185,Jake Jones,Philadelphia 76ers|Sacramento Kings,PHI|SAC,杰克-琼斯
1627883,Jalen Jones,New Orleans Pelicans|Dallas Mavericks|Cleveland Cavaliers,NOP|DAL|CLE,杰伦-琼斯
2592,James Jones,Indiana Pacers|Phoenix Suns|Portland Trail Blazers|Miami Heat|Cleveland Cavaliers,IND|PHX|POR|MIA|CLE,詹姆斯-琼斯
1629203,Jemerrio Jones,Los Angeles Lakers,LAL,杰梅尔里奥-琼斯
77186,Jimmy Jones,Washington Wizards,WAS,吉米-琼斯
77187,Johnny Jones,,,约翰尼-琼斯
1908,Jumaine Jones,Philadelphia 76ers|Cleveland Cavaliers|Boston Celtics|Los Angeles Lakers|Charlotte Hornets|Phoenix Suns,PHI|CLE|BOS|LAL|CHA|PHX,朱马伊恩-琼斯
77188,K.C. Jones,Boston Celtics,BOS,KC-琼斯
1630539,Kai Jones,Charlotte Hornets|LA Clippers|Dallas Mavericks,CHA|LAC|DAL,卡伊-琼斯
1642880,Kam Jones,,,卡姆-琼斯
203158,Kevin Jones,,,凯文-琼斯
77200,Larry Jones,Philadelphia 76ers,PHI,拉里-琼斯
77189,Major Jones,Houston Rockets|Detroit Pistons,HOU|DET,马乔尔-琼斯
2891,Mark Jones,,,马克-琼斯
90000,Mark Jones,,,马克-琼斯
1630222,Mason Jones,Houston Rockets|Philadelphia 76ers|Los Angeles Lakers|Sacramento Kings,HOU|PHI|LAL|SAC,梅森-琼斯
77195,Nick Jones,Houston Rockets|Golden State Warriors,HOU|GSW,尼克-琼斯
77191,Ozell Jones,San Antonio Spurs|LA Clippers,SAS|LAC,奥泽尔-琼斯
461,Popeye Jones,Dallas Mavericks|Toronto Raptors|Boston Celtics|Denver Nuggets|Washington Wizards|Golden State Warriors,DAL|TOR|BOS|DEN|WAS|GSW,波比-琼斯
77192,Rich Jones,,,里奇-琼斯
77194,Robin Jones,Portland Trail Blazers|Houston Rockets,POR|HOU,罗宾-琼斯
77196,Sam Jones,Boston Celtics,BOS,萨姆-琼斯
2652,Shelton Jones,San Antonio Spurs|Golden State Warriors|Philadelphia 76ers,SAS|GSW|PHI,什伊尔顿-琼斯
200780,Solomon Jones,Atlanta Hawks|Indiana Pacers|LA Clippers|New Orleans Pelicans|New York Knicks|Orlando Magic,ATL|IND|LAC|NOP|NYK|ORL,所罗门-琼斯
1642461,Spencer Jones,Denver Nuggets,DEN,斯潘塞-琼斯
77197,Steve Jones,,,史蒂夫-琼斯
203093,Terrence Jones,Houston Rockets|New Orleans Pelicans|Milwaukee Bucks,HOU|NOP|MIL,特伦斯-琼斯
1630200,Tre Jones,San Antonio Spurs|Chicago Bulls,SAS|CHI,特雷-琼斯
1626145,Tyus Jones,Minnesota Timberwolves|Memphis Grizzlies|Washington Wizards|Phoenix Suns|Orlando Magic|Dallas Mavericks|Denver Nuggets,MIN|MEM|WAS|PHX|ORL|DAL|DEN,泰厄斯-琼斯
77198,Wali Jones,Washington Wizards|Philadelphia 76ers|Milwaukee Bucks|Detroit Pistons,WAS|PHI|MIL|DET,瓦利-琼斯
77199,Wallace Jones,,,华莱士-琼斯
77201,Wil Jones,Indiana Pacers|LA Clippers,IND|LAC,维尔-琼斯
77202,Willie Jones,Detroit Pistons,DET,威利-琼斯
77203,Willie Jones,LA Clippers,LAC,威利-琼斯
1642357,David Jones Garcia,,,大卫-琼斯-加西亚
203103,Perry Jones III,Oklahoma City Thunder,OKC,佩里-琼斯
1627884,Derrick Jones Jr.,Phoenix Suns|Miami Heat|Portland Trail Blazers|Chicago Bulls|Dallas Mavericks|LA Clippers,PHX|MIA|POR|CHI|DAL|LAC,德里克-琼斯
1817,Adonis Jordan,Denver Nuggets|Milwaukee Bucks,DEN|MIL,阿德奥恩伊斯-乔丹
201599,DeAndre Jordan,LA Clippers|Dallas Mavericks|New York Knicks|Brooklyn Nets|Los Angeles Lakers|Philadelphia 76ers|Denver Nuggets|New Orleans Pelicans,LAC|DAL|NYK|BKN|LAL|PHI|DEN|NOP,德安德烈-乔丹
77205,Eddie Jordan,Cleveland Cavaliers|Brooklyn Nets|Los Angeles Lakers|Portland Trail Blazers,CLE|BKN|LAL|POR,埃迪-乔丹
202366,Jerome Jordan,New York Knicks|Brooklyn Nets,NYK|BKN,杰罗姆-乔丹
893,Michael Jordan,Chicago Bulls|Washington Wizards,CHI|WAS,迈克尔-乔丹
674,Reggie Jordan,Los Angeles Lakers|Atlanta Hawks|Portland Trail Blazers|Minnesota Timberwolves|Washington Wizards,LAL|ATL|POR|MIN|WAS,雷吉-乔丹
77208,Thomas Jordan,,,托马斯-乔丹
77209,Walter Jordan,,,沃尔特-乔丹
77210,Phil Jordon,New York Knicks|Detroit Pistons|Sacramento Kings|Atlanta Hawks,NYK|DET|SAC|ATL,菲尔-乔尔登
77211,Johnny Jorgensen,Los Angeles Lakers,LAL,约翰尼-杰奥尔格埃恩斯埃恩
77212,Noble Jorgensen,Philadelphia 76ers,PHI,诺布尔-乔尔杰恩森
77213,Roger Jorgensen,,,罗杰-杰奥尔格埃恩斯埃恩
202709,Cory Joseph,San Antonio Spurs|Toronto Raptors|Indiana Pacers|Sacramento Kings|Detroit Pistons|Golden State Warriors|Orlando Magic,SAS|TOR|IND|SAC|DET|GSW|ORL,科里-约瑟夫
2123,Garth Joseph,Toronto Raptors|Denver Nuggets,TOR|DEN,格阿尔思-约瑟夫
203126,Kris Joseph,Boston Celtics|Brooklyn Nets,BOS|BKN,克里斯-约瑟夫
77214,Yvon Joseph,,,伊夫奥恩-约瑟夫
1631107,Nikola Jović,Miami Heat,MIA,尼古拉-乔维克
77215,Jeff Judkins,Boston Celtics|Utah Jazz|Detroit Pistons|Portland Trail Blazers,BOS|UTA|DET|POR,杰夫-朱德基恩斯
1630548,Johnny Juzang,Utah Jazz|Minnesota Timberwolves,UTA|MIN,约翰尼-朱扎恩格
1629662,Mfiondu Kabengele,LA Clippers|Cleveland Cavaliers|Boston Celtics,LAC|CLE|BOS,姆菲奥恩杜-卡贝恩杰尔
77217,Edwin Kachan,Los Angeles Lakers,LAL,埃德沃伊恩-克阿奇阿恩
77218,George Kaftan,Boston Celtics|New York Knicks,BOS|NYK,乔治-卡夫塔恩
77219,Ed Kalafat,Los Angeles Lakers,LAL,埃德-卡拉法特
1630686,Georgios Kalaitzakis,Milwaukee Bucks|Oklahoma City Thunder,MIL|OKC,杰奥尔吉奥斯-卡拉伊特扎基斯
1641750,Ryan Kalkbrenner,,,莱恩-卡尔克布雷恩内尔
2549,Chris Kaman,LA Clippers|New Orleans Pelicans|Dallas Mavericks|Los Angeles Lakers|Portland Trail Blazers,LAC|NOP|DAL|LAL|POR,克里斯-卡曼
1626163,Frank Kaminsky,Charlotte Hornets|Phoenix Suns|Atlanta Hawks|Houston Rockets,CHA|PHX|ATL|HOU,弗兰克-卡米恩斯克伊
77221,Ralph Kaplowitz,Golden State Warriors|New York Knicks,GSW|NYK,拉尔夫-克阿普尔奥沃伊特兹
2574,Jason Kapono,Cleveland Cavaliers|Charlotte Hornets|Miami Heat|Toronto Raptors|Philadelphia 76ers|Los Angeles Lakers,CLE|CHA|MIA|TOR|PHI|LAL,杰森-卡波诺
77222,Tony Kappen,Boston Celtics,BOS,托尼-克阿普恩
203508,Sergey Karasev,Cleveland Cavaliers|Brooklyn Nets,CLE|BKN,塞尔杰伊-卡拉塞夫
201207,Coby Karl,Los Angeles Lakers|Cleveland Cavaliers|Golden State Warriors,LAL|CLE|GSW,科比-卡尔
77223,George Karl,San Antonio Spurs,SAS,乔治-卡尔
77225,Ed Kasid,,,埃德-卡西德
2435,Mario Kasun,Orlando Magic,ORL,马里奥-卡苏恩
77226,Leo Katkaveck,,,尔埃奥-克阿特克阿夫埃克
77227,Bob Kauffman,Oklahoma City Thunder|Chicago Bulls|LA Clippers|Atlanta Hawks,OKC|CHI|LAC|ATL,鲍勃-卡乌夫夫曼
201619,Sasha Kaun,,,萨沙-克奥恩
77228,Wilbert Kautz,,,威尔伯特-克奥特兹
1642530,Yuki Kawamura,Memphis Grizzlies|Chicago Bulls,MEM|CHI,伊乌基-卡瓦穆拉
77229,Clarence Kea,Dallas Mavericks,DAL,克拉雷恩克-凯阿
77230,Michael Kearns,,,迈克尔-克埃阿尔恩斯
77231,Tommy Kearns,,,汤米-克埃阿尔恩斯
228,Adam Keefe,Atlanta Hawks|Utah Jazz|Golden State Warriors,ATL|UTA|GSW,亚当-凯伊夫
77233,Harold Keeling,,,哈罗德-克埃埃尔伊恩
1631211,Trevor Keels,New York Knicks|Miami Heat,NYK|MIA,特雷沃-凯伊尔斯
77234,Ken Keller,Washington Wizards,WAS,肯-克尔埃尔
1630283,Kylor Kelley,Dallas Mavericks|New Orleans Pelicans,DAL|NOP,克伊洛尔-凯利
77235,Rich Kelley,Utah Jazz|Phoenix Suns|Brooklyn Nets|Denver Nuggets|Sacramento Kings,UTA|PHX|BKN|DEN|SAC,里奇-凯利
77236,Clark Kellogg,Indiana Pacers,IND,克拉克-凯尔洛格格
77237,Gerard Kelly,Boston Celtics,BOS,格埃尔德-克尔伊
1642939,Miles Kelly,,,迈尔斯-凯利
203527,Ryan Kelly,Los Angeles Lakers|Atlanta Hawks,LAL|ATL,莱恩-凯利
77238,Tom Kelly,,,汤姆-克尔伊
77239,Greg Kelser,Detroit Pistons|Oklahoma City Thunder|LA Clippers|Indiana Pacers,DET|OKC|LAC|IND,格雷格-凯尔塞尔
77240,Ben Kelso,,,本-凯尔索
431,Shawn Kemp,Oklahoma City Thunder|Cleveland Cavaliers|Portland Trail Blazers|Orlando Magic,OKC|CLE|POR|ORL,肖恩-坎普
1118,Tim Kempton,LA Clippers|Charlotte Hornets|Denver Nuggets|Phoenix Suns|Cleveland Cavaliers|Atlanta Hawks|San Antonio Spurs|Orlando Magic|Toronto Raptors,LAC|CHA|DEN|PHX|CLE|ATL|SAS|ORL|TOR,蒂姆-凯姆普顿
77242,Frank Kendrick,,,弗兰克-克埃恩德尔克
1628379,Luke Kennard,Detroit Pistons|LA Clippers|Memphis Grizzlies|Atlanta Hawks|Los Angeles Lakers,DET|LAC|MEM|ATL|LAL,卢克-凯恩纳尔德
202810,D.J. Kennedy,,,DJ-克埃恩恩埃德伊
77243,Eugene Kennedy,,,尤金-克埃恩恩埃德伊
77244,Joe Kennedy,Oklahoma City Thunder,OKC,乔-肯尼迪
77245,William Kennedy,,,威廉-克埃恩恩埃德伊
77246,Larry Kenon,San Antonio Spurs|Chicago Bulls|Golden State Warriors|Cleveland Cavaliers,SAS|CHI|GSW|CLE,拉里-凯诺恩
1643257,Jayson Kent,,,杰森-肯特
77247,Bill Kenville,Philadelphia 76ers|Detroit Pistons,PHI|DET,比尔-克埃恩夫伊尔尔埃
1801,Jonathan Kerner,,,乔纳森-克埃尔纳
77248,Johnny Kerr,Philadelphia 76ers|Washington Wizards,PHI|WAS,约翰尼-科尔
70,Steve Kerr,Phoenix Suns|Cleveland Cavaliers|Orlando Magic|Chicago Bulls|San Antonio Spurs|Portland Trail Blazers,PHX|CLE|ORL|CHI|SAS|POR,史蒂夫-科尔
77249,Jack Kerris,Detroit Pistons|Atlanta Hawks,DET|ATL,杰克-克埃尔里斯
760,Jerome Kersey,Portland Trail Blazers|Golden State Warriors|Los Angeles Lakers|Oklahoma City Thunder|San Antonio Spurs|Milwaukee Bucks,POR|GSW|LAL|OKC|SAS|MIL,杰罗姆-凯尔塞伊
77251,Alec Kessler,Miami Heat,MIA,埃尔克-凯斯勒
1631117,Walker Kessler,Utah Jazz,UTA,沃克-凯斯勒
1930,Lari Ketner,Chicago Bulls|Cleveland Cavaliers|Indiana Pacers,CHI|CLE|IND,尔阿尔伊-克埃特纳
1630296,Braxton Key,Philadelphia 76ers|Detroit Pistons|Denver Nuggets|Golden State Warriors,PHI|DET|DEN|GSW,布拉克斯顿-凯伊
705,Randolph Keys,Cleveland Cavaliers|Charlotte Hornets|Los Angeles Lakers|Milwaukee Bucks,CLE|CHA|LAL|MIL,兰多夫-凯伊斯
2751,Viktor Khryapa,Portland Trail Blazers|Chicago Bulls,POR|CHI,维克托尔-克赫尔伊阿帕
467,Jason Kidd,Dallas Mavericks|Phoenix Suns|Brooklyn Nets|New York Knicks,DAL|PHX|BKN|NYK,杰森-基德
1629742,Stanton Kidd,,,斯特阿恩顿-基德
77254,Warren Kidd,,,沃伦-基德
203077,Michael Kidd-Gilchrist,Charlotte Hornets|Dallas Mavericks,CHA|DAL,迈克尔-基德-吉尔奇里斯特
77255,Irv Kiffin,,,欧文-克伊弗伊恩
77256,Jack Kiley,Detroit Pistons,DET,杰克-克伊利
77257,Ernie Killum,,,欧尼-克伊尔乌姆
77258,Carl Kilpatrick,,,克阿尔尔-克伊尔普阿特里克
203930,Sean Kilpatrick,Minnesota Timberwolves|Denver Nuggets|Brooklyn Nets|Milwaukee Bucks|LA Clippers|Chicago Bulls,MIN|DEN|BKN|MIL|LAC|CHI,肖恩-基尔帕特里克
77259,Toby Kimball,Boston Celtics|Houston Rockets|Milwaukee Bucks|Sacramento Kings|Philadelphia 76ers|Utah Jazz,BOS|HOU|MIL|SAC|PHI|UTA,托比-基姆布奥尔
77260,Bo Kimble,LA Clippers|New York Knicks,LAC|NYK,博-金布尔
77261,Stan Kimbrough,Detroit Pistons|Sacramento Kings,DET|SAC,斯坦-克伊姆布尔奥乌格赫
77262,Chad Kinch,Cleveland Cavaliers|Dallas Mavericks,CLE|DAL,奇阿德-基恩奇
77263,Albert King,Brooklyn Nets|Philadelphia 76ers|San Antonio Spurs|Washington Wizards,BKN|PHI|SAS|WAS,阿尔贝尔特-金
77264,Bernard King,Brooklyn Nets|Utah Jazz|Golden State Warriors|New York Knicks|Washington Wizards,BKN|UTA|GSW|NYK|WAS,伯纳德-金
12,Chris King,Oklahoma City Thunder|Memphis Grizzlies|Utah Jazz,OKC|MEM|UTA,克里斯-金
77266,Dan King,,,丹-金
701,Frankie King,Los Angeles Lakers|Philadelphia 76ers,LAL|PHI,弗尔阿恩克伊埃-金
77268,George King,Philadelphia 76ers|Sacramento Kings,PHI|SAC,乔治-金
1628994,George King,Phoenix Suns|Dallas Mavericks,PHX|DAL,乔治-金
1562,Gerard King,San Antonio Spurs|Washington Wizards,SAS|WAS,杰拉尔德-金
77270,Jim King,Los Angeles Lakers|Golden State Warriors|Sacramento Kings|Chicago Bulls,LAL|GSW|SAC|CHI,吉姆-金
728,Jimmy King,Toronto Raptors|Denver Nuggets,TOR|DEN,吉米-金
1629663,Louis King,Detroit Pistons|Sacramento Kings|Philadelphia 76ers,DET|SAC|PHI,路易斯-金
77272,Maury King,Boston Celtics|Washington Wizards,BOS|WAS,姆阿乌尔伊-金
77273,Reggie King,Sacramento Kings|Oklahoma City Thunder,SAC|OKC,雷吉-金
1101,Rich King,Oklahoma City Thunder,OKC,里奇-金
351,Stacey King,Chicago Bulls|Minnesota Timberwolves|Miami Heat|Boston Celtics|Dallas Mavericks,CHI|MIN|MIA|BOS|DAL,斯泰西-金
77276,Tom King,,,汤姆-金
77277,Bob Kinney,Detroit Pistons|Boston Celtics,DET|BOS,鲍勃-基恩内伊
200814,Tarence Kinsey,Memphis Grizzlies|Cleveland Cavaliers,MEM|CLE,塔雷恩克-基恩塞伊
1905,Andrei Kirilenko,Utah Jazz|Minnesota Timberwolves|Brooklyn Nets,UTA|MIN|BKN,安德烈-基里连科
203945,Alex Kirk,,,阿莱士-柯克
77278,Walt Kirk,Detroit Pistons|Atlanta Hawks,DET|ATL,沃尔特-柯克
1630557,Corey Kispert,Washington Wizards|Atlanta Hawks,WAS|ATL,科里-基斯佩尔特
77279,Doug Kistler,,,道格-克伊斯特勒
77280,Curtis Kitchen,,,柯蒂斯-克伊特奇埃恩
1123,Greg Kite,Boston Celtics|LA Clippers|Charlotte Hornets|Sacramento Kings|Orlando Magic|New York Knicks|Indiana Pacers,BOS|LAC|CHA|SAC|ORL|NYK|IND,格雷格-基特
954,Kerry Kittles,Brooklyn Nets|LA Clippers,BKN|LAC,凯尔伊-基特特勒斯
1628467,Maxi Kleber,Dallas Mavericks|Los Angeles Lakers,DAL|LAL,马克斯伊-克勒贝尔
170,Joe Kleine,Sacramento Kings|Boston Celtics|Phoenix Suns|Los Angeles Lakers|Brooklyn Nets|Chicago Bulls|Portland Trail Blazers,SAC|BOS|PHX|LAL|BKN|CHI|POR,乔-克勒伊恩
101132,Linas Kleiza,Denver Nuggets|Toronto Raptors,DEN|TOR,林阿斯-克勒伊扎
77283,Leo Klier,Detroit Pistons,DET,利奥-克利尔
1641752,Bobi Klintman,Detroit Pistons,DET,博比-克林特曼
77284,Herm Klotz,,,赫姆-克洛茨
77285,Duane Klueh,Detroit Pistons,DET,杜安-克尔乌埃赫
1642261,Dalton Knecht,Los Angeles Lakers,LAL,达尔顿-克内奇特
77290,Billy Knight,Indiana Pacers|LA Clippers|Boston Celtics|Sacramento Kings|San Antonio Spurs,IND|LAC|BOS|SAC|SAS,比利-奈特
77287,Bob Knight,,,鲍勃-奈特
2688,Brandin Knight,,,布尔德伊恩-奈特
202688,Brandon Knight,Detroit Pistons|Milwaukee Bucks|Phoenix Suns|Houston Rockets|Cleveland Cavaliers|Dallas Mavericks,DET|MIL|PHX|HOU|CLE|DAL,布兰登-奈特
1510,Brevin Knight,Cleveland Cavaliers|Atlanta Hawks|Memphis Grizzlies|Phoenix Suns|Washington Wizards|Milwaukee Bucks|Charlotte Hornets|LA Clippers|Utah Jazz,CLE|ATL|MEM|PHX|WAS|MIL|CHA|LAC|UTA,布雷文-奈特
1630233,Nathan Knight,Atlanta Hawks|Minnesota Timberwolves,ATL|MIN,纳斯安-奈特
1861,Negele Knight,Phoenix Suns|San Antonio Spurs|Portland Trail Blazers|Detroit Pistons|Toronto Raptors,PHX|SAS|POR|DET|TOR,内杰尔-奈特
77288,Ron Knight,Portland Trail Blazers,POR,罗恩-奈特
77289,Toby Knight,New York Knicks,NYK,托比-奈特
969,Travis Knight,Los Angeles Lakers|Boston Celtics|New York Knicks,LAL|BOS|NYK,特拉维斯-奈特
77291,Lee Knorek,New York Knicks,NYK,李-克恩奥尔埃克
77292,Dick Knostman,,,迪克-克恩奥斯特曼
77293,Rod Knowles,,,尔奥德-诺尔斯
1628995,Kevin Knox II,New York Knicks|Atlanta Hawks|Detroit Pistons|Portland Trail Blazers|Golden State Warriors,NYK|ATL|DET|POR|GSW,凯文-克诺克斯-二世
1642851,Kon Knueppel,,,科恩-克努伊普佩尔
77294,Bart Kofoed,Utah Jazz|Golden State Warriors|Oklahoma City Thunder|Boston Celtics,UTA|GSW|OKC|BOS,布阿尔特-科福德
77295,Don Kojis,Washington Wizards|Detroit Pistons|Chicago Bulls|Houston Rockets|Oklahoma City Thunder|Sacramento Kings,WAS|DET|CHI|HOU|OKC|SAC,唐-科吉斯
1642278,Tyler Kolek,New York Knicks,NYK,泰勒-科勒克
1631132,Christian Koloko,Toronto Raptors|Los Angeles Lakers|Memphis Grizzlies|Atlanta Hawks,TOR|LAL|MEM|ATL,克里斯蒂安-科洛科
77296,Milo Komenich,,,姆伊尔奥-克奥姆埃恩伊奇
77297,Howard Komives,New York Knicks|Detroit Pistons|LA Clippers|Sacramento Kings,NYK|DET|LAC|SAC,霍华德-科米维斯
402,Jon Koncak,Atlanta Hawks|Orlando Magic,ATL|ORL,乔恩-科恩卡克
1629723,John Konchar,Memphis Grizzlies|Utah Jazz,MEM|UTA,约翰-科恩奇阿尔
77299,Bud Koper,,,布德-科佩尔
77300,Joe Kopicki,Washington Wizards|Denver Nuggets,WAS|DEN,乔-科皮克伊
1627788,Furkan Korkmaz,Philadelphia 76ers,PHI,富尔卡恩-科尔克马兹
77301,Frank Kornet,Milwaukee Bucks,MIL,弗兰克-科尔内特
1628436,Luke Kornet,New York Knicks|Chicago Bulls|Boston Celtics|Cleveland Cavaliers|Milwaukee Bucks|San Antonio Spurs,NYK|CHI|BOS|CLE|MIL|SAS,卢克-科尔内特
101117,Yaroslav Korolev,LA Clippers,LAC,伊阿尔奥斯拉夫-科罗勒夫
2594,Kyle Korver,Philadelphia 76ers|Utah Jazz|Chicago Bulls|Atlanta Hawks|Cleveland Cavaliers|Milwaukee Bucks,PHI|UTA|CHI|ATL|CLE|MIL,凯尔-科尔维尔
77302,Len Kosmalski,Sacramento Kings,SAC,莱恩-科斯马尔斯基
77303,Andy Kostecka,,,安迪-克奥斯特埃克阿
77304,Harold Kottman,,,哈罗德-克奥特特曼
201585,Kosta Koufos,Utah Jazz|Minnesota Timberwolves|Denver Nuggets|Memphis Grizzlies|Sacramento Kings,UTA|MIN|DEN|MEM|SAC,科斯塔-库佛斯
77305,Tom Kozelko,Washington Wizards,WAS,汤姆-科泽尔科
77306,Arvid Kramer,,,阿尔夫伊德-克雷默
77307,Barry Kramer,Golden State Warriors|New York Knicks,GSW|NYK,巴里-克拉梅尔
77308,Joel Kramer,Phoenix Suns,PHX,乔尔-克拉梅尔
77309,Dan Kraus,,,丹-克尔阿乌斯
77310,Herb Krautblatt,,,赫布-克尔奥特布尔阿特
203139,Viacheslav Kravtsov,Detroit Pistons|Phoenix Suns,DET|PHX,维阿奇伊斯拉夫-克拉夫特索夫
77311,Jim Krebs,Los Angeles Lakers,LAL,吉姆-克雷布斯
1630249,Vít Krejčí,Oklahoma City Thunder|Atlanta Hawks|Portland Trail Blazers,OKC|ATL|POR,维特-克雷杰西
77312,Wayne Kreklow,,,韦恩-克尔埃克尔奥沃
77313,Tom Kron,Atlanta Hawks|Oklahoma City Thunder,ATL|OKC,汤姆-克龙
77314,Tom Kropp,Washington Wizards|Chicago Bulls,WAS|CHI,汤姆-克罗普普
2420,Nenad Krstic,Brooklyn Nets|Oklahoma City Thunder|Boston Celtics,BKN|OKC|BOS,恩埃恩阿德-克尔斯特伊克
1474,Larry Krystkowiak,San Antonio Spurs|Milwaukee Bucks|Utah Jazz|Orlando Magic|Chicago Bulls|Los Angeles Lakers,SAS|MIL|UTA|ORL|CHI|LAL,拉里-克尔伊斯特科维阿克
77316,Steve Kuberski,Boston Celtics|Milwaukee Bucks|LA Clippers,BOS|MIL|LAC,史蒂夫-库贝尔斯基
77317,Leo Kubiak,,,利奥-库比亚克
77318,Bruce Kuczenski,Brooklyn Nets|Philadelphia 76ers|Indiana Pacers,BKN|PHI|IND,布鲁斯-克乌克兹埃恩斯克伊
77319,Frank Kudelka,Boston Celtics|Golden State Warriors,BOS|GSW,弗兰克-库德尔卡
77320,John Kuester,Sacramento Kings|Denver Nuggets|Indiana Pacers,SAC|DEN|IND,约翰-库伊斯特尔
77322,Ray Kuka,New York Knicks,NYK,雷-克乌克阿
389,Toni Kukoc,Chicago Bulls|Philadelphia 76ers|Atlanta Hawks|Milwaukee Bucks,CHI|PHI|ATL|MIL,托尼-库科奇
1629083,Arnoldas Kulboka,,,阿尔诺尔达斯-库尔博卡
1630228,Jonathan Kuminga,Golden State Warriors|Atlanta Hawks,GSW|ATL,乔纳森-库明加
77323,Kevin Kunnert,LA Clippers|Houston Rockets|Portland Trail Blazers,LAC|HOU|POR,凯文-库恩内尔特
77324,Mitch Kupchak,Washington Wizards|Los Angeles Lakers,WAS|LAL,米奇-库普奇阿克
77325,Charles Kupec,Los Angeles Lakers|Houston Rockets,LAL|HOU,查尔斯-克乌普埃克
1629066,Rodions Kurucs,Brooklyn Nets|Houston Rockets|Milwaukee Bucks,BKN|HOU|MIL,罗迪奥恩斯-库鲁克斯
201633,Rob Kurz,,,罗布-库尔兹
2825,Ibrahim Kutluay,,,伊布尔阿赫伊姆-克乌特尔乌阿伊
1628398,Kyle Kuzma,Los Angeles Lakers|Washington Wizards|Milwaukee Bucks,LAL|WAS|MIL,凯尔-库兹马
203136,Ognjen Kuzmic,Golden State Warriors,GSW,奥格恩杰埃恩-克乌兹姆伊克
1627851,Mindaugas Kuzminskas,New York Knicks,NYK,米恩达乌加斯-库兹米恩斯卡斯
77327,Fred LaCour,Atlanta Hawks|Golden State Warriors,ATL|GSW,弗雷德-拉科乌尔
1711,Raef LaFrentz,Denver Nuggets|Dallas Mavericks|Boston Celtics|Portland Trail Blazers,DEN|DAL|BOS|POR,拉伊夫-拉夫雷恩特兹
77328,Tom LaGarde,Denver Nuggets|Oklahoma City Thunder|Dallas Mavericks|Brooklyn Nets,DEN|OKC|DAL|BKN,汤姆-拉加尔德
1631222,Jake LaRavia,Memphis Grizzlies|Sacramento Kings|Los Angeles Lakers,MEM|SAC|LAL,杰克-拉拉维阿
1601,Rusty LaRue,Chicago Bulls|Utah Jazz|Golden State Warriors,CHI|UTA|GSW,鲁斯特伊-拉鲁
77340,Rudy LaRusso,Los Angeles Lakers|Golden State Warriors,LAL|GSW,鲁迪-拉鲁斯索
203897,Zach LaVine,Minnesota Timberwolves|Chicago Bulls|Sacramento Kings,MIN|CHI|SAC,扎克-拉文
1627746,Skal Labissiere,Sacramento Kings|Portland Trail Blazers|Washington Wizards,SAC|POR|WAS,斯卡尔-拉比斯西伊尔
77326,Sam Lacey,Sacramento Kings|Brooklyn Nets|Cleveland Cavaliers,SAC|BKN|CLE,萨姆-拉塞伊
363,Christian Laettner,Minnesota Timberwolves|Atlanta Hawks|Detroit Pistons|Dallas Mavericks|Washington Wizards|Miami Heat,MIN|ATL|DET|DAL|WAS|MIA,克里斯蒂安-拉伊特特内尔
201802,Oliver Lafayette,,,奥尔伊夫埃尔-尔阿弗阿伊特埃
100263,Bill Laimbeer,Cleveland Cavaliers|Detroit Pistons,CLE|DET,比尔-拉伊姆贝伊尔
77329,Pete Lalich,,,皮特-尔阿尔伊奇
77330,Bo Lamar,,,博-拉马尔
1630237,Anthony Lamb,Houston Rockets|San Antonio Spurs|Golden State Warriors,HOU|SAS|GSW,安东尼-兰姆
203117,Doron Lamb,Milwaukee Bucks|Orlando Magic,MIL|ORL,多罗恩-兰姆
203087,Jeremy Lamb,Oklahoma City Thunder|Charlotte Hornets|Indiana Pacers|Sacramento Kings,OKC|CHA|IND|SAC,杰里米-兰姆
77331,John Lambert,Cleveland Cavaliers|Sacramento Kings|San Antonio Spurs,CLE|SAC|SAS,约翰-拉姆贝尔特
77332,Jeff Lamp,Portland Trail Blazers|San Antonio Spurs|Milwaukee Bucks|Los Angeles Lakers,POR|SAS|MIL|LAL,杰夫-拉姆普
2573,Maciej Lampe,Phoenix Suns|New Orleans Pelicans|Houston Rockets,PHX|NOP|HOU,麦克伊杰-拉姆普
77333,Jim Lampley,,,吉姆-尔阿姆普利
2253,Sean Lampley,Miami Heat|Golden State Warriors,MIA|GSW,肖恩-拉姆普利
1629111,Jock Landale,San Antonio Spurs|Phoenix Suns|Houston Rockets|Memphis Grizzlies|Atlanta Hawks,SAS|PHX|HOU|MEM|ATL,乔克-兰代尔
201171,Carl Landry,Houston Rockets|Sacramento Kings|New Orleans Pelicans|Golden State Warriors|Philadelphia 76ers,HOU|SAC|NOP|GSW|PHI,卡尔-兰德里
202068,Marcus Landry,New York Knicks|Boston Celtics,NYK|BOS,马库斯-兰德里
77334,Mark Landsberger,Chicago Bulls|Los Angeles Lakers|Atlanta Hawks,CHI|LAL|ATL,马克-兰德斯伯格伊尔
77335,Jerome Lane,Denver Nuggets|Indiana Pacers|Milwaukee Bucks|Cleveland Cavaliers,DEN|IND|MIL|CLE,杰罗姆-莱恩
457,Andrew Lang,Phoenix Suns|Philadelphia 76ers|Atlanta Hawks|Minnesota Timberwolves|Milwaukee Bucks|Chicago Bulls|New York Knicks,PHX|PHI|ATL|MIN|MIL|CHI|NYK,安德鲁-朗
226,Antonio Lang,Phoenix Suns|Cleveland Cavaliers|Miami Heat|Toronto Raptors|Philadelphia 76ers,PHX|CLE|MIA|TOR|PHI,安东尼奥-朗
2591,James Lang,,,詹姆斯-朗
1892,Trajan Langdon,Cleveland Cavaliers,CLE,特拉贾恩-拉恩格登
101247,Keith Langford,,,基思-兰福德
1629641,Romeo Langford,Boston Celtics|San Antonio Spurs,BOS|SAS,罗梅奥-拉恩格福德
2061,Dan Langhi,Houston Rockets|Phoenix Suns|Golden State Warriors|Milwaukee Bucks,HOU|PHX|GSW|MIL,丹-拉恩格希
600005,Bob Lanier,Detroit Pistons|Milwaukee Bucks,DET|MIL,鲍勃-拉尼伊尔
1642404,Chaz Lanier,,,奇阿兹-拉尼伊尔
77338,Stu Lantz,Houston Rockets|Detroit Pistons|Utah Jazz|Los Angeles Lakers,HOU|DET|UTA|LAL,斯图-拉恩特兹
1627879,Nicolas Laprovittola,,,尼古拉斯-拉普罗维托拉
77339,York Larese,,,伊奥尔克-拉雷斯
203499,Shane Larkin,Dallas Mavericks|New York Knicks|Brooklyn Nets|Boston Celtics,DAL|NYK|BKN|BOS,肖恩-拉尔基恩
1641796,Pelle Larsson,Miami Heat,MIA,佩尔-拉尔斯森
77341,John Laskowski,Chicago Bulls,CHI,约翰-拉斯科瓦斯基
201186,Stephane Lasme,Golden State Warriors|Miami Heat,GSW|MIA,斯特埃普赫阿恩埃-拉斯姆埃
77342,Dave Lattin,Golden State Warriors|Phoenix Suns,GSW|PHX,戴夫-拉特蒂恩
968,Priest Lauderdale,Atlanta Hawks|Denver Nuggets,ATL|DEN,普里伊斯特-拉乌德尔达尔
77344,Rich Laurel,,,里奇-尔阿乌尔埃尔
77345,Walt Lautenbach,,,沃尔特-尔阿乌特埃恩布阿奇
203530,Joffrey Lauvergne,Denver Nuggets|Oklahoma City Thunder|Chicago Bulls|San Antonio Spurs,DEN|OKC|CHI|SAS,乔夫夫雷伊-拉乌维尔格恩
77346,Tony Lavelli,Boston Celtics|New York Knicks,BOS|NYK,托尼-拉维尔利
77347,Bob Lavoy,Philadelphia 76ers,PHI,鲍勃-拉沃伊
201151,Acie Law,Atlanta Hawks|Golden State Warriors|Charlotte Hornets|Chicago Bulls|Memphis Grizzlies,ATL|GSW|CHA|CHI|MEM,艾西-劳
1629724,Vic Law,,,维克-劳
202371,Gani Lawal,,,格阿恩伊-尔阿沃阿尔
77348,Ed Lawrence,,,埃德-劳伦斯
1630639,A.J. Lawson,Minnesota Timberwolves|Dallas Mavericks|Toronto Raptors,MIN|DAL|TOR,AJ-劳森
1535,Jason Lawson,,,贾森-劳森
201951,Ty Lawson,Denver Nuggets|Houston Rockets|Indiana Pacers|Sacramento Kings,DEN|HOU|IND|SAC,泰-劳森
1627774,Jake Layman,Portland Trail Blazers|Minnesota Timberwolves,POR|MIN,杰克-拉伊曼
77350,Dennis Layton,Phoenix Suns|Portland Trail Blazers|New York Knicks|San Antonio Spurs,PHX|POR|NYK|SAS,丹尼斯-尔阿伊顿
1627747,Caris LeVert,Brooklyn Nets|Indiana Pacers|Cleveland Cavaliers|Atlanta Hawks|Detroit Pistons,BKN|IND|CLE|ATL|DET,卡里斯-勒韦尔
1628388,T.J. Leaf,Indiana Pacers|Portland Trail Blazers,IND|POR,TJ-勒阿夫
77351,Emanuel Leaks,Philadelphia 76ers|Washington Wizards,PHI|WAS,埃曼乌埃尔-尔埃阿克斯
77352,Hal Lear,,,哈尔-尔伊尔
77353,Allen Leavell,Houston Rockets,HOU,阿伦-勒艾夫尔
77354,Jeff Lebo,,,杰夫-尔埃布奥
287,Eric Leckner,Utah Jazz|Sacramento Kings|Charlotte Hornets|Philadelphia 76ers|Detroit Pistons|Memphis Grizzlies,UTA|SAC|CHA|PHI|DET|MEM,埃里克-勒克内尔
1629665,Jalen Lecque,Phoenix Suns|Indiana Pacers,PHX|IND,杰伦-勒克奎
203495,Ricky Ledo,Dallas Mavericks|New York Knicks,DAL|NYK,里基-莱多
77356,Butch Lee,Atlanta Hawks|Cleveland Cavaliers|Los Angeles Lakers,ATL|CLE|LAL,布奇-李
77357,Clyde Lee,Golden State Warriors|Atlanta Hawks|Philadelphia 76ers,GSW|ATL|PHI,克莱德-李
201584,Courtney Lee,Orlando Magic|Brooklyn Nets|Houston Rockets|Boston Celtics|Memphis Grizzlies|Charlotte Hornets|New York Knicks|Dallas Mavericks,ORL|BKN|HOU|BOS|MEM|CHA|NYK|DAL,考特尼-李
1627814,Damion Lee,Atlanta Hawks|Golden State Warriors|Phoenix Suns,ATL|GSW|PHX,达米奥恩-李
101135,David Lee,New York Knicks|Golden State Warriors|Boston Celtics|Dallas Mavericks|San Antonio Spurs,NYK|GSW|BOS|DAL|SAS,大卫-李
77358,Doug Lee,Brooklyn Nets|Sacramento Kings,BKN|SAC,道格-李
77359,George Lee,Detroit Pistons|Golden State Warriors,DET|GSW,乔治-李
77360,Greg Lee,,,格雷格-李
77361,Keith Lee,Cleveland Cavaliers|Brooklyn Nets,CLE|BKN,基思-李
77362,Kurk Lee,,,库尔克-李
202723,Malcolm Lee,Minnesota Timberwolves|Philadelphia 76ers,MIN|PHI,马尔科姆-李
77363,Rock Lee,,,尔奥克-李
77364,Ron Lee,Phoenix Suns|Utah Jazz|Atlanta Hawks|Detroit Pistons,PHX|UTA|ATL|DET,罗恩-李
77365,Russell Lee,Milwaukee Bucks|Utah Jazz,MIL|UTA,拉塞尔-李
1630240,Saben Lee,Detroit Pistons|Philadelphia 76ers|Phoenix Suns,DET|PHI|PHX,萨贝恩-李
77366,Ed Leede,Boston Celtics,BOS,埃德-勒伊德
77367,Hank Lefkowitz,,,汉克-尔埃弗克奥沃伊特兹
100,Tim Legler,Phoenix Suns|Denver Nuggets|Utah Jazz|Dallas Mavericks|Golden State Warriors|Washington Wizards,PHX|DEN|UTA|DAL|GSW|WAS,蒂姆-勒格勒尔
77369,George Lehmann,Atlanta Hawks,ATL,乔治-勒赫曼恩
1627215,Walt Lemon Jr.,New Orleans Pelicans|Chicago Bulls,NOP|CHI,沃尔特-尔埃姆奥恩
203458,Alex Len,Phoenix Suns|Atlanta Hawks|Sacramento Kings|Toronto Raptors|Washington Wizards|Los Angeles Lakers,PHX|ATL|SAC|TOR|WAS|LAL,亚历克斯-莱恩
702,Voshon Lenard,Miami Heat|Denver Nuggets|Toronto Raptors|Portland Trail Blazers,MIA|DEN|TOR|POR,沃什奥恩-伦阿尔德
77371,Bob Leonard,Los Angeles Lakers|Washington Wizards,LAL|WAS,鲍勃-伦纳德
77370,Gary Leonard,Minnesota Timberwolves|Atlanta Hawks,MIN|ATL,加里-伦纳德
202695,Kawhi Leonard,San Antonio Spurs|Toronto Raptors|LA Clippers,SAS|TOR|LAC,科怀-伦纳德
203086,Meyers Leonard,Portland Trail Blazers|Miami Heat|Milwaukee Bucks,POR|MIA|MIL,梅伊伊尔斯-伦纳德
1642502,Malevy Leons,Oklahoma City Thunder|Golden State Warriors,OKC|GSW,马勒夫伊-勒奥恩斯
77372,Jim Les,Utah Jazz|LA Clippers|Sacramento Kings|Atlanta Hawks,UTA|LAC|SAC|ATL,吉姆-勒斯
202727,Travis Leslie,,,特拉维斯-莱斯利
77373,Ronnie Lester,Chicago Bulls|Los Angeles Lakers,CHI|LAL,罗尼-莱斯特
77374,Clifford Lett,Chicago Bulls|San Antonio Spurs,CHI|SAS,克利福德-尔埃特
202720,Jon Leuer,Milwaukee Bucks|Cleveland Cavaliers|Memphis Grizzlies|Phoenix Suns|Detroit Pistons,MIL|CLE|MEM|PHX|DET,乔恩-勒乌伊尔
77375,Andrew Levane,Sacramento Kings|Philadelphia 76ers|Atlanta Hawks,SAC|PHI|ATL,安德鲁-勒瓦恩
77376,Lafayette Lever,Portland Trail Blazers|Denver Nuggets|Dallas Mavericks,POR|DEN|DAL,尔阿弗阿伊特埃-尔埃夫埃尔
77377,Cliff Levingston,Detroit Pistons|Atlanta Hawks|Chicago Bulls|Denver Nuggets,DET|ATL|CHI|DEN,克利夫-勒维恩格斯顿
77385,Bobby Lewis,Golden State Warriors|Cleveland Cavaliers,GSW|CLE,博比-刘易斯
736,Cedric Lewis,,,塞德里克-刘易斯
77379,Fred Lewis,Golden State Warriors,GSW,弗雷德-刘易斯
77380,Freddie Lewis,Sacramento Kings|Indiana Pacers,SAC|IND,弗雷迪-刘易斯
77381,Grady Lewis,,,格尔阿德伊-刘易斯
1631171,Justin Lewis,,,贾斯廷-刘易斯
729,Martin Lewis,Toronto Raptors,TOR,马丁-刘易斯
1641721,Maxwell Lewis,Los Angeles Lakers|Brooklyn Nets,LAL|BKN,马克斯韦尔-刘易斯
1900,Quincy Lewis,Utah Jazz|Minnesota Timberwolves,UTA|MIN,昆西-刘易斯
77383,Ralph Lewis,Detroit Pistons|Charlotte Hornets,DET|CHA,拉尔夫-刘易斯
1740,Rashard Lewis,Oklahoma City Thunder|Orlando Magic|Washington Wizards|Miami Heat,OKC|ORL|WAS|MIA,拉沙德-刘易斯
77384,Reggie Lewis,Boston Celtics,BOS,雷吉-刘易斯
1630575,Scottie Lewis,,,斯科蒂-刘易斯
1630184,Kira Lewis Jr.,New Orleans Pelicans|Toronto Raptors|Utah Jazz,NOP|TOR|UTA,基拉-刘易斯
77386,Marcus Liberty,Denver Nuggets|Detroit Pistons,DEN|DET,马库斯-利贝尔特伊
77387,Todd Lichti,Denver Nuggets|Orlando Magic|Golden State Warriors|Boston Celtics,DEN|ORL|GSW|BOS,托德-利奇蒂
1630604,E.J. Liddell,New Orleans Pelicans|Chicago Bulls|Brooklyn Nets,NOP|CHI|BKN,EJ-利德德尔
202732,DeAndre Liggins,Orlando Magic|Oklahoma City Thunder|Miami Heat|Cleveland Cavaliers|Dallas Mavericks|Milwaukee Bucks|New Orleans Pelicans,ORL|OKC|MIA|CLE|DAL|MIL|NOP,德安德烈-利格吉恩斯
77388,Bill Ligon,,,比尔-利戈恩
203081,Damian Lillard,Portland Trail Blazers|Milwaukee Bucks,POR|MIL,达米安-利拉德
202391,Jeremy Lin,Golden State Warriors|New York Knicks|Houston Rockets|Los Angeles Lakers|Charlotte Hornets|Brooklyn Nets|Atlanta Hawks|Toronto Raptors,GSW|NYK|HOU|LAL|CHA|BKN|ATL|TOR,林书豪
77389,Steve Lingenfelter,Washington Wizards|San Antonio Spurs,WAS|SAS,史蒂夫-尔伊恩埃恩弗埃尔特
175,Alton Lister,Milwaukee Bucks|Oklahoma City Thunder|Golden State Warriors|Boston Celtics|Portland Trail Blazers,MIL|OKC|GSW|BOS|POR,阿尔顿-利斯特
1629642,Nassir Little,Portland Trail Blazers|Phoenix Suns,POR|PHX,纳斯西尔-利特尔
1641726,Dereck Lively II,Dallas Mavericks,DAL,德雷克-利维利-二世
1630587,Isaiah Livers,Detroit Pistons|Phoenix Suns,DET|PHX,以赛亚-利维尔斯
1641753,Chris Livingston,Milwaukee Bucks|Cleveland Cavaliers,MIL|CLE,克里斯-利文斯顿
988,Randy Livingston,Houston Rockets|Atlanta Hawks|Phoenix Suns|Golden State Warriors|Oklahoma City Thunder|New Orleans Pelicans|LA Clippers|Utah Jazz|Chicago Bulls,HOU|ATL|PHX|GSW|OKC|NOP|LAC|UTA|CHI,兰迪-利文斯顿
2733,Shaun Livingston,LA Clippers|Miami Heat|Oklahoma City Thunder|Washington Wizards|Charlotte Hornets|Milwaukee Bucks|Cleveland Cavaliers|Brooklyn Nets|Golden State Warriors,LAC|MIA|OKC|WAS|CHA|MIL|CLE|BKN|GSW,什奥恩-利文斯顿
77392,Ron Livingstone,Golden State Warriors,GSW,罗恩-利维恩格斯顿
1024,Horacio Llamas,Phoenix Suns,PHX,赫奥尔阿克伊奥-拉马斯
77394,Earl Lloyd,Philadelphia 76ers|Detroit Pistons,PHI|DET,厄尔-劳埃德
77395,Lewis Lloyd,Golden State Warriors|Houston Rockets|Philadelphia 76ers,GSW|HOU|PHI,刘易斯-劳埃德
77396,Scott Lloyd,Milwaukee Bucks|LA Clippers|Chicago Bulls|Dallas Mavericks,MIL|LAC|CHI|DAL,斯科特-劳埃德
77397,Bob Lochmueller,,,鲍勃-洛奇穆伊尔勒尔
77398,Robert Lock,,,罗伯特-尔奥克
77399,Darrell Lockhart,,,达雷尔-尔奥克赫阿尔特
1100,Ian Lockhart,,,伊恩-洛克哈特
77401,Kevin Loder,Sacramento Kings|LA Clippers,SAC|LAC,凯文-洛德尔
77402,Don Lofgran,Golden State Warriors|Atlanta Hawks,GSW|ATL,唐-洛夫格拉恩
1629155,Zach Lofton,,,扎克-尔奥弗顿
1631254,Kenneth Lofton Jr.,Memphis Grizzlies|Philadelphia 76ers|Utah Jazz,MEM|PHI|UTA,凯恩内斯-洛夫顿
77403,Johnny Logan,Atlanta Hawks,ATL,约翰尼-洛根
38,Brad Lohaus,Boston Celtics|Sacramento Kings|Minnesota Timberwolves|Milwaukee Bucks|Miami Heat|San Antonio Spurs|New York Knicks|Toronto Raptors,BOS|SAC|MIN|MIL|MIA|SAS|NYK|TOR,布拉德-洛哈乌斯
1609,Art Long,Sacramento Kings|Oklahoma City Thunder|Philadelphia 76ers|Toronto Raptors,SAC|OKC|PHI|TOR,阿特-朗
3,Grant Long,Miami Heat|Atlanta Hawks|Detroit Pistons|Memphis Grizzlies|Boston Celtics,MIA|ATL|DET|MEM|BOS,格兰特-朗
1381,John Long,Detroit Pistons|Indiana Pacers|Atlanta Hawks|Toronto Raptors,DET|IND|ATL|TOR,约翰-朗
77406,Paul Long,Detroit Pistons|LA Clippers,DET|LAC,保罗-朗
1627848,Shawn Long,,,肖恩-尔奥恩
26,Luc Longley,Minnesota Timberwolves|Chicago Bulls|Phoenix Suns|New York Knicks,MIN|CHI|PHX|NYK,卢克-洛恩格利
1626172,Kevon Looney,Golden State Warriors|New Orleans Pelicans,GSW|NOP,凯文-卢尼
201572,Brook Lopez,Brooklyn Nets|Los Angeles Lakers|Milwaukee Bucks|LA Clippers,BKN|LAL|MIL|LAC,布鲁克-洛佩斯
1732,Felipe Lopez,Memphis Grizzlies|Washington Wizards|Minnesota Timberwolves,MEM|WAS|MIN,费利佩-洛佩斯
2221,Raul Lopez,Utah Jazz,UTA,劳尔-洛佩斯
201577,Robin Lopez,Phoenix Suns|New Orleans Pelicans|Portland Trail Blazers|New York Knicks|Chicago Bulls|Milwaukee Bucks|Washington Wizards|Orlando Magic|Cleveland Cavaliers,PHX|NOP|POR|NYK|CHI|MIL|WAS|ORL|CLE,罗宾-洛佩斯
943,Ryan Lorthridge,,,莱恩-洛尔斯里德格
77409,Jim Loscutoff,Boston Celtics,BOS,吉姆-洛斯库托夫
77410,Plummer Lott,Oklahoma City Thunder,OKC,普卢姆梅尔-洛特特
77411,Kevin Loughery,Detroit Pistons|Washington Wizards|Philadelphia 76ers,DET|WAS|PHI,凯文-洛乌格赫尔伊
1629712,Didi Louzada,New Orleans Pelicans|Portland Trail Blazers,NOP|POR,迪迪-洛乌扎达
77412,Bob Love,Sacramento Kings|Milwaukee Bucks|Chicago Bulls|Brooklyn Nets|Oklahoma City Thunder,SAC|MIL|CHI|BKN|OKC,鲍勃-乐福
1631126,Caleb Love,,,卡勒布-乐福
201567,Kevin Love,Minnesota Timberwolves|Cleveland Cavaliers|Miami Heat|Utah Jazz,MIN|CLE|MIA|UTA,凯文-乐福
77413,Stan Love,Washington Wizards|Los Angeles Lakers,WAS|LAL,斯坦-乐福
77414,Clyde Lovellette,Los Angeles Lakers|Sacramento Kings|Atlanta Hawks|Boston Celtics,LAL|SAC|ATL|BOS,克莱德-拉维莱特
1643133,Lawson Lovering,,,劳森-洛维里恩格
77415,Sidney Lowe,Indiana Pacers|Detroit Pistons|Atlanta Hawks|Charlotte Hornets|Minnesota Timberwolves,IND|DET|ATL|CHA|MIN,悉尼-洛韦
77416,Chuck Lowery,,,查克-尔奥沃埃尔伊
200768,Kyle Lowry,Memphis Grizzlies|Houston Rockets|Toronto Raptors|Miami Heat|Philadelphia 76ers,MEM|HOU|TOR|MIA|PHI,凯尔-洛瑞
1628070,Jordan Loyd,,,乔丹-尔奥伊德
77417,Al Lucas,,,阿尔-卢卡斯
77418,Jerry Lucas,Sacramento Kings|Golden State Warriors|New York Knicks,SAC|GSW|NYK,杰里-卢卡斯
77419,John Lucas,Houston Rockets|Golden State Warriors|Washington Wizards|San Antonio Spurs|Milwaukee Bucks|Oklahoma City Thunder,HOU|GSW|WAS|SAS|MIL|OKC,约翰-卢卡斯
203564,Kalin Lucas,Memphis Grizzlies|Detroit Pistons,MEM|DET,克阿尔伊恩-卢卡斯
77420,Maurice Lucas,Portland Trail Blazers|Brooklyn Nets|New York Knicks|Phoenix Suns|Los Angeles Lakers|Oklahoma City Thunder,POR|BKN|NYK|PHX|LAL|OKC,莫里斯-卢卡斯
101249,John Lucas III,Houston Rockets|Chicago Bulls|Toronto Raptors|Utah Jazz|Detroit Pistons|Minnesota Timberwolves,HOU|CHI|TOR|UTA|DET|MIN,约翰-卢卡斯
77421,Ted Luckenbill,Golden State Warriors,GSW,特德-卢克伊恩比尔
1731,Tyronn Lue,Los Angeles Lakers|Washington Wizards|Orlando Magic|Houston Rockets|Atlanta Hawks|Dallas Mavericks|Milwaukee Bucks,LAL|WAS|ORL|HOU|ATL|DAL|MIL,特伊罗恩恩-卢伊
77422,Jim Luisi,,,吉姆-尔乌伊斯伊
77423,Al Lujack,,,阿尔-尔乌杰阿克
77424,Phil Lumpkin,Portland Trail Blazers|Phoenix Suns,POR|PHX,菲尔-卢姆普基恩
77425,Ray Lumpp,New York Knicks,NYK,雷-卢姆普普
1630994,Gabriel Lundberg,,,加布里伊尔-卢恩德伯格
1641754,Seth Lundy,,,塞斯-卢恩德伊
1627789,Timothe Luwawu-Cabarrot,Philadelphia 76ers|Oklahoma City Thunder|Chicago Bulls|Brooklyn Nets|Atlanta Hawks,PHI|OKC|CHI|BKN|ATL,蒂莫斯-卢瓦瓦乌-卡布阿尔罗特
1628399,Tyler Lydon,Denver Nuggets,DEN,泰勒-尔伊德奥恩
1626168,Trey Lyles,Utah Jazz|Denver Nuggets|San Antonio Spurs|Detroit Pistons|Sacramento Kings,UTA|DEN|SAS|DET|SAC,特雷-利勒斯
248,George Lynch,Los Angeles Lakers|Memphis Grizzlies|Philadelphia 76ers|Charlotte Hornets|New Orleans Pelicans,LAL|MEM|PHI|CHA|NOP,乔治-林奇
77426,Kevin Lynch,Charlotte Hornets,CHA,凯文-林奇
77427,Mike Lynn,Los Angeles Lakers|LA Clippers,LAL|LAC,迈克-利恩恩
1627815,Sheldon Mac,,,什伊尔登-马克
1928,Todd MacCulloch,Philadelphia 76ers|Brooklyn Nets,PHI|BKN,托德-麦克库尔洛奇
77430,Ronnie MacGilvray,,,罗尼-姆阿克格伊尔夫尔阿伊
931,Don MacLean,Washington Wizards|Denver Nuggets|Philadelphia 76ers|Brooklyn Nets|Oklahoma City Thunder|Phoenix Suns|Miami Heat,WAS|DEN|PHI|BKN|OKC|PHX|MIA,唐-麦克勒安
77428,Mike Macaluso,,,迈克-麦克阿卢索
77429,Ed Macauley,Boston Celtics|Atlanta Hawks,BOS|ATL,埃德-麦考利
203159,Scott Machado,Houston Rockets|Los Angeles Lakers,HOU|LAL,斯科特-姆阿奇阿德奥
101178,Arvydas Macijauskas,,,阿维达斯-马奇亚乌斯卡斯
77432,Ollie Mack,Los Angeles Lakers|Chicago Bulls|Dallas Mavericks,LAL|CHI|DAL,奥利-麦克
694,Sam Mack,San Antonio Spurs|Houston Rockets|Memphis Grizzlies|Golden State Warriors|Miami Heat,SAS|HOU|MEM|GSW|MIA,萨姆-麦克
202714,Shelvin Mack,Washington Wizards|Philadelphia 76ers|Atlanta Hawks|Utah Jazz|Orlando Magic|Memphis Grizzlies|Charlotte Hornets,WAS|PHI|ATL|UTA|ORL|MEM|CHA,什伊尔维恩-麦克
1635,Malcolm Mackey,,,马尔科姆-姆阿克埃伊
77435,Rudy Macklin,Atlanta Hawks|New York Knicks,ATL|NYK,鲁迪-麦克克林
202731,Vernon Macklin,,,弗农-麦克克尔伊恩
77436,Johnny Macknowski,Philadelphia 76ers,PHI,约翰尼-麦克克诺瓦斯基
1629133,Daryl Macon,Dallas Mavericks|Miami Heat,DAL|MIA,德阿尔伊尔-梅肯
1855,Mark Macon,Denver Nuggets|Detroit Pistons,DEN|DET,马克-麦克奥恩
1629122,J.P. Macura,Charlotte Hornets|Cleveland Cavaliers,CHA|CLE,JP-马库拉
77438,Kyle Macy,Phoenix Suns|Chicago Bulls|Indiana Pacers,PHX|CHI|IND,凯尔-麦克伊
77439,Jack Maddox,,,杰克-马多克斯
2432,Tito Maddox,,,蒂托-马多克斯
1666,Gerald Madkins,Cleveland Cavaliers|Golden State Warriors,CLE|GSW,杰拉德-马德基恩斯
2058,Mark Madsen,Los Angeles Lakers|Minnesota Timberwolves,LAL|MIN,马克-马德森
77441,Norm Mager,,,诺姆-姆阿格埃尔
203705,Josh Magette,Atlanta Hawks|Orlando Magic,ATL|ORL,约什-姆阿格特埃
1894,Corey Maggette,Orlando Magic|LA Clippers|Golden State Warriors|Milwaukee Bucks|Charlotte Hornets|Detroit Pistons,ORL|LAC|GSW|MIL|CHA|DET,科里-马盖蒂
77442,Dave Magley,,,戴夫-姆阿格利
2048,Jamaal Magloire,Charlotte Hornets|New Orleans Pelicans|Milwaukee Bucks|Portland Trail Blazers|Brooklyn Nets|Dallas Mavericks|Miami Heat|Toronto Raptors,CHA|NOP|MIL|POR|BKN|DAL|MIA|TOR,贾马尔-马格洛伊尔
1630266,Will Magnay,,,威尔-马格纳伊
101133,Ian Mahinmi,San Antonio Spurs|Dallas Mavericks|Indiana Pacers|Washington Wizards,SAS|DAL|IND|WAS,伊安-马希恩米
77443,John Mahnken,Detroit Pistons|Atlanta Hawks|Boston Celtics,DET|ATL|BOS,约翰-马赫恩凯恩
77444,Francis Mahoney,Boston Celtics,BOS,弗朗西斯-马奥尼
328,Rick Mahorn,Washington Wizards|Detroit Pistons|Philadelphia 76ers|Brooklyn Nets,WAS|DET|PHI|BKN,里克-马霍尔恩
105,Dan Majerle,Phoenix Suns|Cleveland Cavaliers|Miami Heat,PHX|CLE|MIA,丹-马杰尔
200970,Renaldo Major,,,尔埃恩阿尔德奥-姆阿杰奥尔
1627748,Thon Maker,Milwaukee Bucks|Detroit Pistons|Cleveland Cavaliers,MIL|DET|CLE,斯奥恩-马凯尔
77447,Lionel Malamed,Sacramento Kings,SAC,尔伊奥恩埃尔-姆阿尔阿姆埃德
1630177,Theo Maledon,Oklahoma City Thunder|Charlotte Hornets|Phoenix Suns,OKC|CHA|PHX,西奥-马勒登
117,Jeff Malone,Washington Wizards|Utah Jazz|Philadelphia 76ers|Miami Heat,WAS|UTA|PHI|MIA,杰夫-马龙
252,Karl Malone,Utah Jazz|Los Angeles Lakers,UTA|LAL,卡尔-马龙
77449,Moses Malone,LA Clippers|Houston Rockets|Philadelphia 76ers|Washington Wizards|Atlanta Hawks|Milwaukee Bucks|San Antonio Spurs,LAC|HOU|PHI|WAS|ATL|MIL|SAS,摩西-马龙
1074,Matt Maloney,Houston Rockets|Chicago Bulls|Atlanta Hawks,HOU|CHI|ATL,马特-马洛内伊
77450,Steve Malovic,Washington Wizards|LA Clippers|Detroit Pistons,WAS|LAC|DET,史蒂夫-马洛维克
1642863,Khaman Maluach,,,克哈曼-马卢阿奇
1630572,Sandro Mamukelashvili,Milwaukee Bucks|San Antonio Spurs|Toronto Raptors,MIL|SAS|TOR,萨恩德罗-马穆凯拉什维利
77451,Ted Manakas,,,特埃德-曼阿克阿斯
77452,John Mandic,Washington Wizards,WAS,约翰-曼德伊克
1630211,Karim Mane,,,卡里姆-曼伊
77453,Frank Mangiapane,,,弗兰克-曼格伊阿普阿恩埃
986,Marcus Mann,,,马库斯-曼
1629611,Terance Mann,LA Clippers|Atlanta Hawks|Brooklyn Nets,LAC|ATL|BKN,特伦斯-曼恩
1630544,Tre Mann,Oklahoma City Thunder|Charlotte Hornets,OKC|CHA,特雷-曼恩
330,Danny Manning,LA Clippers|Atlanta Hawks|Phoenix Suns|Milwaukee Bucks|Utah Jazz|Dallas Mavericks|Detroit Pistons,LAC|ATL|PHX|MIL|UTA|DAL|DET,丹尼-曼宁
77454,Ed Manning,Washington Wizards|Chicago Bulls|Portland Trail Blazers,WAS|CHI|POR,埃德-曼宁
316,Richard Manning,Memphis Grizzlies|LA Clippers,MEM|LAC,尔伊奇德-曼宁
1630185,Nico Mannion,,,尼科-曼尼奥恩
77456,Pace Mannion,Golden State Warriors|Utah Jazz|Brooklyn Nets|Milwaukee Bucks|Detroit Pistons|Atlanta Hawks,GSW|UTA|BKN|MIL|DET|ATL,帕塞-曼尼奥恩
77457,Nick Mantis,Los Angeles Lakers|Washington Wizards,LAL|WAS,尼克-曼特伊斯
77459,Pete Maravich,Atlanta Hawks|Utah Jazz|Boston Celtics,ATL|UTA|BOS,皮特-马拉维奇
77458,Peter Maravich,,,普埃特-姆阿尔阿夫伊奇
203906,Devyn Marble,Orlando Magic,ORL,德夫伊恩-马尔布尔
77460,Roy Marble,Atlanta Hawks|Denver Nuggets,ATL|DEN,罗伊-马布尔
950,Stephon Marbury,Minnesota Timberwolves|Brooklyn Nets|Phoenix Suns|New York Knicks|Boston Celtics,MIN|BKN|PHX|NYK|BOS,斯特夫奥恩-马尔布尔伊
36,Sarunas Marciulionis,Golden State Warriors|Oklahoma City Thunder|Sacramento Kings|Cleveland Cavaliers|Denver Nuggets,GSW|OKC|SAC|CLE|DEN,萨鲁纳斯-姆阿尔克伊乌尔伊奥恩伊斯
77462,Saul Mariaschin,,,斯阿乌尔-姆阿尔伊阿斯奇伊恩
77463,Jack Marin,Washington Wizards|Houston Rockets|LA Clippers|Chicago Bulls,WAS|HOU|LAC|CHI,杰克-马里恩
1890,Shawn Marion,Phoenix Suns|Miami Heat|Toronto Raptors|Dallas Mavericks|Cleveland Cavaliers,PHX|MIA|TOR|DAL|CLE,肖恩-马里奥恩
1626246,Boban Marjanovic,San Antonio Spurs|Detroit Pistons|LA Clippers|Philadelphia 76ers|Dallas Mavericks|Houston Rockets,SAS|DET|LAC|PHI|DAL|HOU,博班-马扬诺维奇
1628374,Lauri Markkanen,Chicago Bulls|Cleveland Cavaliers|Utah Jazz,CHI|CLE|UTA,劳里-马尔卡宁
200806,Damir Markota,,,达米尔-马尔科塔
1752,Sean Marks,Toronto Raptors|Miami Heat|San Antonio Spurs|Phoenix Suns|New Orleans Pelicans|Portland Trail Blazers,TOR|MIA|SAS|PHX|NOP|POR,肖恩-马尔克斯
77464,Harvey Marlatt,Detroit Pistons,DET,哈维-马尔拉特特
77465,Eric Marsh,,,埃里克-马什
77466,Jim Marsh,,,吉姆-马尔什
681,Donny Marshall,Cleveland Cavaliers|Brooklyn Nets,CLE|BKN,登恩伊-马歇尔
923,Donyell Marshall,Minnesota Timberwolves|Golden State Warriors|Utah Jazz|Chicago Bulls|Toronto Raptors|Cleveland Cavaliers|Oklahoma City Thunder|Philadelphia 76ers,MIN|GSW|UTA|CHI|TOR|CLE|OKC|PHI,唐耶尔-马歇尔
203088,Kendall Marshall,Phoenix Suns|Los Angeles Lakers|Milwaukee Bucks|Philadelphia 76ers,PHX|LAL|MIL|PHI,肯德尔-马歇尔
1630230,Naji Marshall,New Orleans Pelicans|Dallas Mavericks,NOP|DAL,纳吉-马歇尔
101185,Rawle Marshall,Dallas Mavericks|Indiana Pacers,DAL|IND,拉瓦尔-马歇尔
77467,Tom Marshall,Sacramento Kings,SAC,汤姆-马歇尔
77468,Vester Marshall,,,夫埃斯特-马歇尔
1642918,Alijah Martin,,,阿利贾赫-马丁
77481,Bill Martin,Indiana Pacers|New York Knicks|Phoenix Suns,IND|NYK|PHX,比尔-马丁
77478,Bob Martin,LA Clippers,LAC,鲍勃-马丁
77469,Brian Martin,Portland Trail Blazers|Oklahoma City Thunder,POR|OKC,布赖恩-马丁
1628997,Caleb Martin,Charlotte Hornets|Miami Heat|Philadelphia 76ers|Dallas Mavericks,CHA|MIA|PHI|DAL,凯莱布-马丁
201858,Cartier Martin,Charlotte Hornets|Golden State Warriors|Washington Wizards|Chicago Bulls|Atlanta Hawks|Detroit Pistons,CHA|GSW|WAS|CHI|ATL|DET,卡尔蒂伊尔-马丁
1628998,Cody Martin,Charlotte Hornets|Phoenix Suns|Indiana Pacers,CHA|PHX|IND,科迪-马丁
733,Cuonzo Martin,Memphis Grizzlies|Milwaukee Bucks,MEM|MIL,克乌奥恩兹奥-马丁
239,Darrick Martin,Minnesota Timberwolves|Memphis Grizzlies|LA Clippers|Sacramento Kings|Dallas Mavericks|Toronto Raptors,MIN|MEM|LAC|SAC|DAL|TOR,达尔里克-马丁
77473,Don Martin,,,唐-马丁
77471,Donald Martin,,,德奥恩阿尔德-马丁
77472,Fernando Martin,,,弗埃尔恩德奥-马丁
1626185,Jarell Martin,Memphis Grizzlies|Orlando Magic,MEM|ORL,贾雷尔-马丁
1641798,Jaylen Martin,Brooklyn Nets|Washington Wizards,BKN|WAS,杰伦-马丁
77474,Jeff Martin,LA Clippers,LAC,杰夫-马丁
1629725,Jeremiah Martin,Brooklyn Nets|Cleveland Cavaliers,BKN|CLE,杰雷米阿赫-马丁
1630231,KJ Martin,Houston Rockets|LA Clippers|Philadelphia 76ers|Utah Jazz,HOU|LAC|PHI|UTA,KJ-马丁
1629103,Kelan Martin,Minnesota Timberwolves|Indiana Pacers|Boston Celtics,MIN|IND|BOS,凯拉恩-马丁
2030,Kenyon Martin,Brooklyn Nets|Denver Nuggets|LA Clippers|New York Knicks|Milwaukee Bucks,BKN|DEN|LAC|NYK|MIL,肯扬-马丁
2755,Kevin Martin,Sacramento Kings|Houston Rockets|Oklahoma City Thunder|Minnesota Timberwolves|San Antonio Spurs,SAC|HOU|OKC|MIN|SAS,凯文-马丁
77475,Larue Martin,Portland Trail Blazers,POR,拉鲁-马丁
77476,Mo Martin,Denver Nuggets,DEN,姆奥-马丁
77477,Phil Martin,,,菲尔-马丁
77479,Ronald Martin,,,罗纳德-马丁
77480,Slater Martin,Los Angeles Lakers|Atlanta Hawks,LAL|ATL,斯莱特-马丁
1631213,Tyrese Martin,Atlanta Hawks|Brooklyn Nets|Philadelphia 76ers,ATL|BKN|PHI,泰雷塞-马丁
1642942,Jahmai Mashack,,,贾赫马伊-马什阿克
469,Jamal Mashburn,Dallas Mavericks|Miami Heat|Charlotte Hornets|New Orleans Pelicans,DAL|MIA|CHA|NOP,贾马尔-马什布尔恩
77482,Al Masino,Atlanta Hawks|Philadelphia 76ers,ATL|PHI,艾尔-马西诺
193,Anthony Mason,Brooklyn Nets|Denver Nuggets|New York Knicks|Charlotte Hornets|Miami Heat|Milwaukee Bucks,BKN|DEN|NYK|CHA|MIA|MIL,安东尼-梅森
2046,Desmond Mason,Oklahoma City Thunder|Milwaukee Bucks|New Orleans Pelicans|Sacramento Kings,OKC|MIL|NOP|SAC,德斯蒙德-梅森
1628412,Frank Mason III,Sacramento Kings|Milwaukee Bucks|Orlando Magic,SAC|MIL|ORL,弗兰克-梅森
2427,Roger Mason Jr.,Chicago Bulls|Toronto Raptors|Washington Wizards|San Antonio Spurs|New York Knicks|New Orleans Pelicans|Miami Heat,CHI|TOR|WAS|SAS|NYK|NOP|MIA,罗杰-梅森
763,Tony Massenburg,San Antonio Spurs|Charlotte Hornets|Boston Celtics|Golden State Warriors|LA Clippers|Toronto Raptors|Philadelphia 76ers|Brooklyn Nets|Memphis Grizzlies|Houston Rockets|Utah Jazz|Sacramento Kings,SAS|CHA|BOS|GSW|LAC|TOR|PHI|BKN|MEM|HOU|UTA|SAC,托尼-马森伯格
77483,Eddie Mast,New York Knicks|Atlanta Hawks,NYK|ATL,埃迪-马斯特
1628999,Yante Maten,,,伊阿恩特埃-姆阿特埃恩
1629726,Garrison Mathews,Washington Wizards|Houston Rockets|Atlanta Hawks|Indiana Pacers,WAS|HOU|ATL|IND,加尔里森-马斯伊瓦斯
1628493,Mangok Mathiang,,,曼格奥克-姆阿思伊阿恩
1629751,Dakota Mathias,Philadelphia 76ers|Memphis Grizzlies,PHI|MEM,达科塔-马斯伊阿斯
1631097,Bennedict Mathurin,Indiana Pacers|LA Clippers,IND|LAC,本尼迪克特-马瑟林
1631255,Karlo Matković,New Orleans Pelicans,NOP,卡尔洛-马特科维克
77484,Wes Matthews,Washington Wizards|Atlanta Hawks|Philadelphia 76ers|Chicago Bulls|San Antonio Spurs|Los Angeles Lakers,WAS|ATL|PHI|CHI|SAS|LAL,韦斯-马修斯
202083,Wesley Matthews,Utah Jazz|Portland Trail Blazers|Dallas Mavericks|New York Knicks|Indiana Pacers|Milwaukee Bucks|Los Angeles Lakers|Atlanta Hawks,UTA|POR|DAL|NYK|IND|MIL|LAL|ATL,韦斯利-马修斯
77485,Ariel Maughan,,,阿尔伊尔-姆阿乌格赫阿恩
77486,Marlon Maxey,Minnesota Timberwolves,MIN,马龙-马克西
1630178,Tyrese Maxey,Philadelphia 76ers,PHI,泰雷塞-马克西
101131,Jason Maxiell,Detroit Pistons|Orlando Magic|Charlotte Hornets,DET|ORL|CHA,杰森-马克斯伊尔
77487,Cedric Maxwell,Boston Celtics|LA Clippers|Houston Rockets,BOS|LAC|HOU,塞德里克-马克斯韦尔
137,Vernon Maxwell,San Antonio Spurs|Houston Rockets|Philadelphia 76ers|Orlando Magic|Charlotte Hornets|Sacramento Kings|Oklahoma City Thunder|Dallas Mavericks,SAS|HOU|PHI|ORL|CHA|SAC|OKC|DAL,弗农-马克斯韦尔
77489,Don May,New York Knicks|LA Clippers|Atlanta Hawks|Philadelphia 76ers|Sacramento Kings,NYK|LAC|ATL|PHI|SAC,唐-梅
77490,Scott May,Chicago Bulls|Milwaukee Bucks|Detroit Pistons,CHI|MIL|DET,斯科特-梅
101118,Sean May,Charlotte Hornets|Sacramento Kings,CHA|SAC,肖恩-梅
195,Lee Mayberry,Milwaukee Bucks|Memphis Grizzlies,MIL|MEM,李-马伊贝尔伊
77492,Clyde Mayes,Milwaukee Bucks|Indiana Pacers|LA Clippers|Portland Trail Blazers,MIL|IND|LAC|POR,克莱德-马伊伊斯
77493,Tharon Mayes,Philadelphia 76ers|LA Clippers,PHI|LAC,思阿尔奥恩-姆阿伊埃斯
77495,Bill Mayfield,,,比尔-姆阿伊弗伊尔德
77494,Ken Mayfield,,,肯-姆阿伊弗伊尔德
201953,Eric Maynor,Utah Jazz|Oklahoma City Thunder|Portland Trail Blazers|Washington Wizards|Philadelphia 76ers,UTA|OKC|POR|WAS|PHI,埃里克-马伊诺尔
201564,O.J. Mayo,Memphis Grizzlies|Dallas Mavericks|Milwaukee Bucks,MEM|DAL|MIL,OJ-马伊奥
1630219,Skylar Mays,Atlanta Hawks|Portland Trail Blazers|Los Angeles Lakers,ATL|POR|LAL,斯克伊拉尔-马伊斯
77496,Travis Mays,Sacramento Kings|Atlanta Hawks,SAC|ATL,特拉维斯-马伊斯
77497,Matt Mazza,,,马特-姆阿兹兹阿
1643024,Chris Mañon,,,克里斯-曼奥恩
201601,Luc Mbah a Moute,Milwaukee Bucks|Sacramento Kings|Minnesota Timberwolves|Philadelphia 76ers|LA Clippers|Houston Rockets,MIL|SAC|MIN|PHI|LAC|HOU,卢克-姆布阿赫-阿-莫乌特
1643016,Bez Mbeng,,,贝兹-姆本
2788,DJ Mbenga,Dallas Mavericks|Golden State Warriors|Los Angeles Lakers|New Orleans Pelicans,DAL|GSW|LAL|NOP,DJ-姆本加
77498,Bob McAdoo,LA Clippers|New York Knicks|Boston Celtics|Detroit Pistons|Brooklyn Nets|Los Angeles Lakers|Philadelphia 76ers,LAC|NYK|BOS|DET|BKN|LAL|PHI,鲍勃-麦卡杜
203949,James Michael McAdoo,Golden State Warriors|Philadelphia 76ers,GSW|PHI,詹姆斯-迈克尔-麦克阿多奥
77499,Ken McBride,,,肯-麦克布赖德
1630540,Miles McBride,New York Knicks,NYK,迈尔斯-麦克布里德
1642272,Jared McCain,Philadelphia 76ers|Oklahoma City Thunder,PHI|OKC,贾里德-麦克卡伊恩
1628769,Tahjere McCall,,,特阿赫杰埃尔埃-麦考尔
203492,Ray McCallum,Sacramento Kings|San Antonio Spurs|Memphis Grizzlies,SAC|SAS|MEM,雷-麦克卡尔卢姆
737,Bob McCann,Dallas Mavericks|Detroit Pistons|Minnesota Timberwolves|Washington Wizards|Toronto Raptors,DAL|DET|MIN|WAS|TOR,鲍勃-麦克卡恩恩
77500,Brendan McCann,New York Knicks,NYK,布雷恩达恩-麦克卡恩恩
77502,Mel McCants,,,梅尔-麦坎茨
101119,Rashad McCants,Minnesota Timberwolves|Sacramento Kings,MIN|SAC,拉什阿德-麦克卡恩特斯
77503,Mike McCarron,,,迈克-麦克克阿尔尔奥恩
77504,Andre McCarter,Sacramento Kings|Washington Wizards,SAC|WAS,安德烈-麦克卡特
77505,Willie McCarter,Los Angeles Lakers|Portland Trail Blazers,LAL|POR,威利-麦克卡特
77506,Johnny McCarthy,Sacramento Kings|Atlanta Hawks|Boston Celtics,SAC|ATL|BOS,约翰尼-麦克卡尔斯伊
77507,Howie McCarty,,,豪伊-麦卡蒂
1820,Kelly McCarty,,,凯利-麦卡蒂
962,Walter McCarty,New York Knicks|Boston Celtics|Phoenix Suns|LA Clippers,NYK|BOS|PHX|LAC,沃尔特-麦克卡尔特伊
1043,Amal McCaskill,Orlando Magic|San Antonio Spurs|Atlanta Hawks|Philadelphia 76ers,ORL|SAS|ATL|PHI,姆阿尔-麦卡斯基尔
1627775,Patrick McCaw,Golden State Warriors|Cleveland Cavaliers|Toronto Raptors,GSW|CLE|TOR,帕特里克-麦克卡瓦
77509,Dwayne McClain,,,德瓦伊恩-麦克克拉伊恩
77510,"Ted, Hound Dog McClain",Denver Nuggets|Philadelphia 76ers|LA Clippers|Phoenix Suns,DEN|PHI|LAC|PHX,特埃德-赫奥恩德德奥格-麦克莱恩
2082,Dan McClintock,,,丹-麦克克尔伊恩特奥克
77512,Jack McCloskey,,,杰克-麦克克尔奥斯克埃伊
45,George McCloud,Indiana Pacers|Dallas Mavericks|Los Angeles Lakers|Phoenix Suns|Denver Nuggets,IND|DAL|LAL|PHX|DEN,乔治-麦克克洛乌德
1630644,Mac McClung,Chicago Bulls|Los Angeles Lakers|Philadelphia 76ers|Orlando Magic|Indiana Pacers,CHI|LAL|PHI|ORL|IND,马克-麦克克卢恩格
203468,CJ McCollum,Portland Trail Blazers|New Orleans Pelicans|Washington Wizards|Atlanta Hawks,POR|NOP|WAS|ATL,CJ-麦科勒姆
77513,John McConathy,,,约翰-麦克克奥恩阿思伊
77514,Paul McConnell,,,保罗-麦康奈尔
204456,T.J. McConnell,Philadelphia 76ers|Indiana Pacers,PHI|IND,TJ-麦克科恩内尔
77515,Keith McCord,,,基思-麦克克奥尔德
77516,Tim McCormick,Oklahoma City Thunder|Philadelphia 76ers|Brooklyn Nets|Houston Rockets|Atlanta Hawks|New York Knicks,OKC|PHI|BKN|HOU|ATL|NYK,蒂姆-麦克科尔米克
1741,Jelani McCoy,Oklahoma City Thunder|Los Angeles Lakers|Toronto Raptors|Cleveland Cavaliers|Atlanta Hawks|Denver Nuggets,OKC|LAL|TOR|CLE|ATL|DEN,杰拉尼-麦科伊
77517,Paul McCracken,Houston Rockets|Chicago Bulls,HOU|CHI,保罗-麦克克拉克伊恩
200840,Chris McCray,,,克里斯-麦克雷
1622,Rodney McCray,Houston Rockets|Sacramento Kings|Dallas Mavericks|Chicago Bulls,HOU|SAC|DAL|CHI,罗德尼-麦克克拉伊
77518,Scooter McCray,Oklahoma City Thunder|Cleveland Cavaliers,OKC|CLE,斯科奥特尔-麦克克拉伊
1628571,Erik McCree,,,埃尔伊克-麦克克尔埃埃
1641755,Kevin McCullar Jr.,New York Knicks,NYK,凯文-麦克库尔拉尔
1626191,Chris McCullough,Brooklyn Nets|Washington Wizards,BKN|WAS,克里斯-麦克库尔洛乌格赫
77520,John McCullough,,,约翰-麦卡洛
723,Clint McDaniel,,,克林特-麦克丹尼尔
1365,Xavier McDaniel,Oklahoma City Thunder|Phoenix Suns|New York Knicks|Boston Celtics|Brooklyn Nets,OKC|PHX|NYK|BOS|BKN,泽维尔-麦克丹尼尔
1630183,Jaden McDaniels,Minnesota Timberwolves,MIN,杰登-麦克丹尼尔斯
1629667,Jalen McDaniels,Charlotte Hornets|Philadelphia 76ers|Toronto Raptors|Washington Wizards,CHA|PHI|TOR|WAS,杰伦-麦克丹尼尔斯
77523,Jim McDaniels,Oklahoma City Thunder|Los Angeles Lakers|LA Clippers,OKC|LAL|LAC,吉姆-麦克丹尼尔斯
203909,KJ McDaniels,Philadelphia 76ers|Houston Rockets|Brooklyn Nets,PHI|HOU|BKN,KJ-麦克丹尼尔斯
203926,Doug McDermott,Chicago Bulls|Oklahoma City Thunder|New York Knicks|Dallas Mavericks|Indiana Pacers|San Antonio Spurs|Sacramento Kings,CHI|OKC|NYK|DAL|IND|SAS|SAC,道格-麦克德莫特
1630253,Sean McDermott,,,肖恩-麦克德莫特
77524,Ben McDonald,Cleveland Cavaliers|Golden State Warriors,CLE|GSW,本-麦克唐纳德
77525,Glenn McDonald,Boston Celtics|Milwaukee Bucks,BOS|MIL,格伦-麦克唐纳德
1075,Michael McDonald,,,迈克尔-麦克唐纳
77527,Hank McDowell,Golden State Warriors|Portland Trail Blazers|LA Clippers|Houston Rockets|Milwaukee Bucks,GSW|POR|LAC|HOU|MIL,哈恩克-麦克多韦尔
686,Antonio McDyess,Denver Nuggets|Phoenix Suns|New York Knicks|Detroit Pistons|San Antonio Spurs,DEN|PHX|NYK|DET|SAS,安东尼奥-麦克戴斯
77528,Jim McElroy,Utah Jazz|Atlanta Hawks|Detroit Pistons,UTA|ATL|DET,吉姆-麦克伊尔罗伊
200829,Ivan McFarlin,,,伊万-麦克弗阿尔尔伊恩
77529,Mel McGaha,,,梅尔-麦加哈
203956,Mitch McGary,Oklahoma City Thunder,OKC,米奇-麦克加里
201580,JaVale McGee,Washington Wizards|Denver Nuggets|Philadelphia 76ers|Dallas Mavericks|Golden State Warriors|Los Angeles Lakers|Cleveland Cavaliers|Phoenix Suns|Sacramento Kings,WAS|DEN|PHI|DAL|GSW|LAL|CLE|PHX|SAC,贾维尔-麦基
77530,Mike McGee,Los Angeles Lakers|Atlanta Hawks|Sacramento Kings|Brooklyn Nets|Phoenix Suns,LAL|ATL|SAC|BKN|PHX,迈克-麦基
77531,Bill McGill,Washington Wizards|New York Knicks|Los Angeles Lakers|Atlanta Hawks,WAS|NYK|LAL|ATL,比尔-麦吉尔
77532,George McGinnis,Philadelphia 76ers|Denver Nuggets|Indiana Pacers,PHI|DEN|IND,乔治-麦克吉恩尼斯
77533,Jon McGlocklin,Sacramento Kings|Houston Rockets|Milwaukee Bucks,SAC|HOU|MIL,乔恩-麦克格洛克林
1631121,Bryce McGowens,Charlotte Hornets|Portland Trail Blazers|New Orleans Pelicans,CHA|POR|NOP,布尔伊克-麦克戈韦恩斯
1503,Tracy McGrady,Toronto Raptors|Orlando Magic|Houston Rockets|New York Knicks|Detroit Pistons|Atlanta Hawks,TOR|ORL|HOU|NYK|DET|ATL,特雷西-麦克格雷迪
77534,Gil McGregor,,,吉尔-麦克格雷戈尔
1630787,Cameron McGriff,,,卡梅伦-麦克格里夫夫
203585,Rodney McGruder,Miami Heat|LA Clippers|Detroit Pistons,MIA|LAC|DET,罗德尼-麦克格鲁德尔
77536,Al McGuire,New York Knicks,NYK,阿尔-麦圭尔
77535,Allie McGuire,,,阿尔伊-麦圭尔
77537,Dick McGuire,New York Knicks|Detroit Pistons,NYK|DET,迪克-麦圭尔
201187,Dominic McGuire,Washington Wizards|Sacramento Kings|Charlotte Hornets|Golden State Warriors|Toronto Raptors|New Orleans Pelicans|Indiana Pacers,WAS|SAC|CHA|GSW|TOR|NOP|IND,多米尼克-麦圭尔
1450,Kevin McHale,Boston Celtics,BOS,凯文-麦克海尔
29,Jim McIlvaine,Washington Wizards|Oklahoma City Thunder|Brooklyn Nets,WAS|OKC|BKN,吉姆-麦克伊尔瓦伊恩
976,Jeff McInnis,Denver Nuggets|Washington Wizards|LA Clippers|Portland Trail Blazers|Cleveland Cavaliers|Brooklyn Nets|Charlotte Hornets,DEN|WAS|LAC|POR|CLE|BKN|CHA,杰夫-麦克伊恩尼斯
77540,Kenny McIntosh,Chicago Bulls|Oklahoma City Thunder,CHI|OKC,肯尼-麦克伊恩托什
77541,Kevin McKenna,Los Angeles Lakers|Indiana Pacers|Brooklyn Nets|Washington Wizards,LAL|IND|BKN|WAS,凯文-麦克凯恩纳
77542,Forrest McKenzie,,,弗奥尔埃斯特-麦肯齐
77543,Stan McKenzie,Washington Wizards|Phoenix Suns|Portland Trail Blazers|Houston Rockets,WAS|PHX|POR|HOU,斯坦-麦克凯恩齐
365,Derrick McKey,Oklahoma City Thunder|Indiana Pacers|Philadelphia 76ers,OKC|IND|PHI,德里克-麦克凯伊
243,Aaron McKie,Portland Trail Blazers|Detroit Pistons|Philadelphia 76ers|Los Angeles Lakers,POR|DET|PHI|LAL,阿隆-麦基
77547,Billy McKinney,Sacramento Kings|Utah Jazz|Denver Nuggets|LA Clippers|Chicago Bulls,SAC|UTA|DEN|LAC|CHI,比利-麦金尼
77545,Carlton McKinney,LA Clippers|New York Knicks,LAC|NYK,克阿尔顿-麦金尼
77546,Horace McKinney,Boston Celtics,BOS,赫奥尔阿克埃-麦金尼
203590,Trey McKinney-Jones,,,特雷-姆克伊恩恩埃伊-琼斯
1628035,Alfonzo McKinnie,Toronto Raptors|Golden State Warriors|Cleveland Cavaliers|Los Angeles Lakers|Chicago Bulls,TOR|GSW|CLE|LAL|CHI,阿方佐-麦金尼
1630605,JaQuori McLaughlin,,,贾奎奥里-麦克拉乌格赫林
1629162,Jordan McLaughlin,Minnesota Timberwolves|Sacramento Kings|San Antonio Spurs,MIN|SAC|SAS,乔丹-麦克拉乌格赫林
203463,Ben McLemore,Sacramento Kings|Memphis Grizzlies|Houston Rockets|Los Angeles Lakers|Portland Trail Blazers,SAC|MEM|HOU|LAL|POR,本-麦克勒莫
77548,Mccoy McLemore,Golden State Warriors|Chicago Bulls|Phoenix Suns|Detroit Pistons|Milwaukee Bucks|Cleveland Cavaliers|Houston Rockets,GSW|CHI|PHX|DET|MIL|CLE|HOU,麦科伊-麦克勒莫
77549,George McLeod,,,乔治-麦克尔埃奥德
2693,Keith McLeod,Minnesota Timberwolves|Utah Jazz|Golden State Warriors|Indiana Pacers,MIN|UTA|GSW|IND,基思-麦克勒奥德
1728,Roshown McLeod,Atlanta Hawks|Philadelphia 76ers,ATL|PHI,罗什奥恩-麦克勒奥德
77551,Jack McMahon,Sacramento Kings|Atlanta Hawks,SAC|ATL,杰克-麦克马霍恩
203,Nate McMillan,Oklahoma City Thunder,OKC,内特-麦克米尔拉恩
77553,Tom McMillen,LA Clippers|New York Knicks|Atlanta Hawks|Washington Wizards,LAC|NYK|ATL|WAS,汤姆-麦克米尔伦
77554,Jim McMillian,Los Angeles Lakers|LA Clippers|New York Knicks|Portland Trail Blazers,LAL|LAC|NYK|POR,吉姆-麦克米尔利安
77555,Shellie McMillon,Detroit Pistons|Atlanta Hawks,DET|ATL,什伊尔利-麦克米尔洛恩
77556,Mal McMullan,,,马尔-麦克穆兰
77557,Chet McNabb,,,切特-麦克纳布
77558,Mark McNamara,Philadelphia 76ers|San Antonio Spurs|Sacramento Kings|Los Angeles Lakers|Orlando Magic,PHI|SAS|SAC|LAL|ORL,马克-麦克纳马拉
77559,Joe McNamee,Sacramento Kings,SAC,乔-麦克纳梅
202077,Jerel McNeal,,,杰雷尔-麦克尼尔
77560,Chris McNealy,New York Knicks,NYK,克里斯-麦克内阿利
1642862,Liam McNeeley,,,利姆-麦克内伊利
77562,Bob McNeill,New York Knicks|Los Angeles Lakers,NYK|LAL,鲍勃-麦克内伊尔
77561,Larry McNeill,Sacramento Kings|Golden State Warriors|Brooklyn Nets|LA Clippers|Detroit Pistons,SAC|GSW|BKN|LAC|DET,拉里-麦克内伊尔
77563,Carl McNulty,,,卡尔-麦克纳尔蒂
2101,Paul McPherson,Phoenix Suns|Golden State Warriors,PHX|GSW,保罗-麦克夫伊尔森
77565,Cozell McQueen,,,克奥兹埃尔-麦克奎因
203895,Jordan McRae,Phoenix Suns|Cleveland Cavaliers|Washington Wizards|Denver Nuggets|Detroit Pistons,PHX|CLE|WAS|DEN|DET,乔丹-麦克拉伊
77566,Thales McReynolds,,,思阿莱斯-麦克雷诺兹
201177,Josh McRoberts,Portland Trail Blazers|Indiana Pacers|Los Angeles Lakers|Orlando Magic|Charlotte Hornets|Miami Heat|Dallas Mavericks,POR|IND|LAL|ORL|CHA|MIA|DAL,约什-麦克罗伯茨
1629098,Jack McVeigh,,,杰克-麦克维伊格赫
77567,Eric McWilliams,,,埃里克-麦克威廉姆斯
77568,George Mearns,,,乔治-姆埃阿尔恩斯
2098,Slava Medvedenko,Los Angeles Lakers|Atlanta Hawks,LAL|ATL,斯拉瓦-梅德维登科
1577,Darnell Mee,Denver Nuggets,DEN,达内尔-梅伊
201975,Jodie Meeks,Milwaukee Bucks|Philadelphia 76ers|Los Angeles Lakers|Detroit Pistons|Orlando Magic|Washington Wizards|Toronto Raptors,MIL|PHI|LAL|DET|ORL|WAS|TOR,乔迪-梅伊克斯
77570,Cliff Meely,Houston Rockets|Los Angeles Lakers,HOU|LAL,克利夫-梅伊利
77571,Scott Meents,Oklahoma City Thunder,OKC,斯科特-梅伊恩特斯
77572,Dick Mehen,Detroit Pistons|Atlanta Hawks,DET|ATL,迪克-梅赫恩
77573,Don Meineke,Detroit Pistons|Sacramento Kings,DET|SAC,唐-姆埃伊恩埃克埃
77574,Carl Meinhold,,,卡尔-姆埃恩赫奥尔德
1626257,Salah Mejri,Dallas Mavericks,DAL,萨拉赫-梅杰里
203539,Gal Mekel,Dallas Mavericks|New Orleans Pelicans,DAL|NOP,加尔-梅凯尔
77576,Bill Melchionni,Philadelphia 76ers,PHI,比尔-梅尔奇伊奥恩尼
77575,Gary Melchionni,Phoenix Suns,PHX,加里-梅尔奇伊奥恩尼
1629740,Nicolo Melli,New Orleans Pelicans|Dallas Mavericks,NOP|DAL,尼科洛-梅尔利
203097,Fab Melo,,,法布-梅洛
1629001,De'Anthony Melton,Phoenix Suns|Memphis Grizzlies|Philadelphia 76ers|Golden State Warriors,PHX|MEM|PHI|GSW,德安斯奥恩伊-梅尔顿
77577,Ed Melvin,,,埃德-梅尔文
77578,Dean Meminger,New York Knicks|Atlanta Hawks,NYK|ATL,迪恩-梅米恩杰尔
77579,Chuck Mencel,Los Angeles Lakers,LAL,查克-梅恩塞尔
77580,John Mengelt,Sacramento Kings|Detroit Pistons|Chicago Bulls|Golden State Warriors,SAC|DET|CHI|GSW,约翰-梅恩杰尔特
77581,Ken Menke,,,肯-姆埃恩克埃
1641877,Nathan Mensah,,,纳斯安-梅恩萨赫
200822,Pops Mensah-Bonsu,Dallas Mavericks|San Antonio Spurs|Toronto Raptors|Houston Rockets|New Orleans Pelicans,DAL|SAS|TOR|HOU|NOP,普奥普斯-姆埃恩斯阿赫-布奥恩斯乌
1500,Ron Mercer,Boston Celtics|Denver Nuggets|Orlando Magic|Chicago Bulls|Indiana Pacers|San Antonio Spurs|Brooklyn Nets,BOS|DEN|ORL|CHI|IND|SAS|BKN,罗恩-梅尔塞尔
77582,Joe Meriweather,Houston Rockets|Atlanta Hawks|Utah Jazz|New York Knicks|Sacramento Kings,HOU|ATL|UTA|NYK|SAC,乔-梅里韦特赫尔
77583,Porter Meriwether,,,波特-梅里韦斯伊尔
1630241,Sam Merrill,Milwaukee Bucks|Memphis Grizzlies|Cleveland Cavaliers,MIL|MEM|CLE,萨姆-梅尔里尔
77584,Tom Meschery,Golden State Warriors|Oklahoma City Thunder,GSW|OKC,汤姆-梅斯克伊尔伊
1629002,Chimezie Metu,San Antonio Spurs|Sacramento Kings|Phoenix Suns|Detroit Pistons,SAS|SAC|PHX|DET,奇伊梅齐-梅图
684,Loren Meyer,Dallas Mavericks|Phoenix Suns|Denver Nuggets,DAL|PHX|DEN,洛雷恩-梅伊伊尔
77586,Dave Meyers,Milwaukee Bucks,MIL,戴夫-梅伊伊尔斯
77587,Stan Miasek,Atlanta Hawks,ATL,斯坦-米阿斯伊克
77588,Larry Micheaux,Sacramento Kings|Houston Rockets|Milwaukee Bucks,SAC|HOU|MIL,拉里-米奇伊乌克斯
203995,Vasilije Micic,Oklahoma City Thunder|Charlotte Hornets|Phoenix Suns,OKC|CHA|PHX,瓦西利杰-米西奇
1626175,Jordan Mickey,Boston Celtics|Miami Heat,BOS|MIA,乔丹-米奇
203114,Khris Middleton,Detroit Pistons|Milwaukee Bucks|Washington Wizards|Dallas Mavericks,DET|MIL|WAS|DAL,克里斯-米德尔顿
77589,Zigmund Mihalik,,,兹伊格姆乌恩德-姆伊赫阿尔伊克
2036,Chris Mihm,Cleveland Cavaliers|Boston Celtics|Los Angeles Lakers,CLE|BOS|LAL,克里斯-米赫姆
1628450,Eric Mika,,,埃里克-姆伊克阿
77590,Ed Mikan,Sacramento Kings|Golden State Warriors|Boston Celtics,SAC|GSW|BOS,埃德-迈肯
600012,George Mikan,Los Angeles Lakers,LAL,乔治-迈肯
77591,Larry Mikan,,,拉里-迈肯
77593,Vern Mikkelsen,Los Angeles Lakers,LAL,弗恩-米克尔森
77594,Al Miksis,,,阿尔-米克西斯
101223,Aaron Miles,,,阿龙-迈尔斯
101139,CJ Miles,Utah Jazz|Cleveland Cavaliers|Indiana Pacers|Toronto Raptors|Memphis Grizzlies|Washington Wizards|Boston Celtics,UTA|CLE|IND|TOR|MEM|WAS|BOS,CJ-迈尔斯
2032,Darius Miles,LA Clippers|Cleveland Cavaliers|Portland Trail Blazers|Memphis Grizzlies,LAC|CLE|POR|MEM,达里厄斯-迈尔斯
77596,Eddie Miles,Detroit Pistons|Washington Wizards|New York Knicks,DET|WAS|NYK,埃迪-迈尔斯
1527,Marko Milic,Phoenix Suns,PHX,姆阿尔克奥-姆伊尔伊克
2545,Darko Milicic,Detroit Pistons|Orlando Magic|Memphis Grizzlies|New York Knicks|Minnesota Timberwolves|Boston Celtics,DET|ORL|MEM|NYK|MIN|BOS,德阿尔克奥-米利西奇
77598,Nat Militzok,New York Knicks,NYK,恩阿特-姆伊尔伊特兹奥克
1889,Andre Miller,Cleveland Cavaliers|LA Clippers|Denver Nuggets|Philadelphia 76ers|Portland Trail Blazers|Washington Wizards|Sacramento Kings|Minnesota Timberwolves|San Antonio Spurs,CLE|LAC|DEN|PHI|POR|WAS|SAC|MIN|SAS,安德烈-米勒
292,Anthony Miller,Los Angeles Lakers|Atlanta Hawks|Houston Rockets|Philadelphia 76ers,LAL|ATL|HOU|PHI,安东尼-米勒
77605,Bill Miller,,,比尔-米勒
77603,Bob Miller,,,鲍勃-米勒
1802,Brad Miller,Charlotte Hornets|Chicago Bulls|Indiana Pacers|Sacramento Kings|Houston Rockets|Minnesota Timberwolves,CHA|CHI|IND|SAC|HOU|MIN,布拉德-米勒
1641706,Brandon Miller,Charlotte Hornets,CHA,布兰登-米勒
203121,Darius Miller,New Orleans Pelicans|Oklahoma City Thunder,NOP|OKC,达里厄斯-米勒
77602,Dick Miller,Indiana Pacers|Utah Jazz,IND|UTA,迪克-米勒
77599,Eddie Miller,,,埃迪-米勒
1641801,Emanuel Miller,Chicago Bulls,CHI,伊曼乌伊尔-米勒
77600,Harry Miller,,,哈里-米勒
77601,Jay Miller,Atlanta Hawks|Milwaukee Bucks,ATL|MIL,杰伊-米勒
1641757,Jordan Miller,LA Clippers,LAC,乔丹-米勒
1631159,Leonard Miller,Minnesota Timberwolves|Chicago Bulls,MIN|CHI,伦纳德-米勒
1626259,Malcolm Miller,Toronto Raptors,TOR,马尔科姆-米勒
2034,Mike Miller,Orlando Magic|Memphis Grizzlies|Minnesota Timberwolves|Washington Wizards|Miami Heat|Cleveland Cavaliers|Denver Nuggets,ORL|MEM|MIN|WAS|MIA|CLE|DEN,迈克-米勒
932,Oliver Miller,Phoenix Suns|Detroit Pistons|Toronto Raptors|Dallas Mavericks|Sacramento Kings|Minnesota Timberwolves,PHX|DET|TOR|DAL|SAC|MIN,奥利弗-米勒
203113,Quincy Miller,Denver Nuggets|Sacramento Kings|Detroit Pistons,DEN|SAC|DET,昆西-米勒
397,Reggie Miller,Indiana Pacers,IND,雷吉-米勒
77604,Walt Miller,,,沃尔特-米勒
168,Chris Mills,Cleveland Cavaliers|New York Knicks|Golden State Warriors,CLE|NYK|GSW,克里斯-米尔斯
77606,John Mills,,,约翰-米尔斯
201988,Patty Mills,Portland Trail Blazers|San Antonio Spurs|Brooklyn Nets|Atlanta Hawks|Miami Heat|Utah Jazz|LA Clippers,POR|SAS|BKN|ATL|MIA|UTA|LAC,帕特特伊-米尔斯
371,Terry Mills,Denver Nuggets|Brooklyn Nets|Detroit Pistons|Miami Heat|Indiana Pacers,DEN|BKN|DET|MIA|IND,特里-米尔斯
202407,Elijah Millsap,Utah Jazz|Phoenix Suns,UTA|PHX,伊利贾赫-米尔萨普
200794,Paul Millsap,Utah Jazz|Atlanta Hawks|Denver Nuggets|Brooklyn Nets|Philadelphia 76ers,UTA|ATL|DEN|BKN|PHI,保罗-米尔萨普
1629003,Shake Milton,Philadelphia 76ers|Minnesota Timberwolves|Detroit Pistons|New York Knicks|Brooklyn Nets|Los Angeles Lakers,PHI|MIN|DET|NYK|BKN|LAL,什阿克-米尔顿
1631303,Justin Minaya,Portland Trail Blazers,POR,贾斯汀-米纳伊阿
114,Harold Miner,Miami Heat|Cleveland Cavaliers,MIA|CLE,哈罗德-米内尔
1642434,Riley Minix,San Antonio Spurs|Cleveland Cavaliers,SAS|CLE,莱利-米尼克斯
77609,Dirk Minniefield,Cleveland Cavaliers|Houston Rockets|Golden State Warriors|Boston Celtics,CLE|HOU|GSW|BOS,德克-米恩尼伊菲尔德
77610,Dave Minor,Atlanta Hawks,ATL,戴夫-米诺尔
65,Greg Minor,Boston Celtics,BOS,格雷格-米诺尔
77612,Mark Minor,,,马克-迈纳
1631169,Josh Minott,Minnesota Timberwolves|Boston Celtics|Brooklyn Nets,MIN|BOS|BKN,约什-米诺特特
202703,Nikola Mirotic,Chicago Bulls|New Orleans Pelicans|Milwaukee Bucks,CHI|NOP|MIL,尼科拉-姆伊尔奥特伊克
77613,Wat Misaka,,,沃特-米萨卡
1954,Jason Miskiri,,,贾森-姆伊斯克伊尔伊
1642274,Yves Missi,New Orleans Pelicans,NOP,伊维斯-米斯西
1642349,Ajay Mitchell,Oklahoma City Thunder,OKC,阿贾伊-米切尔
1630558,Davion Mitchell,Sacramento Kings|Toronto Raptors|Miami Heat,SAC|TOR|MIA,达维奥恩-米切尔
1628378,Donovan Mitchell,Utah Jazz|Cleveland Cavaliers,UTA|CLE,多诺万-米切尔
77615,Mike Mitchell,Cleveland Cavaliers|San Antonio Spurs,CLE|SAS,迈克-米切尔
77616,Murray Mitchell,,,默里-米切尔
417,Sam Mitchell,Minnesota Timberwolves|Indiana Pacers,MIN|IND,萨姆-米切尔
77614,Todd Mitchell,Miami Heat|San Antonio Spurs,MIA|SAS,托德-米切尔
203183,Tony Mitchell,,,托尼-米切尔
203502,Tony Mitchell,,,托尼-米切尔
1628513,Naz Mitrou-Long,Utah Jazz|Indiana Pacers,UTA|IND,恩阿兹-姆伊特罗乌-尔奥恩
77618,Steve Mix,Detroit Pistons|Philadelphia 76ers|Milwaukee Bucks|Los Angeles Lakers,DET|PHI|MIL|LAL,史蒂夫-米克斯
77619,Bill Mlkvy,,,比尔-姆尔克夫伊
1749,Cuttino Mobley,Houston Rockets|Orlando Magic|Sacramento Kings|LA Clippers,HOU|ORL|SAC|LAC,库特蒂诺-莫布利
211,Eric Mobley,Milwaukee Bucks|Memphis Grizzlies,MIL|MEM,埃里克-莫布利
1630596,Evan Mobley,Cleveland Cavaliers,CLE,埃文-莫布利
1630600,Isaiah Mobley,Cleveland Cavaliers|Philadelphia 76ers,CLE|PHI,以赛亚-莫布利
77621,Larry Moffett,,,拉里-姆奥夫特特
1642367,Jonathan Mogbo,Toronto Raptors,TOR,乔纳森-莫格博
77622,Leo Mogus,Detroit Pistons|Golden State Warriors,DET|GSW,勒奥-莫古斯
1737,Nazr Mohammed,Philadelphia 76ers|Atlanta Hawks|New York Knicks|San Antonio Spurs|Detroit Pistons|Charlotte Hornets|Oklahoma City Thunder|Chicago Bulls,PHI|ATL|NYK|SAS|DET|CHA|OKC|CHI,纳兹尔-穆罕默德
2040,Jerome Moiso,Boston Celtics|Charlotte Hornets|New Orleans Pelicans|Toronto Raptors|Brooklyn Nets|Cleveland Cavaliers,BOS|CHA|NOP|TOR|BKN|CLE,杰罗姆-姆奥伊斯奥
77623,Paul Mokeski,Houston Rockets|Detroit Pistons|Cleveland Cavaliers|Milwaukee Bucks|Golden State Warriors,HOU|DET|CLE|MIL|GSW,保罗-莫凯斯基
1629690,Adam Mokoka,Chicago Bulls,CHI,亚当-莫科卡
77624,Jack Molinas,,,杰克-莫利纳斯
77625,Wayne Molis,,,韦恩-姆奥尔伊斯
77626,Sidney Moncrief,Milwaukee Bucks|Atlanta Hawks,MIL|ATL,悉尼-蒙克利夫
1631320,Chima Moneke,,,奇伊马-莫内克
77627,Eric Money,Detroit Pistons|Philadelphia 76ers|Brooklyn Nets,DET|PHI|BKN,埃里克-莫内伊
2752,Sergei Monia,Portland Trail Blazers|Sacramento Kings,POR|SAC,谢尔盖-莫尼亚
1628370,Malik Monk,Charlotte Hornets|Los Angeles Lakers|Sacramento Kings,CHA|LAL|SAC,马利克-蒙克
600006,Earl Monroe,Washington Wizards|New York Knicks,WAS|NYK,厄尔-门罗
202328,Greg Monroe,Detroit Pistons|Milwaukee Bucks|Phoenix Suns|Boston Celtics|Toronto Raptors|Philadelphia 76ers|Washington Wizards|Utah Jazz|Minnesota Timberwolves,DET|MIL|PHX|BOS|TOR|PHI|WAS|UTA|MIN,格雷格-门罗
77628,Rodney Monroe,,,罗德尼-门罗
1626242,Luis Montero,Portland Trail Blazers|Detroit Pistons,POR|DET,路易斯-蒙特奥
77630,Howie Montgomery,,,豪伊-蒙哥马利
376,Eric Montross,Boston Celtics|Dallas Mavericks|Brooklyn Nets|Philadelphia 76ers|Detroit Pistons|Toronto Raptors,BOS|DAL|BKN|PHI|DET|TOR,埃里克-莫恩特罗斯
1630541,Moses Moody,Golden State Warriors,GSW,摩西-莫奥德伊
200081,Jamario Moon,Toronto Raptors|Miami Heat|Cleveland Cavaliers|LA Clippers|Charlotte Hornets,TOR|MIA|CLE|LAC|CHA,贾马里奥-莫奥恩
1629875,Xavier Moon,LA Clippers,LAC,泽维尔-莫奥恩
77631,Jim Mooney,,,吉姆-穆尼
1629760,Matt Mooney,Cleveland Cavaliers|New York Knicks,CLE|NYK,马特-莫奥内伊
77632,Andre Moore,Denver Nuggets|Milwaukee Bucks,DEN|MIL,安德烈-摩尔
1628500,Ben Moore,,,本-摩尔
202734,E'Twaun Moore,Boston Celtics|Orlando Magic|Chicago Bulls|New Orleans Pelicans|Phoenix Suns,BOS|ORL|CHI|NOP|PHX,伊特瓦乌恩-穆尔
77634,Jackie Moore,Golden State Warriors,GSW,杰基-穆尔
77633,Johnny Moore,San Antonio Spurs|Brooklyn Nets,SAS|BKN,约翰尼-穆尔
77635,Lowes Moore,Brooklyn Nets|Cleveland Cavaliers|LA Clippers,BKN|CLE|LAC,洛韦斯-穆尔
1630,Mikki Moore,Detroit Pistons|Boston Celtics|Atlanta Hawks|Brooklyn Nets|Utah Jazz|LA Clippers|Oklahoma City Thunder|Sacramento Kings|Golden State Warriors,DET|BOS|ATL|BKN|UTA|LAC|OKC|SAC|GSW,米克基-穆尔
77636,Otto Moore,Detroit Pistons|Phoenix Suns|Houston Rockets|Sacramento Kings|Utah Jazz,DET|PHX|HOU|SAC|UTA,奥托-穆尔
77637,Ron Moore,Detroit Pistons|Phoenix Suns,DET|PHX,罗恩-摩尔
1631386,Taze Moore,Portland Trail Blazers,POR,塔泽-穆尔
929,Tracy Moore,Dallas Mavericks|Detroit Pistons|Houston Rockets,DAL|DET|HOU,特雷西-穆尔
1631111,Wendell Moore Jr.,Minnesota Timberwolves|Detroit Pistons|Charlotte Hornets,MIN|DET|CHA,温德尔-穆尔
1631457,Alex Morales,,,亚历克斯-莫拉勒斯
1629630,Ja Morant,Memphis Grizzlies,MEM,贾-莫兰特
203961,Eric Moreland,Sacramento Kings|Detroit Pistons|Phoenix Suns|Toronto Raptors,SAC|DET|PHX|TOR,埃里克-莫雷兰德
77639,Jackie Moreland,Detroit Pistons,DET,杰基-莫雷兰德
77640,Guy Morgan,,,盖伊-摩根
1629752,Juwan Morgan,Utah Jazz|Toronto Raptors|Boston Celtics,UTA|TOR|BOS,朱万-摩根
77641,Rex Morgan,Boston Celtics,BOS,雷克斯-摩根
77642,Elmo Morgenthaler,Golden State Warriors,GSW,埃尔姆奥-姆奥尔格埃恩思阿尔埃尔
77644,Darren Morningstar,Dallas Mavericks|Utah Jazz,DAL|UTA,达伦-姆奥尔恩伊恩斯特阿尔
356,Chris Morris,Brooklyn Nets|Utah Jazz|Phoenix Suns,BKN|UTA|PHX,克里斯-莫里斯
202721,Darius Morris,Los Angeles Lakers|Philadelphia 76ers|LA Clippers|Memphis Grizzlies|Brooklyn Nets,LAL|PHI|LAC|MEM|BKN,达里厄斯-莫里斯
77647,Isaiah Morris,,,以赛亚-莫里斯
1628537,Jaylen Morris,Atlanta Hawks|Milwaukee Bucks|San Antonio Spurs,ATL|MIL|SAS,杰伦-莫里斯
202693,Markieff Morris,Phoenix Suns|Washington Wizards|Oklahoma City Thunder|Detroit Pistons|Los Angeles Lakers|Miami Heat|Brooklyn Nets|Dallas Mavericks,PHX|WAS|OKC|DET|LAL|MIA|BKN|DAL,马尔基伊夫夫-莫里斯
77646,Max Morris,,,马克斯-莫里斯
1628420,Monte Morris,Denver Nuggets|Washington Wizards|Detroit Pistons|Minnesota Timberwolves|Phoenix Suns|Indiana Pacers,DEN|WAS|DET|MIN|PHX|IND,蒙特-莫里斯
201043,Randolph Morris,New York Knicks|Atlanta Hawks,NYK|ATL,兰多夫-莫里斯
2242,Terence Morris,Houston Rockets|Orlando Magic,HOU|ORL,特雷恩克-莫里斯
202694,Marcus Morris Sr.,Houston Rockets|Phoenix Suns|Detroit Pistons|Boston Celtics|New York Knicks|LA Clippers|Philadelphia 76ers|Cleveland Cavaliers,HOU|PHX|DET|BOS|NYK|LAC|PHI|CLE,马库斯-莫里斯
200747,Adam Morrison,Charlotte Hornets|Los Angeles Lakers,CHA|LAL,亚当-莫里森
77648,Dwight Morrison,Boston Celtics|Atlanta Hawks,BOS|ATL,德怀特-莫里森
77649,Mike Morrison,,,迈克-莫里森
201627,Anthony Morrow,Golden State Warriors|Brooklyn Nets|Atlanta Hawks|Dallas Mavericks|New Orleans Pelicans|Oklahoma City Thunder|Chicago Bulls,GSW|BKN|ATL|DAL|NOP|OKC|CHI,安东尼-莫尔罗瓦
132,Dwayne Morton,,,德瓦伊恩-莫尔顿
1972,John Morton,Cleveland Cavaliers|Miami Heat,CLE|MIA,约翰-莫尔顿
77652,Richard Morton,,,尔伊奇德-姆奥尔顿
77653,Glenn Mosley,Philadelphia 76ers|San Antonio Spurs,PHI|SAS,格伦-莫斯利
77654,Perry Moss,Philadelphia 76ers|Washington Wizards|Golden State Warriors,PHI|WAS|GSW,佩里-莫斯
734,Lawrence Moten,Memphis Grizzlies|Washington Wizards,MEM|WAS,拉瓦雷恩克-莫特恩
202700,Donatas Motiejunas,Houston Rockets|New Orleans Pelicans|San Antonio Spurs,HOU|NOP|SAS,德奥恩阿特阿斯-姆奥特伊埃杰乌恩阿斯
1628405,Johnathan Motley,Dallas Mavericks|LA Clippers,DAL|LAC,乔赫纳斯安-莫特利
2069,Hanno Mottola,Atlanta Hawks,ATL,赫阿恩奥-姆奥特奥尔阿
203102,Arnett Moultrie,Philadelphia 76ers,PHI,阿尔内特特-穆尔特里
297,Alonzo Mourning,Charlotte Hornets|Miami Heat|Brooklyn Nets,CHA|MIA|BKN,阿隆佐-莫宁
202389,Timofey Mozgov,New York Knicks|Denver Nuggets|Cleveland Cavaliers|Los Angeles Lakers|Brooklyn Nets,NYK|DEN|CLE|LAL|BKN,蒂莫费伊-莫兹戈夫
77657,Chuck Mrazovich,,,查克-姆尔阿兹奥夫伊奇
1626144,Emmanuel Mudiay,Denver Nuggets|New York Knicks|Utah Jazz|Sacramento Kings,DEN|NYK|UTA|SAC,伊姆曼乌伊尔-穆迪艾
77658,Erwin Mueller,Chicago Bulls|Los Angeles Lakers|Oklahoma City Thunder|Detroit Pistons,CHI|LAL|OKC|DET,伊尔维恩-穆伊尔勒尔
203498,Shabazz Muhammad,Minnesota Timberwolves|Milwaukee Bucks,MIN|MIL,什阿布阿兹兹-穆哈姆马德
1628539,Mychal Mulder,Golden State Warriors|Orlando Magic|Miami Heat,GSW|ORL|MIA,姆伊奇阿尔-穆尔德尔
77659,Joe Mullaney,,,乔-穆尔拉内伊
77660,Bob Mullens,New York Knicks,NYK,鲍勃-姆乌尔伦斯
201957,Byron Mullens,Oklahoma City Thunder|Charlotte Hornets|LA Clippers|Philadelphia 76ers,OKC|CHA|LAC|PHI,拜伦-穆尔伦斯
904,Chris Mullin,Golden State Warriors|Indiana Pacers,GSW|IND,克里斯-穆林
77662,Jeff Mullins,Atlanta Hawks|Golden State Warriors,ATL|GSW,杰夫-穆尔林斯
942,Todd Mundt,Atlanta Hawks|Boston Celtics,ATL|BOS,托德-穆恩德特
204098,Xavier Munford,Memphis Grizzlies|Milwaukee Bucks,MEM|MIL,泽维尔-姆乌恩弗奥尔德
77664,Chris Munk,,,克里斯-姆乌恩克
77665,George Munroe,Boston Celtics,BOS,乔治-姆乌恩尔奥埃
785,Eric Murdock,Utah Jazz|Milwaukee Bucks|Memphis Grizzlies|Denver Nuggets|Miami Heat|Brooklyn Nets|LA Clippers,UTA|MIL|MEM|DEN|MIA|BKN|LAC,埃里克-穆尔多克
49,Gheorghe Muresan,Washington Wizards|Brooklyn Nets,WAS|BKN,格奥尔基-姆乌尔埃斯阿恩
1630278,Ade Murkey,,,阿德-穆尔凯伊
77668,Allen Murphy,,,艾伦-墨菲
77669,Calvin Murphy,Houston Rockets,HOU,卡尔文-墨菲
77672,Dick Murphy,New York Knicks|Boston Celtics,NYK|BOS,迪克-墨菲
203513,Erik Murphy,,,埃尔伊克-墨菲
77670,Jay Murphy,LA Clippers|Washington Wizards,LAC|WAS,杰伊-墨菲
77671,John Murphy,Golden State Warriors|New York Knicks,GSW|NYK,约翰-墨菲
203122,Kevin Murphy,,,凯文-墨菲
77673,Ronnie Murphy,,,罗尼-墨菲
77674,Tod Murphy,LA Clippers|Minnesota Timberwolves|Detroit Pistons|Golden State Warriors,LAC|MIN|DET|GSW,托德-墨菲
2211,Troy Murphy,Golden State Warriors|Indiana Pacers|Brooklyn Nets|Boston Celtics|Los Angeles Lakers|Dallas Mavericks,GSW|IND|BKN|BOS|LAL|DAL,特洛伊-墨菲
1630530,Trey Murphy III,New Orleans Pelicans,NOP,特雷-墨菲
1627749,Dejounte Murray,San Antonio Spurs|Atlanta Hawks|New Orleans Pelicans,SAS|ATL|NOP,德章泰-穆雷
2436,Flip Murray,Milwaukee Bucks|Oklahoma City Thunder|Cleveland Cavaliers|Detroit Pistons|Indiana Pacers|Atlanta Hawks|Charlotte Hornets|Chicago Bulls,MIL|OKC|CLE|DET|IND|ATL|CHA|CHI,弗尔伊普-默里
1627750,Jamal Murray,Denver Nuggets,DEN,贾马尔-穆雷
1631099,Keegan Murray,Sacramento Kings,SAC,基根-默里
77675,Ken Murray,Detroit Pistons|Golden State Warriors,DET|GSW,肯-默里
1631200,Kris Murray,Portland Trail Blazers,POR,克里斯-默里
441,Lamond Murray,LA Clippers|Cleveland Cavaliers|Toronto Raptors|Brooklyn Nets,LAC|CLE|TOR|BKN,拉莫恩德-默里
145,Tracy Murray,Portland Trail Blazers|Houston Rockets|Toronto Raptors|Washington Wizards|Denver Nuggets|Los Angeles Lakers,POR|HOU|TOR|WAS|DEN|LAL,特雷西-默里
1642867,Collin Murray-Boyles,,,科尔林-默里-博伊勒斯
77676,Dorie Murrey,Detroit Pistons|Oklahoma City Thunder|Washington Wizards|Portland Trail Blazers,DET|OKC|WAS|POR,多里-穆尔雷伊
203315,Toure' Murry,New York Knicks|Utah Jazz|Washington Wizards,NYK|UTA|WAS,托乌尔-穆尔伊
1629058,Dzanan Musa,Brooklyn Nets,BKN,扎南-姆乌斯阿
203488,Mike Muscala,Atlanta Hawks|Philadelphia 76ers|Los Angeles Lakers|Oklahoma City Thunder|Boston Celtics|Washington Wizards|Detroit Pistons,ATL|PHI|LAL|OKC|BOS|WAS|DET,迈克-穆斯卡拉
77677,Angelo Musi,Golden State Warriors,GSW,阿恩埃尔奥-姆乌斯伊
1054,Jerrod Mustaf,New York Knicks|Phoenix Suns,NYK|PHX,杰尔罗德-穆斯塔夫
87,Dikembe Mutombo,Denver Nuggets|Atlanta Hawks|Philadelphia 76ers|Brooklyn Nets|New York Knicks|Houston Rockets,DEN|ATL|PHI|BKN|NYK|HOU,迪肯贝-穆托姆博
982,Martin Muursepp,Miami Heat|Dallas Mavericks,MIA|DAL,马丁-姆乌尔斯埃普
939,Pete Myers,Chicago Bulls|San Antonio Spurs|Philadelphia 76ers|New York Knicks|Brooklyn Nets|Miami Heat|Charlotte Hornets,CHI|SAS|PHI|NYK|BKN|MIA|CHA,皮特-迈尔斯
1629004,Svi Mykhailiuk,Los Angeles Lakers|Detroit Pistons|Oklahoma City Thunder|Toronto Raptors|New York Knicks|Charlotte Hornets|Boston Celtics|Utah Jazz,LAL|DET|OKC|TOR|NYK|CHA|BOS|UTA,斯维-姆伊克哈伊利乌克
1823,Makhtar N'diaye,,,姆阿克赫特阿尔-恩'德伊阿伊埃
2055,Mamadou N'diaye,Toronto Raptors|Dallas Mavericks|Atlanta Hawks|LA Clippers,TOR|DAL|ATL|LAC,马马多乌-恩迪艾
77681,Bob Naber,,,鲍勃-恩阿伯
77682,Boris Nachamkin,,,布奥里斯-恩阿奇阿姆克伊恩
2411,Bostjan Nachbar,Houston Rockets|New Orleans Pelicans|Brooklyn Nets,HOU|NOP|BKN,布奥斯特杰阿恩-恩阿奇布阿尔
1627846,Abdel Nader,Boston Celtics|Oklahoma City Thunder|Phoenix Suns,BOS|OKC|PHX,阿卜杜勒-纳迪尔
77683,Jerry Nagel,,,杰里-恩阿格埃尔
77684,Fred Nagy,,,弗雷德-纳吉
1924,Lee Nailon,Charlotte Hornets|New York Knicks|Atlanta Hawks|Orlando Magic|Cleveland Cavaliers|New Orleans Pelicans|Philadelphia 76ers,CHA|NYK|ATL|ORL|CLE|NOP|PHI,李-纳伊洛恩
2059,Eduardo Najera,Dallas Mavericks|Golden State Warriors|Denver Nuggets|Brooklyn Nets|Charlotte Hornets,DAL|GSW|DEN|BKN|CHA,埃德乌德奥-恩阿杰埃尔阿
77685,Larry Nance,Phoenix Suns|Cleveland Cavaliers,PHX|CLE,拉里-南斯
1631250,Pete Nance,Cleveland Cavaliers|Philadelphia 76ers|Milwaukee Bucks,CLE|PHI|MIL,皮特-南斯
1626204,Larry Nance Jr.,Los Angeles Lakers|Cleveland Cavaliers|Portland Trail Blazers|New Orleans Pelicans|Atlanta Hawks,LAL|CLE|POR|NOP|ATL,小拉里-南斯
203894,Shabazz Napier,Miami Heat|Orlando Magic|Portland Trail Blazers|Brooklyn Nets|Minnesota Timberwolves|Washington Wizards,MIA|ORL|POR|BKN|MIN|WAS,什阿布阿兹兹-纳皮伊尔
77686,Paul Napolitano,,,保罗-恩阿普奥尔伊特阿恩奥
77688,Bob Nash,Detroit Pistons|Sacramento Kings,DET|SAC,鲍勃-纳什
77687,Charles Nash,Los Angeles Lakers|Golden State Warriors,LAL|GSW,查尔斯-纳什
959,Steve Nash,Phoenix Suns|Dallas Mavericks|Los Angeles Lakers,PHX|DAL|LAL,史蒂夫-纳什
77689,Swen Nater,Milwaukee Bucks|LA Clippers|Los Angeles Lakers,MIL|LAC|LAL,斯韦恩-纳特尔
77690,Howard Nathan,,,霍华德-内森
77691,Calvin Natt,Portland Trail Blazers|Brooklyn Nets|Denver Nuggets|San Antonio Spurs|Indiana Pacers,POR|BKN|DEN|SAS|IND,卡尔文-纳特特
77692,Kenny Natt,Indiana Pacers|Utah Jazz|Sacramento Kings,IND|UTA|SAC,肯尼-纳特特
77693,Willie Naulls,New York Knicks|Golden State Warriors|Boston Celtics,NYK|GSW|BOS,威利-纳乌尔斯
2434,Juan Carlos Navarro,,,朱安-卡洛斯-纳瓦尔罗
202380,Hamady Ndiaye,Washington Wizards|Sacramento Kings,WAS|SAC,赫阿姆阿德伊-恩德伊阿伊埃
101238,Boniface Ndong,,,布奥恩伊弗阿克埃-恩德奥恩
1626254,Maurice Ndour,,,莫里斯-恩多乌尔
77694,Craig Neal,Portland Trail Blazers|Miami Heat|Denver Nuggets,POR|MIA|DEN,克雷格-尼尔
202390,Gary Neal,San Antonio Spurs|Milwaukee Bucks|Charlotte Hornets|Minnesota Timberwolves|Washington Wizards|Atlanta Hawks,SAS|MIL|CHA|MIN|WAS|ATL,加里-尼尔
77695,Jim Neal,Philadelphia 76ers,PHI,吉姆-尼尔
77696,Lloyd Neal,Portland Trail Blazers,POR,劳埃德-尼尔
77697,Ed Nealy,Sacramento Kings|San Antonio Spurs|Chicago Bulls|Phoenix Suns|Golden State Warriors,SAC|SAS|CHI|PHX|GSW,埃德-内阿利
203517,Nemanja Nedovic,,,恩埃曼杰阿-恩埃德奥夫伊克
77698,Al Negratti,,,阿尔-内格拉蒂
77699,Barry Nelson,,,巴里-尼尔森
201634,DeMarcus Nelson,,,德埃姆阿尔克乌斯-尼尔森
77700,Don Nelson,Washington Wizards|Los Angeles Lakers|Boston Celtics,WAS|LAL|BOS,唐-尼尔森
1641761,Grant Nelson,,,格兰特-尼尔森
2749,Jameer Nelson,Orlando Magic|Dallas Mavericks|Boston Celtics|Denver Nuggets|New Orleans Pelicans|Detroit Pistons,ORL|DAL|BOS|DEN|NOP|DET,贾梅伊尔-尼尔森
77701,Louie Nelson,Washington Wizards|Utah Jazz|San Antonio Spurs|Sacramento Kings|Brooklyn Nets,WAS|UTA|SAS|SAC|BKN,洛乌伊-尼尔森
1629614,Andrew Nembhard,Indiana Pacers,IND,安德鲁-内姆布哈尔德
1129,Ruben Nembhard,Utah Jazz|Portland Trail Blazers,UTA|POR,尔乌布埃恩-恩埃姆布赫德
1642948,Ryan Nembhard,,,莱恩-内姆布哈尔德
1630612,Ruben Nembhard Jr.,,,鲁本-内姆布哈尔德
1838,Tyrone Nesby,LA Clippers|Washington Wizards,LAC|WAS,泰伦-内斯布伊
1630174,Aaron Nesmith,Boston Celtics|Indiana Pacers,BOS|IND,阿隆-内史密斯
77704,Martin Nessley,LA Clippers|Sacramento Kings,LAC|SAC,马丁-内斯利
1725,Rasho Nesterovic,Minnesota Timberwolves|San Antonio Spurs|Toronto Raptors|Indiana Pacers,MIN|SAS|TOR|IND,尔阿什奥-恩埃斯特奥夫伊克
203526,Raul Neto,Utah Jazz|Philadelphia 76ers|Washington Wizards|Cleveland Cavaliers,UTA|PHI|WAS|CLE,拉乌尔-内托
77705,Johnny Neumann,Los Angeles Lakers|LA Clippers|Indiana Pacers,LAL|LAC|IND,约翰尼-内乌曼恩
77706,Paul Neumann,Philadelphia 76ers|Golden State Warriors,PHI|GSW,保罗-内乌曼恩
77707,Chuck Nevitt,Houston Rockets|Los Angeles Lakers|Detroit Pistons|Chicago Bulls|San Antonio Spurs,HOU|LAL|DET|CHI|SAS,查克-内维特特
1116,Melvin Newbern,,,梅尔文-内瓦贝尔恩
1096,Ivano Newbill,Detroit Pistons|Atlanta Hawks|Memphis Grizzlies,DET|ATL|MEM,伊瓦诺-内瓦比尔
1956,Ira Newble,San Antonio Spurs|Atlanta Hawks|Cleveland Cavaliers|Oklahoma City Thunder|Los Angeles Lakers,SAS|ATL|CLE|OKC|LAL,伊拉-内瓦布尔
1642854,Asa Newell,,,阿斯阿-纽厄尔
77710,Mike Newlin,Houston Rockets|Brooklyn Nets|New York Knicks,HOU|BKN|NYK,迈克-内瓦林
271,Johnny Newman,Cleveland Cavaliers|New York Knicks|Charlotte Hornets|Brooklyn Nets|Milwaukee Bucks|Denver Nuggets|Dallas Mavericks,CLE|NYK|CHA|BKN|MIL|DEN|DAL,约翰尼-纽曼
1629005,Malik Newman,Cleveland Cavaliers,CLE,马利克-纽曼
77712,Dave Newmark,Chicago Bulls|Atlanta Hawks,CHI|ATL,戴夫-内瓦马尔克
1641803,Tristen Newton,Indiana Pacers|Minnesota Timberwolves|Houston Rockets,IND|MIN|HOU,特里斯特恩-内瓦顿
1627777,Georges Niang,Indiana Pacers|Utah Jazz|Philadelphia 76ers|Cleveland Cavaliers|Atlanta Hawks,IND|UTA|PHI|CLE|ATL,杰奥尔杰斯-尼安格
201193,Demetris Nichols,Cleveland Cavaliers|Chicago Bulls|New York Knicks,CLE|CHI|NYK,德埃姆埃特里斯-恩伊奇奥尔斯
77713,Jack Nichols,Atlanta Hawks|Washington Wizards|Boston Celtics,ATL|WAS|BOS,杰克-尼奇奥尔斯
203094,Andrew Nicholson,Orlando Magic|Washington Wizards|Brooklyn Nets,ORL|WAS|BKN,安德鲁-尼奇奥尔森
1093,Gaylon Nickerson,San Antonio Spurs|Washington Wizards,SAS|WAS,格阿伊尔奥恩-恩克埃尔森
77715,Carl Nicks,Denver Nuggets|Utah Jazz|Cleveland Cavaliers,DEN|UTA|CLE,卡尔-尼克斯
1642949,Yanic Konan Niederhäuser,,,伊安伊克-科纳恩-尼伊德尔哈乌塞尔
77716,Rich Niemann,Detroit Pistons|Milwaukee Bucks|Boston Celtics,DET|MIL|BOS,里奇-恩伊埃曼恩
77717,John Niemiera,Detroit Pistons,DET,约翰-恩伊姆伊尔阿
77718,Mike Niles,,,迈克-尼勒斯
77719,Kurt Nimphius,Dallas Mavericks|LA Clippers|Detroit Pistons|San Antonio Spurs|Philadelphia 76ers,DAL|LAC|DET|SAS|PHI,库尔特-尼姆夫伊乌斯
1630227,Daishen Nix,Houston Rockets|Minnesota Timberwolves,HOU|MIN,达伊什伊恩-尼克斯
77720,Dyron Nix,,,戴伦-尼克斯
77721,Norm Nixon,Los Angeles Lakers|LA Clippers,LAL|LAC,诺尔姆-尼克斯奥恩
1630192,Zeke Nnaji,Denver Nuggets,DEN,齐克-纳吉
201149,Joakim Noah,Chicago Bulls|New York Knicks|Memphis Grizzlies|LA Clippers,CHI|NYK|MEM|LAC,乔金-诺阿
77722,Chuck Noble,Detroit Pistons,DET,查克-诺布尔
2804,Andres Nocioni,Chicago Bulls|Sacramento Kings|Philadelphia 76ers,CHI|SAC|PHI,德尔埃斯-恩奥克伊奥恩伊
200786,David Noel,,,大卫-诺伊尔
203457,Nerlens Noel,Philadelphia 76ers|Dallas Mavericks|Oklahoma City Thunder|New York Knicks|Detroit Pistons|Brooklyn Nets,PHI|DAL|OKC|NYK|DET|BKN,内尔伦斯-诺伊尔
77723,Paul Noel,New York Knicks|Sacramento Kings,NYK|SAC,保罗-诺伊尔
203512,Lucas Nogueira,Toronto Raptors,TOR,卢卡斯-诺古艾拉
77724,Jim Nolan,,,吉姆-诺兰
77725,Paul Nolen,,,保罗-恩奥伦
999,Jeff Nordgaard,,,杰夫-恩奥尔德格阿德
77727,Robert Nordmann,Sacramento Kings|Atlanta Hawks|Boston Celtics,SAC|ATL|BOS,罗伯特-恩奥尔德曼恩
77728,Johnny Norlander,,,约翰尼-恩奥尔尔德埃尔
77729,Connie Norman,Philadelphia 76ers|LA Clippers,PHI|LAC,康尼-诺曼
80,Ken Norman,LA Clippers|Milwaukee Bucks|Atlanta Hawks,LAC|MIL|ATL,肯-诺曼
77731,Audie Norris,Portland Trail Blazers,POR,奥迪-诺里斯
1641936,Miles Norris,,,迈尔斯-诺里斯
983,Moochie Norris,Memphis Grizzlies|Oklahoma City Thunder|Houston Rockets|New York Knicks|New Orleans Pelicans,MEM|OKC|HOU|NYK|NOP,莫奥奇伊-诺里斯
77732,Sylvester Norris,,,西尔维斯特-诺里斯
1629668,Zach Norvell Jr.,Los Angeles Lakers|Golden State Warriors,LAL|GSW,兹阿奇-恩奥尔夫埃尔
77733,Willie Norwood,Detroit Pistons|Oklahoma City Thunder|Portland Trail Blazers,DET|OKC|POR,威利-诺尔伍德
77734,George Nostrand,Boston Celtics|Atlanta Hawks,BOS|ATL,乔治-恩奥斯特尔德
77735,Stan Noszka,Boston Celtics,BOS,斯坦-恩奥斯兹克阿
77736,Mike Novak,Sacramento Kings|Golden State Warriors|Philadelphia 76ers,SAC|GSW|PHI,迈克-诺瓦克
200779,Steve Novak,Houston Rockets|LA Clippers|Dallas Mavericks|San Antonio Spurs|New York Knicks|Toronto Raptors|Utah Jazz|Oklahoma City Thunder|Milwaukee Bucks,HOU|LAC|DAL|SAS|NYK|TOR|UTA|OKC|MIL,史蒂夫-诺瓦克
1629669,Jaylen Nowell,Minnesota Timberwolves|Memphis Grizzlies|Detroit Pistons|New Orleans Pelicans,MIN|MEM|DET|NOP,杰伦-诺韦尔
1641806,Markquis Nowell,,,马尔克奎伊斯-诺韦尔
77737,Mel Nowell,,,梅尔-恩奥沃尔
1717,Dirk Nowitzki,Dallas Mavericks,DAL,德克-诺维茨基
1628373,Frank Ntilikina,New York Knicks|Dallas Mavericks|Charlotte Hornets,NYK|DAL|CHA,弗兰克-恩蒂利基纳
1629134,Kendrick Nunn,Miami Heat|Los Angeles Lakers|Washington Wizards,MIA|LAL|WAS,肯德里克-努恩恩
203263,James Nunnally,Atlanta Hawks|Philadelphia 76ers|Minnesota Timberwolves|Houston Rockets|New Orleans Pelicans,ATL|PHI|MIN|HOU|NOP,詹姆斯-努恩纳尔利
203994,Jusuf Nurkić,Denver Nuggets|Portland Trail Blazers|Phoenix Suns|Charlotte Hornets|Utah Jazz,DEN|POR|PHX|CHA|UTA,优素福-努尔基奇
77738,Dennis Nutt,,,丹尼斯-恩乌特特
1628021,David Nwaba,Los Angeles Lakers|Chicago Bulls|Cleveland Cavaliers|Brooklyn Nets|Houston Rockets,LAL|CHI|CLE|BKN|HOU,大卫-恩瓦布阿
1629670,Jordan Nwora,Milwaukee Bucks|Indiana Pacers|Toronto Raptors,MIL|IND|TOR,乔丹-恩沃拉
1022,Julius Nwosu,,,朱利叶斯-恩沃苏
1525,Charles O'Bannon,Detroit Pistons,DET,查尔斯-奥布安诺恩
709,Ed O'Bannon,Brooklyn Nets|Dallas Mavericks,BKN|DAL,埃德-奥布安诺恩
77742,John O'Boyle,,,约翰-奥布奥伊尔埃
77744,Bob O'Brien,Golden State Warriors,GSW,鲍勃-奥布赖恩
77743,Buckshot O'Brien,,,布乌克什奥特-奥布赖恩
1626266,JJ O'Brien,,,杰-奥布赖恩
200753,Patrick O'Bryant,Golden State Warriors|Boston Celtics|Toronto Raptors,GSW|BOS|TOR,帕特里克-奥布尔伊安特
203948,Johnny O'Bryant III,Milwaukee Bucks|Denver Nuggets|Charlotte Hornets,MIL|DEN|CHA,约翰尼-奥布尔伊阿恩特
77745,Dermie O'Connell,Boston Celtics,BOS,德尔米-奥科恩内尔
77746,Andy O'Donnell,,,安迪-唐奈
77750,Francis O'Grady,,,弗朗西斯-奥格尔阿德伊
77752,Dick O'Keefe,,,迪克-奥克埃埃弗埃
77753,Tommy O'Keefe,,,汤米-奥克埃埃弗埃
77754,Mike O'Koren,Brooklyn Nets|Washington Wizards,BKN|WAS,迈克-奥科雷恩
77766,Grady O'Malley,,,格尔阿德伊-奥姆阿尔利
979,Jermaine O'Neal,Portland Trail Blazers|Indiana Pacers|Toronto Raptors|Miami Heat|Boston Celtics|Phoenix Suns|Golden State Warriors,POR|IND|TOR|MIA|BOS|PHX|GSW,杰梅因-奥尼尔
406,Shaquille O'Neal,Orlando Magic|Los Angeles Lakers|Miami Heat|Phoenix Suns|Cleveland Cavaliers|Boston Celtics,ORL|LAL|MIA|PHX|CLE|BOS,沙奎尔-奥尼尔
1626220,Royce O'Neale,Utah Jazz|Brooklyn Nets|Phoenix Suns,UTA|BKN|PHX,罗伊克-奥内阿尔
77767,Mike O'Neill,,,迈克-奥尼尔
203124,Kyle O'Quinn,Orlando Magic|New York Knicks|Indiana Pacers|Philadelphia 76ers,ORL|NYK|IND|PHI,凯尔-奥奎伊恩恩
77773,Kevin O'Shea,Los Angeles Lakers,LAL,凯文-奥什伊
77774,Garland O'Shields,,,加兰-奥什伊尔德斯
77776,Dan O'Sullivan,Utah Jazz|Brooklyn Nets|Milwaukee Bucks|Detroit Pistons|Toronto Raptors,UTA|BKN|MIL|DET|TOR,丹-奥苏尔利瓦恩
891,Charles Oakley,Chicago Bulls|New York Knicks|Toronto Raptors|Washington Wizards|Houston Rockets,CHI|NYK|TOR|WAS|HOU,查尔斯-奥克利
101177,Fabricio Oberto,San Antonio Spurs|Washington Wizards|Portland Trail Blazers,SAS|WAS|POR,法布里西奥-奥贝尔托
1627849,Daniel Ochefu,,,丹尼尔-奥奇埃弗乌
201141,Greg Oden,Portland Trail Blazers|Miami Heat,POR|MIA,格雷格-奥登
1885,Lamar Odom,LA Clippers|Miami Heat|Los Angeles Lakers|Dallas Mavericks,LAC|MIA|LAL|DAL,拉马尔-奥多姆
1642490,Josh Oduro,,,约什-奥杜罗
77747,Carlos Ogden,Philadelphia 76ers,PHI,卡洛斯-奥格登
77748,Ralph Ogden,,,拉尔夫-奥格登
1628,Alan Ogg,Miami Heat|Milwaukee Bucks|Washington Wizards,MIA|MIL|WAS,阿兰-奥格格
77751,Don Ohl,Detroit Pistons|Washington Wizards|Atlanta Hawks,DET|WAS|ATL,唐-奥赫尔
203317,Tim Ohlbrecht,,,蒂姆-奥赫尔布尔埃奇特
1628400,Semi Ojeleye,Boston Celtics|Milwaukee Bucks|LA Clippers,BOS|MIL|LAC,塞米-奥杰利
2731,Emeka Okafor,Charlotte Hornets|New Orleans Pelicans|Washington Wizards,CHA|NOP|WAS,伊梅卡-奥卡福尔
1626143,Jahlil Okafor,Philadelphia 76ers|Brooklyn Nets|New Orleans Pelicans|Detroit Pistons|Indiana Pacers,PHI|BKN|NOP|DET|IND,贾赫利尔-奥卡福尔
1643253,Toby Okani,,,托比-奥卡尼
1629643,Chuma Okeke,Orlando Magic|Philadelphia 76ers|Cleveland Cavaliers,ORL|PHI|CLE,奇乌马-奥凯克
1629059,Elie Okobo,Phoenix Suns,PHX,伊利伊-奥科博
1629006,Josh Okogie,Minnesota Timberwolves|Phoenix Suns|Charlotte Hornets|Houston Rockets,MIN|PHX|CHA|HOU,约什-奥科吉
1630168,Onyeka Okongwu,Atlanta Hawks,ATL,奥涅卡-奥孔古
1630171,Isaac Okoro,Cleveland Cavaliers|Chicago Bulls,CLE|CHI,艾萨克-奥科罗
1629644,KZ Okpala,Miami Heat|Sacramento Kings,MIA|SAC,KZ-奥克帕拉
2246,Mehmet Okur,Detroit Pistons|Utah Jazz|Brooklyn Nets,DET|UTA|BKN,梅赫梅特-奥库尔
203506,Victor Oladipo,Orlando Magic|Oklahoma City Thunder|Indiana Pacers|Houston Rockets|Miami Heat,ORL|OKC|IND|HOU|MIA,维克托-奥拉迪波
165,Hakeem Olajuwon,Houston Rockets|Toronto Raptors,HOU|TOR,哈基姆-奥拉朱旺
77756,Mark Olberding,San Antonio Spurs|Chicago Bulls|Sacramento Kings,SAS|CHI|SAC,马克-奥尔贝尔迪恩格
1642950,Lachlan Olbrich,,,拉奇拉恩-奥尔布里奇
77757,Jawann Oldham,Denver Nuggets|Houston Rockets|Chicago Bulls|New York Knicks|Sacramento Kings|Orlando Magic|Los Angeles Lakers|Indiana Pacers,DEN|HOU|CHI|NYK|SAC|ORL|LAL|IND,贾瓦恩恩-奥尔德哈姆
77758,Johnny Oldham,Detroit Pistons,DET,约翰尼-奥尔德赫阿姆
77759,Frank Oleynick,Oklahoma City Thunder,OKC,弗兰克-奥利尼克
1642439,Quincy Olivari,,,昆西-奥利瓦里
77760,John Olive,LA Clippers,LAC,约翰-奥利夫
1680,Brian Oliver,Philadelphia 76ers|Washington Wizards|Atlanta Hawks,PHI|WAS|ATL,布莱恩-奥利弗
1628419,Cameron Oliver,Houston Rockets|Atlanta Hawks,HOU|ATL,卡梅伦-奥利弗
2352,Dean Oliver,Golden State Warriors,GSW,迪恩-奥利弗
1429,Jimmy Oliver,Cleveland Cavaliers|Boston Celtics|Toronto Raptors|Washington Wizards|Phoenix Suns,CLE|BOS|TOR|WAS|PHX,吉米-奥利弗
1563,Kevin Ollie,Dallas Mavericks|Orlando Magic|Sacramento Kings|Philadelphia 76ers|Brooklyn Nets|Chicago Bulls|Indiana Pacers|Milwaukee Bucks|Oklahoma City Thunder|Cleveland Cavaliers|Minnesota Timberwolves,DAL|ORL|SAC|PHI|BKN|CHI|IND|MIL|OKC|CLE|MIN,凯文-奥利
77764,Gene Ollrich,,,吉恩-奥尔伊奇
1709,Michael Olowokandi,LA Clippers|Minnesota Timberwolves|Boston Celtics,LAC|MIN|BOS,迈克尔-奥洛沃卡恩迪
77765,Enoch Olsen,Sacramento Kings|Golden State Warriors|Oklahoma City Thunder|Detroit Pistons,SAC|GSW|OKC|DET,埃恩奥奇-奥尔森
203482,Kelly Olynyk,Boston Celtics|Miami Heat|Houston Rockets|Detroit Pistons|Utah Jazz|Toronto Raptors|New Orleans Pelicans|San Antonio Spurs,BOS|MIA|HOU|DET|UTA|TOR|NOP|SAS,凯利-奥利尼克
1641807,Norchad Omier,,,诺尔奇阿德-奥米伊尔
1630647,Eugene Omoruyi,Dallas Mavericks|Oklahoma City Thunder|Detroit Pistons|Washington Wizards,DAL|OKC|DET|WAS,伊乌杰恩-奥莫鲁伊伊
1629671,Miye Oni,Utah Jazz,UTA,米伊伊-奥尼
202620,Arinze Onuaku,New Orleans Pelicans|Cleveland Cavaliers|Minnesota Timberwolves|Orlando Magic,NOP|CLE|MIN|ORL,阿尔伊恩兹埃-奥恩乌阿克乌
1627778,Chinanu Onuaku,Houston Rockets,HOU,奇伊恩阿恩乌-奥恩乌阿克乌
77768,Barry Orms,,,巴里-奥尔姆斯
77769,Johnny Orr,,,约翰尼-奥尔尔
77770,Louis Orr,Indiana Pacers|New York Knicks,IND|NYK,路易斯-奥尔
77771,Jose Ortiz,Utah Jazz,UTA,何塞-奥尔特伊兹
202350,Daniel Orton,Orlando Magic|Oklahoma City Thunder|Philadelphia 76ers,ORL|OKC|PHI,丹尼尔-奥尔顿
77772,Chuck Osborne,,,查克-奥斯本
1626224,Cedi Osman,Cleveland Cavaliers|San Antonio Spurs,CLE|SAS,切迪-奥斯曼
77775,Wally Osterkorn,Philadelphia 76ers,PHI,沃利-奥斯特尔科尔恩
731,Greg Ostertag,Utah Jazz|Sacramento Kings,UTA|SAC,格雷格-奥斯特尔塔格
77777,Matt Othick,,,马特-奥思克
77778,Don Otten,Washington Wizards|Atlanta Hawks|Detroit Pistons,WAS|ATL|DET,唐-奥特特恩
77779,Mac Otten,Atlanta Hawks,ATL,姆阿克-奥特恩
1630187,Daniel Oturu,LA Clippers|Toronto Raptors,LAC|TOR,丹尼尔-奥图鲁
1626162,Kelly Oubre Jr.,Washington Wizards|Phoenix Suns|Golden State Warriors|Charlotte Hornets|Philadelphia 76ers,WAS|PHX|GSW|CHA|PHI,凯利-乌布雷
448,Bo Outlaw,LA Clippers|Orlando Magic|Phoenix Suns|Memphis Grizzlies,LAC|ORL|PHX|MEM,博-奥特洛
2566,Travis Outlaw,Portland Trail Blazers|LA Clippers|Brooklyn Nets|Sacramento Kings,POR|LAC|BKN|SAC,特拉维斯-奥特洛
77780,Claude Overton,,,克劳德-奥夫埃尔顿
77,Doug Overton,Washington Wizards|Denver Nuggets|Philadelphia 76ers|Orlando Magic|Brooklyn Nets|Boston Celtics|Charlotte Hornets|LA Clippers,WAS|DEN|PHI|ORL|BKN|BOS|CHA|LAC,道格-奥维尔顿
101261,Andre Owens,Utah Jazz|Indiana Pacers,UTA|IND,安德烈-欧文斯
182,Billy Owens,Golden State Warriors|Miami Heat|Sacramento Kings|Oklahoma City Thunder|Philadelphia 76ers|Detroit Pistons,GSW|MIA|SAC|OKC|PHI|DET,比利-欧文斯
2442,Chris Owens,,,克里斯-欧文斯
77782,Eddie Owens,,,埃迪-欧文斯
77783,James Owens,Atlanta Hawks,ATL,詹姆斯-欧文斯
77784,Jim Owens,Phoenix Suns,PHX,吉姆-欧文斯
77785,Keith Owens,,,基思-欧文斯
202082,Larry Owens,San Antonio Spurs|Washington Wizards|Brooklyn Nets,SAS|WAS|BKN,拉里-欧文斯
1629745,Tariq Owens,,,塔里克-欧文斯
77786,Tom Owens,Houston Rockets|Portland Trail Blazers|Indiana Pacers|Detroit Pistons,HOU|POR|IND|DET,汤姆-欧文斯
1077,Ray Owes,,,雷-奥伊斯
2071,Olumide Oyedeji,Oklahoma City Thunder|Orlando Magic,OKC|ORL,奥卢米德-奥伊伊德吉
77788,Joe Pace,Washington Wizards,WAS,乔-帕塞
2585,Zaza Pachulia,Orlando Magic|Milwaukee Bucks|Atlanta Hawks|Dallas Mavericks|Golden State Warriors|Detroit Pistons,ORL|MIL|ATL|DAL|GSW|DET,扎扎-帕楚里亚
123,Robert Pack,Portland Trail Blazers|Denver Nuggets|Washington Wizards|Brooklyn Nets|Dallas Mavericks|Minnesota Timberwolves|New Orleans Pelicans,POR|DEN|WAS|BKN|DAL|MIN|NOP,罗伯特-帕克
77789,Gerald Paddio,Cleveland Cavaliers|Oklahoma City Thunder|Indiana Pacers|New York Knicks|Washington Wizards,CLE|OKC|IND|NYK|WAS,杰拉德-帕德迪奥
1909,Scott Padgett,Utah Jazz|Houston Rockets|Brooklyn Nets|Memphis Grizzlies,UTA|HOU|BKN|MEM,斯科特-帕德杰特特
1629873,Jaysean Paige,,,贾伊塞安-帕伊格
1627779,Marcus Paige,,,马库斯-佩奇
77790,Fred Paine,,,弗雷德-佩因
1960,Milt Palacio,Memphis Grizzlies|Boston Celtics|Phoenix Suns|Cleveland Cavaliers|Toronto Raptors|Utah Jazz,MEM|BOS|PHX|CLE|TOR|UTA,米尔特-帕拉西奥
77791,Togo Palazzi,Boston Celtics|Philadelphia 76ers,BOS|PHI,托戈-帕拉兹齐
77792,Jim Palmer,Sacramento Kings|New York Knicks,SAC|NYK,吉姆-帕尔默
77793,John Palmer,New York Knicks,NYK,约翰-帕尔默
1629309,Trayvon Palmer,,,特拉伊沃恩-帕尔默
77794,Walter Palmer,Utah Jazz|Dallas Mavericks,UTA|DAL,沃尔特-帕尔默
1630698,Kevin Pangos,,,凯文-帕恩戈斯
1950,Andy Panko,,,安迪-普阿恩克奥
1627834,Georgios Papagiannis,Sacramento Kings|Portland Trail Blazers,SAC|POR,杰奥尔吉奥斯-帕帕吉安尼斯
203123,Kostas Papanikolaou,Houston Rockets|Denver Nuggets,HOU|DEN,科斯塔斯-帕帕尼科拉乌
2457,Jannero Pargo,Los Angeles Lakers|Toronto Raptors|Chicago Bulls|New Orleans Pelicans|Atlanta Hawks|Washington Wizards|Charlotte Hornets,LAL|TOR|CHI|NOP|ATL|WAS|CHA,贾恩内罗-帕戈
202951,Jeremy Pargo,Memphis Grizzlies|Cleveland Cavaliers|Philadelphia 76ers|Golden State Warriors,MEM|CLE|PHI|GSW,杰里米-帕戈
77797,Estes Parham,Golden State Warriors,GSW,埃斯蒂斯-帕勒姆
305,Robert Parish,Golden State Warriors|Boston Celtics|Charlotte Hornets|Chicago Bulls,GSW|BOS|CHA|CHI,罗伯特-帕里什
77799,Medford Park,Atlanta Hawks|Sacramento Kings,ATL|SAC,梅德福德-帕克
1515,Anthony Parker,Philadelphia 76ers|Orlando Magic|Toronto Raptors|Cleveland Cavaliers,PHI|ORL|TOR|CLE,安东尼-帕克
203953,Jabari Parker,Milwaukee Bucks|Chicago Bulls|Washington Wizards|Atlanta Hawks|Sacramento Kings|Boston Celtics,MIL|CHI|WAS|ATL|SAC|BOS,贾巴里-帕克
2470,Smush Parker,Cleveland Cavaliers|Detroit Pistons|Phoenix Suns|Los Angeles Lakers|Miami Heat|LA Clippers,CLE|DET|PHX|LAL|MIA|LAC,斯穆什-帕克
77800,Sonny Parker,Golden State Warriors,GSW,索尼-帕克
2225,Tony Parker,San Antonio Spurs|Charlotte Hornets,SAS|CHA,托尼-帕克
77801,Jack Parkinson,,,杰克-普阿尔克伊恩森
685,Cherokee Parks,Dallas Mavericks|Minnesota Timberwolves|Memphis Grizzlies|Washington Wizards|LA Clippers|San Antonio Spurs|Golden State Warriors,DAL|MIN|MEM|WAS|LAC|SAS|GSW,奇伊罗凯-帕尔克斯
77802,Jack Parr,,,杰克-帕尔
77803,Doyle Parrack,,,多伊尔-普阿尔阿克
77804,Charlie Parsley,,,奇阿尔尔伊埃-普阿尔斯利
202718,Chandler Parsons,Houston Rockets|Dallas Mavericks|Memphis Grizzlies|Atlanta Hawks,HOU|DAL|MEM|ATL,钱德勒-帕尔森斯
1629672,Eric Paschall,Golden State Warriors|Utah Jazz,GSW|UTA,埃里克-帕斯克奥尔
1628394,Anžejs Pasečņiks,Washington Wizards,WAS,安泽杰斯-帕塞克尼克斯
1097,Zarko Paspalj,,,兹阿尔克奥-普阿斯普阿尔杰
77806,Marty Passaglia,,,姆阿尔特伊-普阿斯斯阿格尔伊阿
77807,George A. Pastushok,,,乔治-普阿斯特斯赫奥克
77808,Myles Patrick,,,迈尔斯-帕特里克
77809,Stan Patrick,,,斯坦-帕特里克
1754,Andrae Patterson,Minnesota Timberwolves,MIN,安德拉-帕特森
77811,George Patterson,,,乔治-帕特森
203934,Lamar Patterson,Atlanta Hawks,ATL,拉马尔-帕特森
202335,Patrick Patterson,Houston Rockets|Sacramento Kings|Toronto Raptors|Oklahoma City Thunder|LA Clippers,HOU|SAC|TOR|OKC|LAC,帕特里克-帕特森
1739,Ruben Patterson,Los Angeles Lakers|Oklahoma City Thunder|Portland Trail Blazers|Denver Nuggets|Milwaukee Bucks|LA Clippers,LAL|OKC|POR|DEN|MIL|LAC,鲁本-帕特森
77812,Steve Patterson,Cleveland Cavaliers|Chicago Bulls,CLE|CHI,史蒂夫-帕特森
77813,Tommy Patterson,Washington Wizards,WAS,汤米-帕特森
77814,Worthy Patterson,,,沃西-帕特森
1628383,Justin Patton,Minnesota Timberwolves|Philadelphia 76ers|Oklahoma City Thunder|Houston Rockets,MIN|PHI|OKC|HOU,贾斯汀-帕特顿
203464,Brandon Paul,,,布兰登-保罗
101108,Chris Paul,New Orleans Pelicans|LA Clippers|Houston Rockets|Oklahoma City Thunder|Phoenix Suns|Golden State Warriors|San Antonio Spurs,NOP|LAC|HOU|OKC|PHX|GSW|SAS,克里斯-保罗
77815,Charlie Paulk,Milwaukee Bucks|Sacramento Kings|New York Knicks|Chicago Bulls,MIL|SAC|NYK|CHI,查理-帕乌尔克
77816,Jerry Paulson,,,杰里-普阿乌尔森
77817,Billy Paultz,San Antonio Spurs|Houston Rockets|Atlanta Hawks|Utah Jazz,SAS|HOU|ATL|UTA,比利-保尔茨
2562,Sasha Pavlovic,Utah Jazz|Cleveland Cavaliers|Minnesota Timberwolves|Dallas Mavericks|New Orleans Pelicans|Boston Celtics|Portland Trail Blazers,UTA|CLE|MIN|DAL|NOP|BOS|POR,萨沙-普阿夫尔奥夫伊克
77818,Jim Paxson,Los Angeles Lakers|Sacramento Kings,LAL|SAC,吉姆-帕克斯森
77819,Jim Paxson,Portland Trail Blazers|Boston Celtics,POR|BOS,吉姆-帕克斯森
77820,John Paxson,San Antonio Spurs|Chicago Bulls,SAS|CHI,约翰-帕克斯森
77821,Johnny Payak,Golden State Warriors|Atlanta Hawks,GSW|ATL,约翰尼-帕伊阿克
203940,Adreian Payne,Atlanta Hawks|Minnesota Timberwolves|Orlando Magic,ATL|MIN|ORL,阿德里安-佩恩
1626166,Cameron Payne,Oklahoma City Thunder|Chicago Bulls|Cleveland Cavaliers|Phoenix Suns|Milwaukee Bucks|Philadelphia 76ers|New York Knicks,OKC|CHI|CLE|PHX|MIL|PHI|NYK,卡梅伦-佩恩
77822,Kenny Payne,Philadelphia 76ers,PHI,肯尼-佩恩
77823,Tom Payne,,,汤姆-佩恩
203901,Elfrid Payton,Orlando Magic|Phoenix Suns|New Orleans Pelicans|New York Knicks|Charlotte Hornets,ORL|PHX|NOP|NYK|CHA,伊尔夫里德-佩顿
56,Gary Payton,Oklahoma City Thunder|Milwaukee Bucks|Los Angeles Lakers|Boston Celtics|Miami Heat,OKC|MIL|LAL|BOS|MIA,加里-佩顿
77824,Mel Payton,Golden State Warriors,GSW,梅尔-佩顿
1627780,Gary Payton II,Milwaukee Bucks|Los Angeles Lakers|Washington Wizards|Golden State Warriors|Portland Trail Blazers,MIL|LAL|WAS|GSW|POR,加里-佩顿二世
77825,George Pearcy,,,乔治-普埃阿尔克伊
77826,Henry Pearcy,,,亨利-普埃阿尔克伊
1642877,Micah Peavy,,,米卡赫-佩阿夫伊
200762,Oleksiy Pecherov,Washington Wizards|Minnesota Timberwolves,WAS|MIN,奥勒克西伊-佩奇伊罗夫
77827,Wiley Peck,,,威利-佩克
1642951,Sean Pedulla,,,肖恩-佩杜尔拉
324,Anthony Peeler,Los Angeles Lakers|Memphis Grizzlies|Minnesota Timberwolves|Sacramento Kings|Washington Wizards,LAL|MEM|MIN|SAC|WAS,安东尼-佩伊勒尔
201593,Nikola Pekovic,Minnesota Timberwolves,MIN,尼科拉-佩科维奇
77828,Jake Pelkington,Detroit Pistons,DET,杰克-普埃尔克伊恩顿
203658,Norvel Pelle,Philadelphia 76ers|Brooklyn Nets|Sacramento Kings|New York Knicks|Utah Jazz,PHI|BKN|SAC|NYK|UTA,诺尔维尔-佩尔
77829,Sam Pellom,Atlanta Hawks|Milwaukee Bucks,ATL|MIL,萨姆-佩尔洛姆
2130,Mike Penberthy,Los Angeles Lakers,LAL,迈克-佩恩贝尔斯伊
1642869,Noah Penda,,,诺阿-佩恩达
2667,Desmond Penigar,,,戴斯蒙德-普埃恩伊格阿尔
2632,Kirk Penney,Miami Heat|LA Clippers,MIA|LAC,柯克-普埃恩恩埃伊
46,Mike Peplowski,Sacramento Kings|Detroit Pistons|Washington Wizards|Milwaukee Bucks,SAC|DET|WAS|MIL,迈克-佩普洛瓦斯基
781,Will Perdue,Chicago Bulls|San Antonio Spurs|Portland Trail Blazers,CHI|SAS|POR,威尔-佩尔杜
1641970,Maozinha Pereira,,,马奥齐恩哈-佩雷伊拉
2570,Kendrick Perkins,Boston Celtics|Oklahoma City Thunder|Cleveland Cavaliers|New Orleans Pelicans,BOS|OKC|CLE|NOP,肯德里克-珀金斯
64,Sam Perkins,Dallas Mavericks|Los Angeles Lakers|Oklahoma City Thunder|Indiana Pacers,DAL|LAL|OKC|IND,萨姆-珀金斯
77834,Warren Perkins,Atlanta Hawks,ATL,沃伦-珀金斯
200785,Kosta Perovic,,,克奥斯特阿-珀奥夫伊克
1628506,London Perrantes,,,尔奥恩德奥恩-普埃尔尔阿恩特埃斯
77835,Curtis Perry,Houston Rockets|Milwaukee Bucks|Phoenix Suns,HOU|MIL|PHX,库尔蒂斯-佩里
386,Elliot Perry,LA Clippers|Charlotte Hornets|Phoenix Suns|Milwaukee Bucks|Brooklyn Nets|Orlando Magic|Memphis Grizzlies,LAC|CHA|PHX|MIL|BKN|ORL|MEM,伊尔利奥特-佩里
1629617,Reggie Perry,Brooklyn Nets|Indiana Pacers|Portland Trail Blazers,BKN|IND|POR,雷吉-佩里
897,Tim Perry,Phoenix Suns|Philadelphia 76ers|Brooklyn Nets,PHX|PHI|BKN,蒂姆-佩里
456,Chuck Person,Indiana Pacers|Minnesota Timberwolves|San Antonio Spurs|Charlotte Hornets|Oklahoma City Thunder,IND|MIN|SAS|CHA|OKC,查克-珀森
445,Wesley Person,Phoenix Suns|Cleveland Cavaliers|Memphis Grizzlies|Portland Trail Blazers|Atlanta Hawks|Miami Heat|Denver Nuggets,PHX|CLE|MEM|POR|ATL|MIA|DEN,韦斯利-珀森
1643007,Taelon Peter,,,塔伊洛恩-佩特尔
1628409,Alec Peters,,,亚历克-普埃特斯
77839,Jim Petersen,Houston Rockets|Sacramento Kings|Golden State Warriors,HOU|SAC|GSW,吉姆-佩特尔森
77840,Loy Petersen,Chicago Bulls,CHI,洛伊-佩特尔森
77843,Bob Peterson,Atlanta Hawks|New York Knicks,ATL|NYK,鲍勃-佩特尔森
1641809,Drew Peterson,Boston Celtics|Charlotte Hornets,BOS|CHA,德鲁-佩特尔森
77841,Ed Peterson,Philadelphia 76ers|Atlanta Hawks,PHI|ATL,埃德-佩特尔森
77842,Mel Peterson,,,梅尔-普埃特森
2050,Morris Peterson,Toronto Raptors|New Orleans Pelicans|Oklahoma City Thunder,TOR|NOP|OKC,莫里斯-佩特尔森
77844,Geoff Petrie,Portland Trail Blazers,POR,杰奥夫夫-佩特里
101130,Johan Petro,Oklahoma City Thunder|Denver Nuggets|Brooklyn Nets|Atlanta Hawks,OKC|DEN|BKN|ATL,乔哈恩-佩特罗
77845,Drazen Petrovic,Portland Trail Blazers|Brooklyn Nets,POR|BKN,德拉岑-彼得洛维奇
1630196,Filip Petrusev,Philadelphia 76ers|Sacramento Kings,PHI|SAC,菲利普-佩特鲁塞夫
77846,Richard Petruska,,,尔伊奇德-普埃特鲁斯克阿
77847,Bob Pettit,Atlanta Hawks,ATL,鲍勃-佩蒂特
77848,Roger Phegley,Washington Wizards|Brooklyn Nets|Cleveland Cavaliers|San Antonio Spurs|Dallas Mavericks,WAS|BKN|CLE|SAS|DAL,罗杰-夫伊格利
77850,Jack Phelan,,,杰克-普赫埃尔阿恩
77849,Jim Phelan,,,吉姆-费伦
74,Derrick Phelps,,,德里克-普赫埃尔普斯
77852,Mike Phelps,Oklahoma City Thunder|LA Clippers,OKC|LAC,迈克-普赫埃尔普斯
77853,Andy Phillip,Golden State Warriors|Detroit Pistons|Boston Celtics,GSW|DET|BOS,安德伊-菲利普
1629341,Tarik Phillip,,,特阿尔伊克-弗伊尔伊普
77854,Eddie Phillips,,,埃迪-夫伊尔利普斯
77855,Gary Phillips,Boston Celtics|Golden State Warriors,BOS|GSW,加里-夫伊尔利普斯
1641763,Julian Phillips,Chicago Bulls|Minnesota Timberwolves,CHI|MIN,朱利安-夫伊尔利普斯
184,Bobby Phills,Cleveland Cavaliers|Charlotte Hornets,CLE|CHA,博比-夫伊尔斯
15,Eric Piatkowski,LA Clippers|Houston Rockets|Chicago Bulls|Phoenix Suns,LAC|HOU|CHI|PHX,埃里克-皮特科瓦斯基
1629618,Jalen Pickett,Denver Nuggets,DEN,杰伦-皮克伊特特
1630691,Jamorko Pickett,,,贾莫尔科-皮克伊特特
1718,Paul Pierce,Boston Celtics|Brooklyn Nets|Washington Wizards|LA Clippers,BOS|BKN|WAS|LAC,保罗-皮尔斯
894,Ricky Pierce,Detroit Pistons|LA Clippers|Milwaukee Bucks|Oklahoma City Thunder|Golden State Warriors|Indiana Pacers|Denver Nuggets|Charlotte Hornets,DET|LAC|MIL|OKC|GSW|IND|DEN|CHA,里基-皮尔斯
77858,Stan Pietkiewicz,LA Clippers|Dallas Mavericks,LAC|DAL,斯坦-皮伊特基伊维克兹
2554,Mickael Pietrus,Golden State Warriors|Orlando Magic|Phoenix Suns|Boston Celtics|Toronto Raptors,GSW|ORL|PHX|BOS|TOR,姆克阿埃尔-普伊埃特鲁斯
77859,John Pilch,,,约翰-普伊尔奇
291,Ed Pinckney,Phoenix Suns|Sacramento Kings|Boston Celtics|Milwaukee Bucks|Toronto Raptors|Philadelphia 76ers|Miami Heat,PHX|SAC|BOS|MIL|TOR|PHI|MIA,埃德-皮恩克内伊
200838,Kevinn Pinkney,,,克埃夫伊恩恩-普伊恩克恩埃伊
77861,John Pinone,,,约翰-普伊恩奥恩埃
1629033,Theo Pinson,Brooklyn Nets|New York Knicks|Dallas Mavericks,BKN|NYK|DAL,西奥-皮恩森
77862,Dave Piontek,Sacramento Kings|Atlanta Hawks|Washington Wizards,SAC|ATL|WAS,戴夫-皮奥恩特克
77863,Tom Piotrowski,,,汤姆-普伊奥特罗沃斯克伊
937,Scottie Pippen,Chicago Bulls|Houston Rockets|Portland Trail Blazers,CHI|HOU|POR,斯科蒂-皮蓬
1630590,Scotty Pippen Jr.,Los Angeles Lakers|Memphis Grizzlies,LAL|MEM,小斯科蒂-皮蓬
77864,Charlie Pittman,Phoenix Suns,PHX,奇阿尔伊-皮特曼
202354,Dexter Pittman,Miami Heat|Memphis Grizzlies|Atlanta Hawks,MIA|MEM|ATL,德克斯特尔-皮特特曼
2565,Zoran Planinic,Brooklyn Nets,BKN,兹奥尔阿恩-普尔阿恩伊恩伊克
202353,Tibor Pleiss,,,蒂博尔-普莱斯
1631342,Daeqwon Plowden,Atlanta Hawks|Sacramento Kings,ATL|SAC,达伊克沃恩-普洛瓦登
1627850,Marshall Plumlee,New York Knicks|Milwaukee Bucks,NYK|MIL,马歇尔-普尔乌姆利
203486,Mason Plumlee,Brooklyn Nets|Portland Trail Blazers|Denver Nuggets|Detroit Pistons|Charlotte Hornets|LA Clippers|Phoenix Suns|San Antonio Spurs,BKN|POR|DEN|DET|CHA|LAC|PHX|SAS,梅森-普拉姆利
203101,Miles Plumlee,Indiana Pacers|Phoenix Suns|Milwaukee Bucks|Charlotte Hornets|Atlanta Hawks,IND|PHX|MIL|CHA|ATL,迈尔斯-普拉姆利
77865,Gary Plummer,Golden State Warriors|Denver Nuggets,GSW|DEN,加里-普卢姆梅尔
2750,Pavel Podkolzin,Dallas Mavericks,DAL,普阿夫埃尔-普奥德克奥尔兹伊恩
1641764,Brandin Podziemski,Golden State Warriors,GSW,布拉恩迪恩-波德齐伊姆斯基
1627751,Jakob Poeltl,Toronto Raptors|San Antonio Spurs,TOR|SAS,贾科布-波伊尔特尔
1629738,Vincent Poirier,Boston Celtics|Philadelphia 76ers,BOS|PHI,文森特-波伊里伊尔
1630197,Aleksej Pokusevski,Oklahoma City Thunder|Charlotte Hornets,OKC|CHA,阿列克谢-波库舍夫斯基
77866,Dwayne Polee,,,德韦恩-普奥利
77867,Jim Pollard,Los Angeles Lakers,LAL,吉姆-波拉德
1513,Scot Pollard,Detroit Pistons|Sacramento Kings|Indiana Pacers|Cleveland Cavaliers|Boston Celtics,DET|SAC|IND|CLE|BOS,斯科特-波拉德
77868,Ralph Polson,,,拉尔夫-波尔森
178,Olden Polynice,Oklahoma City Thunder|LA Clippers|Detroit Pistons|Sacramento Kings|Utah Jazz,OKC|LAC|DET|SAC|UTA,奥尔登-波利尼克
77869,Cliff Pondexter,Chicago Bulls,CHI,克利夫-波恩德克斯特尔
202347,Quincy Pondexter,New Orleans Pelicans|Memphis Grizzlies|Chicago Bulls|San Antonio Spurs,NOP|MEM|CHI|SAS,昆西-波恩德克斯特尔
1629044,Shamorie Ponds,,,什阿姆奥尔伊埃-普奥恩德斯
1630582,Yves Pons,,,伊维斯-波恩斯
1629673,Jordan Poole,Golden State Warriors|Washington Wizards|New Orleans Pelicans,GSW|WAS|NOP,乔丹-普尔
77870,David Pope,Sacramento Kings|Oklahoma City Thunder,SAC|OKC,大卫-波普
998,Mark Pope,Indiana Pacers|Milwaukee Bucks|Denver Nuggets,IND|MIL|DEN,马克-波普
77872,Dave Popson,LA Clippers|Miami Heat|Boston Celtics|Milwaukee Bucks,LAC|MIA|BOS|MIL,戴夫-普奥普森
77873,Ben Poquette,Detroit Pistons|Utah Jazz|Cleveland Cavaliers|Chicago Bulls,DET|UTA|CLE|CHI,本-波奎伊特特
2084,Chris Porter,,,克里斯-波特
77875,Howard Porter,,,霍华德-波特
1629007,Jontay Porter,Memphis Grizzlies|Toronto Raptors,MEM|TOR,乔恩塔伊-波特
77876,Kevin Porter,Washington Wizards|Detroit Pistons|Brooklyn Nets,WAS|DET|BKN,凯文-波特
345,Terry Porter,Portland Trail Blazers|Minnesota Timberwolves|Miami Heat|San Antonio Spurs,POR|MIN|MIA|SAS,特里-波特
1641854,Craig Porter Jr.,Cleveland Cavaliers,CLE,克雷格-波特
1629645,Kevin Porter Jr.,Cleveland Cavaliers|Houston Rockets|LA Clippers|Milwaukee Bucks,CLE|HOU|LAC|MIL,凯文-波特
1629008,Michael Porter Jr.,Denver Nuggets|Brooklyn Nets,DEN|BKN,迈克尔-波特
203490,Otto Porter Jr.,Washington Wizards|Chicago Bulls|Orlando Magic|Golden State Warriors|Toronto Raptors,WAS|CHI|ORL|GSW|TOR,奥托-波特
1626171,Bobby Portis,Chicago Bulls|Washington Wizards|New York Knicks|Milwaukee Bucks,CHI|WAS|NYK|MIL,博比-波尔蒂斯
77878,Bob Portman,Golden State Warriors,GSW,鲍勃-波尔特曼
204001,Kristaps Porziņģis,New York Knicks|Dallas Mavericks|Washington Wizards|Boston Celtics|Atlanta Hawks|Golden State Warriors,NYK|DAL|WAS|BOS|ATL|GSW,克里斯塔普斯-波尔津吉斯
1899,James Posey,Denver Nuggets|Houston Rockets|Memphis Grizzlies|Miami Heat|Boston Celtics|New Orleans Pelicans|Indiana Pacers,DEN|HOU|MEM|MIA|BOS|NOP|IND,詹姆斯-波塞伊
1642366,Quinten Post,Golden State Warriors,GSW,奎伊恩特恩-波斯特
2068,Lavor Postell,New York Knicks,NYK,拉沃尔-波斯特尔
958,Vitaly Potapenko,Cleveland Cavaliers|Boston Celtics|Oklahoma City Thunder|Sacramento Kings,CLE|BOS|OKC|SAC,维塔利-波塔佩恩科
1630695,Micah Potter,Detroit Pistons|Utah Jazz|Indiana Pacers,DET|UTA|IND,米卡赫-波特特尔
1642967,John Poulakidas,,,约翰-波乌拉基达斯
200796,Leon Powe,Boston Celtics|Cleveland Cavaliers|Memphis Grizzlies,BOS|CLE|MEM,利昂-波韦
1642962,Drake Powell,,,德拉克-鲍威尔
203939,Dwight Powell,Boston Celtics|Dallas Mavericks,BOS|DAL,德怀特-鲍威尔
2694,Josh Powell,Dallas Mavericks|Indiana Pacers|Golden State Warriors|LA Clippers|Los Angeles Lakers|Atlanta Hawks|Houston Rockets,DAL|IND|GSW|LAC|LAL|ATL|HOU,约什-鲍威尔
2867,Kasib Powell,,,克阿斯伊布-鲍威尔
1629619,Myles Powell,,,迈尔斯-鲍威尔
1626181,Norman Powell,Toronto Raptors|Portland Trail Blazers|LA Clippers|Miami Heat,TOR|POR|LAC|MIA,诺曼-鲍威尔
101232,Roger Powell,,,罗杰-鲍威尔
1627816,Alex Poythress,Philadelphia 76ers|Indiana Pacers|Atlanta Hawks,PHI|IND|ATL,亚历克斯-波伊斯雷斯
77879,Paul Pressey,Milwaukee Bucks|San Antonio Spurs|Golden State Warriors,MIL|SAS|GSW,保罗-普雷斯塞伊
203515,Phil Pressey,Boston Celtics|Philadelphia 76ers|Phoenix Suns,BOS|PHI|PHX,菲尔-普雷斯塞伊
77880,Dominic Pressley,Washington Wizards|Chicago Bulls,WAS|CHI,德奥姆伊恩伊克-普尔埃斯斯利
77881,Harold Pressley,Sacramento Kings,SAC,哈罗德-普雷斯利
1630554,Jason Preston,LA Clippers|Utah Jazz,LAC|UTA,杰森-普雷斯顿
201985,AJ Price,Indiana Pacers|Washington Wizards|Minnesota Timberwolves|Cleveland Cavaliers|Phoenix Suns,IND|WAS|MIN|CLE|PHX,阿杰-普莱斯
85,Brent Price,Washington Wizards|Houston Rockets|Memphis Grizzlies|Sacramento Kings,WAS|HOU|MEM|SAC,布伦特-普莱斯
77883,Jim Price,Los Angeles Lakers|Milwaukee Bucks|LA Clippers|Denver Nuggets|Detroit Pistons,LAL|MIL|LAC|DEN|DET,吉姆-普莱斯
899,Mark Price,Cleveland Cavaliers|Washington Wizards|Golden State Warriors|Orlando Magic,CLE|WAS|GSW|ORL,马克-普莱斯
77884,Mike Price,New York Knicks|Philadelphia 76ers,NYK|PHI,迈克-普莱斯
101179,Ronnie Price,Sacramento Kings|Utah Jazz|Phoenix Suns|Portland Trail Blazers|Orlando Magic|Los Angeles Lakers,SAC|UTA|PHX|POR|ORL|LAL,罗尼-普莱斯
77882,Tony Price,,,托尼-普莱斯
77886,Bob Priddy,,,鲍勃-普里迪
203143,Pablo Prigioni,New York Knicks|Houston Rockets|LA Clippers,NYK|HOU|LAC,帕布洛-普里吉奥尼
1630563,Joshua Primo,San Antonio Spurs|LA Clippers,SAS|LAC,乔什乌阿-普里莫
1627752,Taurean Prince,Atlanta Hawks|Brooklyn Nets|Cleveland Cavaliers|Minnesota Timberwolves|Los Angeles Lakers|Milwaukee Bucks,ATL|BKN|CLE|MIN|LAL|MIL,塔乌雷安-普林斯
2419,Tayshaun Prince,Detroit Pistons|Memphis Grizzlies|Boston Celtics|Minnesota Timberwolves,DET|MEM|BOS|MIN,塔伊什奥恩-普林斯
77887,John Pritchard,,,约翰-普里查德
340,Kevin Pritchard,Golden State Warriors|Boston Celtics|Philadelphia 76ers|Miami Heat|Washington Wizards,GSW|BOS|PHI|MIA|WAS,凯文-普里特奇阿尔德
1630202,Payton Pritchard,Boston Celtics,BOS,佩顿-普里查德
1642878,Tyrese Proctor,,,泰雷塞-普罗克托尔
1919,Laron Profit,Washington Wizards|Los Angeles Lakers,WAS|LAL,拉罗恩-普罗菲特
1641765,Olivier-Maxence Prosper,Dallas Mavericks|Memphis Grizzlies,DAL|MEM,奥利维伊尔-马克斯伊恩克-普罗斯佩尔
201172,Gabe Pruitt,Boston Celtics,BOS,加贝-普鲁伊特特
2038,Joel Przybilla,Milwaukee Bucks|Atlanta Hawks|Portland Trail Blazers|Charlotte Hornets,MIL|ATL|POR|CHA,乔尔-普尔兹伊比尔拉
77888,Les Pugh,,,莱斯-皮尤
77889,Roy Pugh,Golden State Warriors|Detroit Pistons,GSW|DET,罗伊-皮尤
77890,Anthony Pullard,,,安东尼-普乌拉尔德
1626643,Jacob Pullen,,,雅各布-普乌尔伦
1642389,Zyon Pullin,Memphis Grizzlies|Minnesota Timberwolves,MEM|MIN,兹伊奥恩-普尔林
1628681,Rodney Purvis,,,罗德尼-普乌尔夫伊斯
77891,Don Putman,,,唐-普乌特曼
1627753,Zhou Qi,Houston Rockets,HOU,周琦
1627817,Tim Quarterman,Portland Trail Blazers|Houston Rockets,POR|HOU,蒂姆-夸尔特曼
1642852,Derik Queen,,,德里克-奎伊恩
1630243,Trevelin Queen,Houston Rockets|Indiana Pacers|Orlando Magic,HOU|IND|ORL,特雷维林-奎伊恩
1629674,Neemias Queta,Sacramento Kings|Boston Celtics,SAC|BOS,内伊米阿斯-奎伊塔
77892,Bob Quick,Washington Wizards|Detroit Pistons,WAS|DET,鲍勃-奎伊克
1630193,Immanuel Quickley,New York Knicks|Toronto Raptors,NYK|TOR,伊曼纽尔-奎克利
200809,Chris Quinn,Miami Heat|Brooklyn Nets|San Antonio Spurs|Cleveland Cavaliers,MIA|BKN|SAS|CLE,克里斯-奎因
77893,Brian Quinnett,New York Knicks|Dallas Mavericks,NYK|DAL,布莱恩-奎伊恩内特特
1631311,Lester Quinones,Golden State Warriors|Philadelphia 76ers|New Orleans Pelicans,GSW|PHI|NOP,莱斯特-奎伊诺内斯
1628397,Ivan Rabb,Memphis Grizzlies,MEM,伊万-拉布布
77894,Luke Rackley,Sacramento Kings|Cleveland Cavaliers|New York Knicks|Philadelphia 76ers,SAC|CLE|NYK|PHI,卢克-尔阿克利
77895,Howie Rader,,,豪伊-尔阿德
77896,Mark Radford,Oklahoma City Thunder,OKC,马克-拉德福德
77897,Wayne Radford,,,韦恩-拉德福德
129,Dino Radja,Boston Celtics,BOS,迪诺-拉德加
2209,Vladimir Radmanovic,Oklahoma City Thunder|LA Clippers|Los Angeles Lakers|Charlotte Hornets|Golden State Warriors|Atlanta Hawks|Chicago Bulls,OKC|LAC|LAL|CHA|GSW|ATL|CHI,夫尔阿德伊姆伊尔-尔阿德曼奥夫伊克
1893,Aleksandar Radojevic,Toronto Raptors|Utah Jazz,TOR|UTA,阿尔埃克斯德阿尔-尔阿德奥杰埃夫伊克
77899,Frank Radovich,,,弗兰克-拉多维奇
77900,Moe Radovich,,,莫-尔阿德奥夫伊奇
203545,Miroslav Raduljica,Milwaukee Bucks|Minnesota Timberwolves,MIL|MIN,米罗斯拉夫-拉杜尔吉卡
77901,Ray Radziszewski,,,雷-尔阿德兹伊斯兹埃沃斯克伊
77902,Ray Ragelis,,,雷-拉杰利斯
77903,Sherwin Raiken,,,什埃尔沃伊恩-尔阿伊克埃恩
77904,Ed Rains,San Antonio Spurs,SAS,埃德-拉伊恩斯
2080,Igor Rakocevic,,,伊格奥尔-尔阿克奥克埃夫伊克
77905,Kurt Rambis,Los Angeles Lakers|Charlotte Hornets|Phoenix Suns|Sacramento Kings,LAL|CHA|PHX|SAC,库尔特-拉姆比斯
2762,Peter John Ramos,,,普埃特-约恩 尔阿姆奥斯
77906,Cal Ramsey,New York Knicks|Philadelphia 76ers,NYK|PHI,克阿尔-拉姆齐
77907,Frank Ramsey,Boston Celtics,BOS,弗兰克-拉姆齐
1630186,Jahmi'us Ramsey,Sacramento Kings|Toronto Raptors,SAC|TOR,贾赫米乌斯-拉姆齐
77908,Ray Ramsey,,,雷-拉姆齐
1821,Mark Randall,Chicago Bulls|Minnesota Timberwolves|Detroit Pistons|Denver Nuggets,CHI|MIN|DET|DEN,马克-拉恩达尔
1626184,Chasson Randle,Philadelphia 76ers|New York Knicks|Washington Wizards|Golden State Warriors|Orlando Magic,PHI|NYK|WAS|GSW|ORL,奇阿斯森-拉恩德尔
203944,Julius Randle,Los Angeles Lakers|New Orleans Pelicans|New York Knicks|Minnesota Timberwolves,LAL|NOP|NYK|MIN,朱利叶斯-兰德尔
201576,Anthony Randolph,Golden State Warriors|New York Knicks|Minnesota Timberwolves|Denver Nuggets,GSW|NYK|MIN|DEN,安东尼-兰多夫
101183,Shavlik Randolph,Philadelphia 76ers|Portland Trail Blazers|Miami Heat|Boston Celtics|Phoenix Suns,PHI|POR|MIA|BOS|PHX,什阿夫利克-兰多夫
2216,Zach Randolph,Portland Trail Blazers|New York Knicks|LA Clippers|Memphis Grizzlies|Sacramento Kings,POR|NYK|LAC|MEM|SAC,扎克-兰多夫
77910,Wally Rank,,,沃利-兰克
77911,Kelvin Ransey,Portland Trail Blazers|Dallas Mavericks|Brooklyn Nets,POR|DAL|BKN,凯尔文-拉恩塞伊
77912,Sam Ranzino,,,萨姆-拉恩齐诺
78656,Blair Rasmussen,Denver Nuggets|Atlanta Hawks,DEN|ATL,布拉伊尔-拉斯穆森
1628504,Xavier Rathan-Mayes,,,泽维尔-尔阿思阿恩-姆阿伊埃斯
77913,George Ratkovicz,Philadelphia 76ers|Atlanta Hawks,PHI|ATL,乔治-拉特科维克兹
77914,Ed Ratleff,Houston Rockets,HOU,埃德-拉特勒夫夫
77915,Mike Ratliff,Sacramento Kings,SAC,迈克-拉特利夫
689,Theo Ratliff,Detroit Pistons|Philadelphia 76ers|Atlanta Hawks|Portland Trail Blazers|Boston Celtics|Minnesota Timberwolves|San Antonio Spurs|Charlotte Hornets|Los Angeles Lakers,DET|PHI|ATL|POR|BOS|MIN|SAS|CHA|LAL,西奥-拉特利夫
202360,Andy Rautins,,,安迪-劳廷斯
77916,Leo Rautins,Philadelphia 76ers|Atlanta Hawks,PHI|ATL,勒奥-拉乌蒂恩斯
200810,Allan Ray,,,阿兰-雷
77917,Clifford Ray,Chicago Bulls|Golden State Warriors,CHI|GSW,克利福德-雷
77918,Don Ray,,,唐-雷
77920,Jamesearl Ray,Denver Nuggets,DEN,杰阿姆埃斯伊尔-雷
77919,Jim Ray,Philadelphia 76ers,PHI,吉姆-雷
77921,Craig Raymond,,,克雷格-雷蒙德
1642875,Maxime Raynaud,,,马克斯伊姆-拉伊纳乌德
77922,Connie Rea,,,克奥恩伊-尔伊
1641871,Duop Reath,Portland Trail Blazers,POR,杜奥普-雷特赫
1630559,Austin Reaves,Los Angeles Lakers,LAL,奥斯汀-里夫斯
77923,Joe Reaves,,,乔-尔埃阿夫埃斯
1629729,Josh Reaves,,,约什-尔埃阿夫埃斯
1442,Zeljko Rebraca,Detroit Pistons|Atlanta Hawks|LA Clippers,DET|ATL|LAC,兹埃尔杰克奥-尔埃布尔阿克阿
695,Eldridge Recasner,Denver Nuggets|Houston Rockets|Atlanta Hawks|Charlotte Hornets|LA Clippers,DEN|HOU|ATL|CHA|LAC,伊尔德里德格-雷卡斯内尔
2072,Michael Redd,Milwaukee Bucks|Phoenix Suns,MIL|PHX,迈克尔-雷德德
1629629,Cam Reddish,Atlanta Hawks|New York Knicks|Portland Trail Blazers|Los Angeles Lakers,ATL|NYK|POR|LAL,卡姆-雷迪什
77925,Frank Reddout,,,弗兰克-尔埃德奥特
200755,JJ Redick,Orlando Magic|Milwaukee Bucks|LA Clippers|Philadelphia 76ers|New Orleans Pelicans|Dallas Mavericks,ORL|MIL|LAC|PHI|NOP|DAL,JJ-雷迪克
77926,Marlon Redmond,Philadelphia 76ers|Sacramento Kings,PHI|SAC,马龙-雷德莫恩德
1628432,Davon Reed,Phoenix Suns|Indiana Pacers|Denver Nuggets|Los Angeles Lakers,PHX|IND|DEN|LAL,达沃恩-里德
77927,Hub Reed,Atlanta Hawks|Sacramento Kings|Los Angeles Lakers|Detroit Pistons,ATL|SAC|LAL|DET,哈勃-里德
2770,Justin Reed,Boston Celtics|Minnesota Timberwolves,BOS|MIN,贾斯汀-里德
1630194,Paul Reed,Philadelphia 76ers|Detroit Pistons,PHI|DET,保罗-里德
77928,Ron Reed,Detroit Pistons,DET,罗恩-里德
203186,Willie Reed,Brooklyn Nets|Miami Heat|LA Clippers|Detroit Pistons,BKN|MIA|LAC|DET,威利-里德
77929,Willis Reed,New York Knicks,NYK,威利斯-里德
1642024,Alex Reese,Oklahoma City Thunder|Philadelphia 76ers,OKC|PHI,亚历克斯-雷伊斯
1642882,Julian Reese,,,朱利安-雷伊斯
1641810,Antonio Reeves,New Orleans Pelicans|Charlotte Hornets,NOP|CHA,安东尼奥-里夫斯
735,Bryant Reeves,Memphis Grizzlies,MEM,布莱恩特-里夫斯
234,Khalid Reeves,Miami Heat|Charlotte Hornets|Brooklyn Nets|Dallas Mavericks|Detroit Pistons|Chicago Bulls,MIA|CHA|BKN|DAL|DET|CHI,克哈利德-里夫斯
77932,Richie Regan,Sacramento Kings,SAC,里奇伊-雷加恩
77933,Don Rehfeldt,Atlanta Hawks,ATL,唐-雷费尔特
77937,Billy Reid,,,比利-里德
690,Don Reid,Detroit Pistons|Washington Wizards|Orlando Magic,DET|WAS|ORL,唐-里德
462,J.R. Reid,Charlotte Hornets|San Antonio Spurs|New York Knicks|Los Angeles Lakers|Milwaukee Bucks|Cleveland Cavaliers,CHA|SAS|NYK|LAL|MIL|CLE,里德
77935,Jim Reid,,,吉姆-里德
1629675,Naz Reid,Minnesota Timberwolves,MIN,纳兹-里德
77936,Robert Reid,Houston Rockets|Charlotte Hornets|Portland Trail Blazers|Philadelphia 76ers,HOU|CHA|POR|PHI,罗伯特-里德
202385,Ryan Reid,,,瑞安-里德
2876,Jared Reiner,Chicago Bulls|Milwaukee Bucks,CHI|MIL,贾里德-雷伊内尔
77938,Joseph Reiser,,,约瑟夫-尔埃伊斯埃尔
77939,Richard Rellford,,,尔伊奇德-尔尔弗奥尔德
720,Terrence Rencher,Miami Heat|Phoenix Suns,MIA|PHX,特伦斯-雷恩奇伊尔
77941,John Rennicke,,,约翰-尔埃恩恩克埃
77942,Rob Rensberger,,,尔奥布-尔埃恩斯布埃尔格埃尔
981,Efthimios Rentzias,,,伊夫斯伊米奥斯-雷恩特齐阿斯
704,Shawn Respert,Milwaukee Bucks|Toronto Raptors|Dallas Mavericks|Phoenix Suns,MIL|TOR|DAL|PHX,肖恩-雷斯佩尔特
77944,Kevin Restani,Milwaukee Bucks|Sacramento Kings|San Antonio Spurs|Cleveland Cavaliers,MIL|SAC|SAS|CLE,凯文-雷斯塔尼
1629244,Cam Reynolds,Minnesota Timberwolves|San Antonio Spurs|Houston Rockets,MIN|SAS|HOU,卡姆-雷伊诺尔德斯
77945,George Reynolds,,,乔治-雷诺兹
77946,Jerry Reynolds,Milwaukee Bucks|Oklahoma City Thunder|Orlando Magic,MIL|OKC|ORL,杰里-雷伊诺尔德斯
1631197,Jared Rhoden,Detroit Pistons|Charlotte Hornets|Toronto Raptors,DET|CHA|TOR,贾里德-尔霍登
77947,Gene Rhodes,,,吉恩-罗兹
1518,Rodrick Rhodes,Houston Rockets|Memphis Grizzlies|Dallas Mavericks,HOU|MEM|DAL,罗德里克-尔霍德斯
779,Glen Rice,Miami Heat|Charlotte Hornets|Los Angeles Lakers|New York Knicks|Houston Rockets|LA Clippers,MIA|CHA|LAL|NYK|HOU|LAC,格伦-赖斯
203318,Glen Rice,Washington Wizards,WAS,格伦-赖斯
201181,Chris Richard,Minnesota Timberwolves|Chicago Bulls,MIN|CHI,克里斯-理查德
1642954,Will Richard,,,威尔-理查德
1630208,Nick Richards,Charlotte Hornets|Phoenix Suns|Chicago Bulls,CHA|PHX|CHI,尼克-理查兹
77950,Clint Richardson,Philadelphia 76ers|Indiana Pacers,PHI|IND,克林特-理查德森
1642859,Jase Richardson,,,贾塞-理查德森
2202,Jason Richardson,Golden State Warriors|Charlotte Hornets|Phoenix Suns|Orlando Magic|Philadelphia 76ers,GSW|CHA|PHX|ORL|PHI,杰森-理查德森
200978,Jeremy Richardson,Atlanta Hawks|Portland Trail Blazers|Memphis Grizzlies|San Antonio Spurs|Orlando Magic,ATL|POR|MEM|SAS|ORL,杰里米-理查德森
1626196,Josh Richardson,Miami Heat|Philadelphia 76ers|Dallas Mavericks|Boston Celtics|San Antonio Spurs|New Orleans Pelicans,MIA|PHI|DAL|BOS|SAS|NOP,约什-理查德森
1627781,Malachi Richardson,Sacramento Kings|Toronto Raptors,SAC|TOR,马拉奇伊-理查德森
77952,Micheal Ray Richardson,New York Knicks|Golden State Warriors|Brooklyn Nets,NYK|GSW|BKN,姆伊奇伊尔-雷-理查森
2369,Norman Richardson,Indiana Pacers|Chicago Bulls,IND|CHI,诺曼-理查德森
71,Pooh Richardson,Minnesota Timberwolves|Indiana Pacers|LA Clippers,MIN|IND|LAC,波奥赫-理查德森
2047,Quentin Richardson,LA Clippers|Phoenix Suns|New York Knicks|Miami Heat|Orlando Magic,LAC|PHX|NYK|MIA|ORL,昆廷-理查德森
1642955,Kadary Richmond,,,卡达尔伊-里奇蒙德
782,Mitch Richmond,Golden State Warriors|Sacramento Kings|Washington Wizards|Los Angeles Lakers,GSW|SAC|WAS|LAL,米奇-里奇蒙德
77954,John Richter,,,约翰-里奇特尔
77955,Dick Ricketts,Sacramento Kings,SAC,迪克-里克伊特特斯
375,Isaiah Rider,Minnesota Timberwolves|Portland Trail Blazers|Atlanta Hawks|Los Angeles Lakers|Denver Nuggets,MIN|POR|ATL|LAL|DEN,以赛亚-里德尔
77957,Jackie Ridgle,,,杰基-里德格尔
2557,Luke Ridnour,Oklahoma City Thunder|Milwaukee Bucks|Minnesota Timberwolves|Charlotte Hornets|Orlando Magic,OKC|MIL|MIN|CHA|ORL,卢克-里德诺乌尔
77958,Mel Riebe,Boston Celtics,BOS,梅尔-尔伊埃布埃
77959,Jim Riffey,,,吉姆-尔伊夫伊
2541,Antoine Rigaudeau,,,安托万-尔伊格阿乌德埃阿乌
77960,Tom Riker,New York Knicks,NYK,汤姆-里凯尔
77963,Bob Riley,,,鲍勃-尔伊利
35,Eric Riley,Houston Rockets|LA Clippers|Minnesota Timberwolves|Dallas Mavericks|Boston Celtics,HOU|LAC|MIN|DAL|BOS,埃里克-莱利
77962,Pat Riley,Houston Rockets|Los Angeles Lakers|Phoenix Suns,HOU|LAL|PHX,帕特-莱利
77964,Ron Riley,Sacramento Kings|Houston Rockets,SAC|HOU,罗恩-莱利
1642860,Will Riley,,,威尔-莱利
1630203,Grant Riller,,,格兰特-里尔勒尔
77965,Rich Rinaldi,Washington Wizards,WAS,里奇-里纳尔迪
77966,Mike Riordan,New York Knicks|Washington Wizards,NYK|WAS,迈克-里奥尔达恩
1642258,Zaccharie Risacher,Atlanta Hawks,ATL,扎克奇阿尔伊-里萨奇伊尔
77967,Arnie Risen,Sacramento Kings|Boston Celtics,SAC|BOS,阿尼-里森
77968,Goebel Ritter,New York Knicks,NYK,格奥埃布埃尔-尔伊特尔
77969,Ramon Rivas,,,拉蒙-尔伊夫阿斯
203085,Austin Rivers,New Orleans Pelicans|LA Clippers|Washington Wizards|Houston Rockets|New York Knicks|Denver Nuggets|Minnesota Timberwolves,NOP|LAC|WAS|HOU|NYK|DEN|MIN,奥斯汀-里弗斯
77970,David Rivers,Los Angeles Lakers|LA Clippers,LAL|LAC,大卫-里弗斯
470,Doc Rivers,Atlanta Hawks|LA Clippers|New York Knicks|San Antonio Spurs,ATL|LAC|NYK|SAS,多克-里弗斯
77972,Lee Robbins,,,李-罗宾斯
1641857,Liam Robbins,,,利姆-罗布比恩斯
203460,Andre Roberson,Oklahoma City Thunder|Brooklyn Nets,OKC|BKN,安德烈-罗贝尔森
101194,Anthony Roberson,Memphis Grizzlies|Golden State Warriors|New York Knicks|Chicago Bulls,MEM|GSW|NYK|CHI,安东尼-罗贝尔森
77973,Rick Roberson,Los Angeles Lakers|Cleveland Cavaliers|Portland Trail Blazers|Utah Jazz|Sacramento Kings,LAL|CLE|POR|UTA|SAC,里克-罗贝尔森
2121,Terrance Roberson,,,特伦斯-罗伯逊
77975,Anthony Roberts,Denver Nuggets|Washington Wizards,DEN|WAS,安东尼-罗伯茨
77979,Bill Roberts,Boston Celtics,BOS,比尔-罗伯茨
203148,Brian Roberts,New Orleans Pelicans|Charlotte Hornets|Portland Trail Blazers,NOP|CHA|POR,布莱恩-罗伯茨
122,Fred Roberts,San Antonio Spurs|Utah Jazz|Boston Celtics|Milwaukee Bucks|Cleveland Cavaliers|Los Angeles Lakers|Dallas Mavericks,SAS|UTA|BOS|MIL|CLE|LAL|DAL,弗雷德-罗伯茨
77977,Joe Roberts,Philadelphia 76ers,PHI,乔-罗伯茨
101160,Lawrence Roberts,Memphis Grizzlies,MEM,拉瓦雷恩克-罗伯茨
77978,Marv Roberts,,,姆阿尔夫-罗伯茨
914,Stanley Roberts,Orlando Magic|LA Clippers|Minnesota Timberwolves|Houston Rockets|Philadelphia 76ers,ORL|LAC|MIN|HOU|PHI,斯坦利-罗伯茨
926,Alvin Robertson,San Antonio Spurs|Milwaukee Bucks|Detroit Pistons|Toronto Raptors,SAS|MIL|DET|TOR,埃尔文-罗伯特森
600015,Oscar Robertson,Sacramento Kings|Milwaukee Bucks,SAC|MIL,奥斯卡-罗伯特森
1926,Ryan Robertson,,,瑞安-罗伯逊
77983,Tony Robertson,Atlanta Hawks|Golden State Warriors,ATL|GSW,托尼-罗伯逊
77984,Rick Robey,Indiana Pacers|Boston Celtics|Phoenix Suns,IND|BOS|PHX,里克-罗贝伊
2774,Bernard Robinson,Charlotte Hornets|Brooklyn Nets,CHA|BKN,伯纳德-罗宾逊
997,Chris Robinson,Memphis Grizzlies|Sacramento Kings,MEM|SAC,克里斯-罗宾逊
77986,Cliff T. Robinson,Brooklyn Nets|Sacramento Kings|Cleveland Cavaliers|Washington Wizards|Philadelphia 76ers|Los Angeles Lakers,BKN|SAC|CLE|WAS|PHI|LAL,克利夫-特-鲁宾逊
361,Clifford Robinson,Portland Trail Blazers|Phoenix Suns|Detroit Pistons|Golden State Warriors|Brooklyn Nets,POR|PHX|DET|GSW|BKN,克利福德-罗宾逊
764,David Robinson,San Antonio Spurs,SAS,大卫-罗宾逊
1628421,Devin Robinson,Washington Wizards,WAS,德文-罗宾逊
1629130,Duncan Robinson,Miami Heat|Detroit Pistons,MIA|DET,邓肯-罗宾逊
1944,Eddie Robinson,Charlotte Hornets|Chicago Bulls,CHA|CHI,埃迪-罗宾逊
77988,Flynn Robinson,Sacramento Kings|Chicago Bulls|Milwaukee Bucks|Los Angeles Lakers|Washington Wizards,SAC|CHI|MIL|LAL|WAS,弗林-罗宾逊
299,Glenn Robinson,Milwaukee Bucks|Atlanta Hawks|Philadelphia 76ers|San Antonio Spurs,MIL|ATL|PHI|SAS,格伦-罗宾逊
77989,Jackie Robinson,Oklahoma City Thunder|Detroit Pistons|Chicago Bulls,OKC|DET|CHI,杰阿克伊埃-罗宾逊
1554,Jamal Robinson,,,贾马尔-罗宾逊
381,James Robinson,Portland Trail Blazers|Minnesota Timberwolves|LA Clippers|Orlando Magic,POR|MIN|LAC|ORL,詹姆斯-罗宾逊
1629010,Jerome Robinson,LA Clippers|Washington Wizards|Golden State Warriors,LAC|WAS|GSW,杰罗姆-罗宾逊
1629620,Justin Robinson,Washington Wizards|Oklahoma City Thunder|Milwaukee Bucks|Sacramento Kings|Detroit Pistons,WAS|OKC|MIL|SAC|DET,贾斯汀-罗宾逊
1683,Larry Robinson,Golden State Warriors|Washington Wizards|Boston Celtics|Houston Rockets|Memphis Grizzlies|Cleveland Cavaliers|Atlanta Hawks|New York Knicks,GSW|WAS|BOS|HOU|MEM|CLE|ATL|NYK,拉里-罗宾逊
1629011,Mitchell Robinson,New York Knicks,NYK,米切尔-罗宾逊
101126,Nate Robinson,New York Knicks|Boston Celtics|Oklahoma City Thunder|Golden State Warriors|Chicago Bulls|Denver Nuggets|LA Clippers|New Orleans Pelicans,NYK|BOS|OKC|GSW|CHI|DEN|LAC|NOP,内特-罗宾逊
77994,Oliver Robinson,,,奥利弗-罗宾逊
1631115,Orlando Robinson,Miami Heat|Sacramento Kings|Toronto Raptors|Orlando Magic,MIA|SAC|TOR|ORL,奥兰多-罗宾逊
716,Rumeal Robinson,Atlanta Hawks|Brooklyn Nets|Charlotte Hornets|Portland Trail Blazers|Los Angeles Lakers|Phoenix Suns,ATL|BKN|CHA|POR|LAL|PHX,鲁梅阿尔-罗宾逊
203080,Thomas Robinson,Sacramento Kings|Houston Rockets|Portland Trail Blazers|Philadelphia 76ers|Brooklyn Nets|Los Angeles Lakers,SAC|HOU|POR|PHI|BKN|LAL,托马斯-罗宾逊
77993,Truck Robinson,Washington Wizards|Atlanta Hawks|Utah Jazz|Phoenix Suns|New York Knicks,WAS|ATL|UTA|PHX|NYK,特鲁克-罗宾逊
77996,Wayne Robinson,,,韦恩-罗宾逊
203922,Glenn Robinson III,Minnesota Timberwolves|Philadelphia 76ers|Indiana Pacers|Detroit Pistons|Golden State Warriors|Sacramento Kings,MIN|PHI|IND|DET|GSW|SAC,格伦-罗宾逊
1630526,Jeremiah Robinson-Earl,Oklahoma City Thunder|New Orleans Pelicans|Indiana Pacers|Dallas Mavericks,OKC|NOP|IND|DAL,杰雷米阿赫-罗宾逊-厄尔
77997,Bill Robinzine,Sacramento Kings|Cleveland Cavaliers|Dallas Mavericks|Utah Jazz,SAC|CLE|DAL|UTA,比尔-罗比恩齐恩
77998,Dave Robisch,Indiana Pacers|Los Angeles Lakers|Cleveland Cavaliers|Denver Nuggets|San Antonio Spurs|Sacramento Kings,IND|LAL|CLE|DEN|SAS|SAC,戴夫-罗比斯克
1629676,Isaiah Roby,Oklahoma City Thunder|San Antonio Spurs,OKC|SAS,以赛亚-罗布伊
77999,Red Rocha,Philadelphia 76ers|Detroit Pistons,PHI|DET,雷德-罗奇阿
78000,John Roche,Los Angeles Lakers|Denver Nuggets,LAL|DEN,约翰-罗奇
78001,Gene Rock,,,吉恩-罗克
78002,Jack Rocker,,,杰克-尔奥克埃尔
1631223,David Roddy,Memphis Grizzlies|Phoenix Suns|Atlanta Hawks|Philadelphia 76ers|Houston Rockets|Denver Nuggets,MEM|PHX|ATL|PHI|HOU|DEN,大卫-罗德德伊
78003,Guy Rodgers,Golden State Warriors|Chicago Bulls|Sacramento Kings|Milwaukee Bucks,GSW|CHI|SAC|MIL,盖伊-罗德杰尔斯
23,Dennis Rodman,Detroit Pistons|San Antonio Spurs|Chicago Bulls|Los Angeles Lakers|Dallas Mavericks,DET|SAS|CHI|LAL|DAL,丹尼斯-罗德曼
200771,Sergio Rodriguez,Portland Trail Blazers|Sacramento Kings|New York Knicks|Philadelphia 76ers,POR|SAC|NYK|PHI,塞尔吉奥-罗德里格斯
691,Lou Roe,Detroit Pistons|Golden State Warriors,DET|GSW,卢-罗伊
435,Carlos Rogers,Golden State Warriors|Toronto Raptors|Portland Trail Blazers|Houston Rockets|Indiana Pacers,GSW|TOR|POR|HOU|IND,卡洛斯-罗杰斯
78007,Johnny Rogers,Sacramento Kings|Cleveland Cavaliers,SAC|CLE,约翰尼-罗杰斯
78008,Marshall Rogers,,,马歇尔-罗杰斯
915,Rodney Rogers,Denver Nuggets|LA Clippers|Phoenix Suns|Boston Celtics|Brooklyn Nets|New Orleans Pelicans|Philadelphia 76ers,DEN|LAC|PHX|BOS|BKN|NOP|PHI,罗德尼-罗杰斯
964,Roy Rogers,Memphis Grizzlies|Boston Celtics|Toronto Raptors|Denver Nuggets,MEM|BOS|TOR|DEN,罗伊-罗杰斯
78010,Al Roges,Detroit Pistons,DET,阿尔-罗杰斯
78011,Ken Rohloff,,,肯-尔奥赫尔奥弗弗
202375,Magnum Rolle,,,马格纳姆-罗尔
78012,Kenny Rollins,Boston Celtics,BOS,肯尼-罗林斯
78013,Phil Rollins,Golden State Warriors|Sacramento Kings|New York Knicks,GSW|SAC|NYK,菲尔-罗林斯
1631157,Ryan Rollins,Golden State Warriors|Washington Wizards|Milwaukee Bucks,GSW|WAS|MIL,莱恩-罗林斯
78014,Tree Rollins,Atlanta Hawks|Cleveland Cavaliers|Detroit Pistons|Houston Rockets|Orlando Magic,ATL|CLE|DET|HOU|ORL,特雷伊-罗林斯
78015,Lorenzo Romar,Golden State Warriors|Milwaukee Bucks|Detroit Pistons,GSW|MIL|DET,洛伦佐-罗马尔
200765,Rajon Rondo,Boston Celtics|Dallas Mavericks|Sacramento Kings|Chicago Bulls|New Orleans Pelicans|Los Angeles Lakers|Atlanta Hawks|LA Clippers|Cleveland Cavaliers,BOS|DAL|SAC|CHI|NOP|LAL|ATL|LAC|CLE,拉简-隆多
399,Sean Rooks,Dallas Mavericks|Minnesota Timberwolves|Atlanta Hawks|Los Angeles Lakers|LA Clippers|New Orleans Pelicans|Orlando Magic,DAL|MIN|ATL|LAL|LAC|NOP|ORL,肖恩-罗奥克斯
201565,Derrick Rose,Chicago Bulls|New York Knicks|Cleveland Cavaliers|Minnesota Timberwolves|Detroit Pistons|Memphis Grizzlies,CHI|NYK|CLE|MIN|DET|MEM,德里克-罗斯
147,Jalen Rose,Denver Nuggets|Indiana Pacers|Chicago Bulls|Toronto Raptors|New York Knicks|Phoenix Suns,DEN|IND|CHI|TOR|NYK|PHX,杰伦-罗斯
990,Malik Rose,Charlotte Hornets|San Antonio Spurs|New York Knicks|Oklahoma City Thunder,CHA|SAS|NYK|OKC,马利克-罗斯
78016,Robert Rose,,,罗伯特-罗斯
78017,Alexander Rosenberg,,,亚历山大-尔奥斯埃恩布埃尔格
78018,Lennie Rosenbluth,Golden State Warriors,GSW,伦尼-罗森布卢斯
78019,Hank Rosenstein,New York Knicks,NYK,汉克-尔奥斯埃恩斯特埃伊恩
78020,Dick Rosenthal,Detroit Pistons,DET,迪克-尔奥斯埃恩思阿尔
2624,Quinton Ross,LA Clippers|Memphis Grizzlies|Dallas Mavericks|Washington Wizards|Brooklyn Nets,LAC|MEM|DAL|WAS|BKN,奎伊恩顿-罗斯
203082,Terrence Ross,Toronto Raptors|Orlando Magic|Phoenix Suns,TOR|ORL|PHX,特伦斯-罗斯
78021,Doug Roth,,,道格-罗斯
78022,Scott Roth,Utah Jazz|San Antonio Spurs|Minnesota Timberwolves,UTA|SAS|MIN,斯科特-罗斯
78023,Irv Rothenberg,Washington Wizards|New York Knicks,WAS|NYK,欧文-尔奥思埃恩伯格
78024,Mickey Rottner,,,米基-尔奥特特纳
78025,Dan Roundfield,Indiana Pacers|Atlanta Hawks|Detroit Pistons|Washington Wizards,IND|ATL|DET|WAS,丹-罗乌恩德菲尔德
78026,Giff Roux,,,格伊弗-尔奥克斯
78027,Ron Rowan,,,罗恩-尔奥沃阿恩
78028,Curtis Rowe,Detroit Pistons|Boston Celtics,DET|BOS,库尔蒂斯-罗韦
1642050,Jackson Rowe,,,杰克逊-罗韦
78029,Jim Rowinski,Detroit Pistons|Philadelphia 76ers|Miami Heat,DET|PHI|MIA,吉姆-尔奥沃伊恩斯克伊
78030,Derrick Rowland,,,德里克-尔奥沃尔德
78031,Brian Rowsom,Indiana Pacers|Charlotte Hornets,IND|CHA,布莱恩-罗瓦索姆
200750,Brandon Roy,Portland Trail Blazers|Minnesota Timberwolves,POR|MIN,布兰登-罗伊
140,Donald Royal,Minnesota Timberwolves|San Antonio Spurs|Orlando Magic|Golden State Warriors|Charlotte Hornets,MIN|SAS|ORL|GSW|CHA,唐纳德-罗耶尔
78033,Bob Royer,,,鲍勃-罗耶
32,Clifford Rozier,Golden State Warriors|Toronto Raptors|Minnesota Timberwolves,GSW|TOR|MIN,克利福德-罗齐尔
1626179,Terry Rozier,Boston Celtics|Charlotte Hornets|Miami Heat,BOS|CHA|MIA,特里-罗齐尔
201937,Ricky Rubio,Minnesota Timberwolves|Utah Jazz|Phoenix Suns|Cleveland Cavaliers,MIN|UTA|PHX|CLE,里基-鲁比奥
2462,Guy Rucker,,,盖伊-拉克尔
78035,Delaney Rudd,Utah Jazz|Portland Trail Blazers,UTA|POR,德拉内伊-鲁德德
78036,John Rudd,,,约翰-鲁德德
204014,Damjan Rudez,Indiana Pacers|Minnesota Timberwolves|Orlando Magic,IND|MIN|ORL,德阿姆杰阿恩-尔乌德埃兹
78037,John Rudometkin,New York Knicks|Golden State Warriors,NYK|GSW,约翰-鲁多梅特基恩
1913,Michael Ruffin,Chicago Bulls|Philadelphia 76ers|Utah Jazz|Washington Wizards|Milwaukee Bucks|Portland Trail Blazers,CHI|PHI|UTA|WAS|MIL|POR,迈克尔-鲁夫菲恩
460,Trevor Ruffin,Phoenix Suns|Philadelphia 76ers,PHX|PHI,特雷沃-鲁夫菲恩
78039,Paul Ruffner,Chicago Bulls|LA Clippers,CHI|LAC,保罗-鲁夫夫内尔
78040,Joe Ruklick,Golden State Warriors,GSW,乔-鲁克利克
78041,Jeff Ruland,Washington Wizards|Philadelphia 76ers|Detroit Pistons,WAS|PHI|DET,杰夫-鲁兰德
78042,Bob Rule,Oklahoma City Thunder|Philadelphia 76ers|Cleveland Cavaliers|Milwaukee Bucks,OKC|PHI|CLE|MIL,鲍勃-鲁勒
78043,Jerry Rullo,Golden State Warriors,GSW,杰里-尔乌尔尔奥
1641712,Rayan Rupert,Portland Trail Blazers|Memphis Grizzlies,POR|MEM,拉伊安-鲁佩尔特
474,Stefano Rusconi,,,斯特埃弗阿恩奥-鲁斯克奥恩伊
201575,Brandon Rush,Indiana Pacers|Golden State Warriors|Utah Jazz|Minnesota Timberwolves,IND|GSW|UTA|MIN,布兰登-拉什
2416,Kareem Rush,Los Angeles Lakers|Charlotte Hornets|Indiana Pacers|Philadelphia 76ers|LA Clippers,LAL|CHA|IND|PHI|LAC,卡里姆-拉什
78049,Bill Russell,Boston Celtics,BOS,比尔-拉塞尔
935,Bryon Russell,Utah Jazz|Washington Wizards|Los Angeles Lakers|Denver Nuggets,UTA|WAS|LAL|DEN,布尔伊奥恩-拉塞尔
78047,Campy Russell,Cleveland Cavaliers|New York Knicks,CLE|NYK,卡姆普伊-拉塞尔
78045,Cazzie Russell,New York Knicks|Golden State Warriors|Los Angeles Lakers|Chicago Bulls,NYK|GSW|LAL|CHI,卡兹齐-拉塞尔
1626156,D'Angelo Russell,Los Angeles Lakers|Brooklyn Nets|Golden State Warriors|Minnesota Timberwolves|Dallas Mavericks,LAL|BKN|GSW|MIN|DAL,丹吉洛-拉塞尔
78046,Frank Russell,,,弗兰克-拉塞尔
78048,Walker Russell,Detroit Pistons|Atlanta Hawks|Indiana Pacers,DET|ATL|IND,沃克-拉塞尔
201041,Walker Russell,,,沃克-拉塞尔
1642504,Cormac Ryan,,,科尔马克-莱恩
1630346,Matt Ryan,Boston Celtics|Los Angeles Lakers|Minnesota Timberwolves|New Orleans Pelicans|New York Knicks,BOS|LAL|MIN|NOP|NYK,马特-莱恩
717,Arvydas Sabonis,Portland Trail Blazers,POR,阿维达斯-萨博尼斯
1627734,Domantas Sabonis,Oklahoma City Thunder|Indiana Pacers|Sacramento Kings,OKC|IND|SAC,多曼塔斯-萨博尼斯
203135,Robert Sacre,Los Angeles Lakers,LAL,罗伯特-萨克尔
78050,Ed Sadowski,Boston Celtics|Golden State Warriors,BOS|GSW,埃德-萨多夫斯基
78051,Kenny Sailors,Golden State Warriors,GSW,肯尼-斯阿伊尔奥尔斯
1642275,Tidjane Salaün,Charlotte Hornets,CHA,蒂德贾恩-萨拉乌恩
927,John Salley,Detroit Pistons|Miami Heat|Toronto Raptors|Chicago Bulls|Los Angeles Lakers,DET|MIA|TOR|CHI|LAL,约翰-萨尔利
1642282,Hunter Sallis,,,亨特-萨尔利斯
2422,John Salmons,Philadelphia 76ers|Sacramento Kings|Chicago Bulls|Milwaukee Bucks|Toronto Raptors|New Orleans Pelicans,PHI|SAC|CHI|MIL|TOR|NOP,约翰-萨尔莫恩斯
1089,Kevin Salvadori,Sacramento Kings,SAC,凯文-萨尔瓦多里
2066,Soumaila Samake,Brooklyn Nets|Los Angeles Lakers,BKN|LAL,索乌马伊拉-萨马克
1629677,Luka Samanic,San Antonio Spurs|Utah Jazz,SAS|UTA,卢卡-萨曼伊克
200798,Cheikh Samb,Detroit Pistons|Denver Nuggets|LA Clippers|New York Knicks,DET|DEN|LAC|NYK,奇埃伊克赫-斯阿姆布
1629102,Brandon Sampson,,,布兰登-桑普森
203960,JaKarr Sampson,Philadelphia 76ers|Denver Nuggets|Sacramento Kings|Chicago Bulls|Indiana Pacers,PHI|DEN|SAC|CHI|IND,贾卡尔-桑普森
2441,Jamal Sampson,Milwaukee Bucks|Los Angeles Lakers|Charlotte Hornets|Sacramento Kings|Denver Nuggets,MIL|LAL|CHA|SAC|DEN,贾马尔-桑普森
78055,Ralph Sampson,Houston Rockets|Golden State Warriors|Sacramento Kings|Washington Wizards,HOU|GSW|SAC|WAS,拉尔夫-桑普森
202396,Samardo Samuels,Cleveland Cavaliers,CLE,萨马尔多-萨穆伊尔斯
1631257,Jermaine Samuels Jr.,,,杰梅因-萨穆伊尔斯
2143,Pepe Sanchez,Atlanta Hawks|Philadelphia 76ers|Detroit Pistons,ATL|PHI|DET,普埃普埃-桑切斯
78057,Frankie Sanders,San Antonio Spurs|Boston Celtics|Sacramento Kings,SAS|BOS|SAC,夫拉恩基-桑德斯
1874,Jeff Sanders,Chicago Bulls|Charlotte Hornets|Atlanta Hawks,CHI|CHA|ATL,杰夫-桑德斯
1642920,Kobe Sanders,,,科比-桑德斯
202336,Larry Sanders,Milwaukee Bucks|Cleveland Cavaliers,MIL|CLE,拉里-桑德斯
2684,Melvin Sanders,,,梅尔文-桑德斯
78059,Mike Sanders,San Antonio Spurs|Phoenix Suns|Cleveland Cavaliers|Indiana Pacers,SAS|PHX|CLE|IND,迈克-桑德斯
78060,Thomas Sanders,Boston Celtics,BOS,托马斯-桑德斯
1642362,Payton Sandfort,,,佩顿-萨恩德福尔特
1641766,Adama Sanogo,Chicago Bulls,CHI,阿达马-萨诺戈
2091,Daniel Santiago,Phoenix Suns|Milwaukee Bucks,PHX|MIL,丹尼尔-萨恩蒂阿戈
78061,Bob Santini,,,鲍勃-桑蒂尼
1630611,Gui Santos,Golden State Warriors,GSW,古伊-萨恩托斯
78062,Wayne Sappleton,,,韦恩-萨普普勒顿
1642879,Ben Saraf,,,本-萨拉夫
203967,Dario Saric,Philadelphia 76ers|Minnesota Timberwolves|Phoenix Suns|Oklahoma City Thunder|Golden State Warriors|Denver Nuggets|Sacramento Kings,PHI|MIN|PHX|OKC|GSW|DEN|SAC,达里奥-萨里奇
1642259,Alex Sarr,Washington Wizards,WAS,亚历克斯-萨尔
1630846,Olivier Sarr,Oklahoma City Thunder|Cleveland Cavaliers,OKC|CLE,奥利维伊尔-萨尔
987,Jason Sasser,San Antonio Spurs|Dallas Mavericks|Memphis Grizzlies,SAS|DAL|MEM,贾森-斯阿斯尔
2219,Jeryl Sasser,Orlando Magic,ORL,杰尔伊尔-萨斯塞尔
1631204,Marcus Sasser,Detroit Pistons,DET,马库斯-萨斯塞尔
203107,Tomas Satoransky,Washington Wizards|Chicago Bulls|New Orleans Pelicans|San Antonio Spurs,WAS|CHI|NOP|SAS,托马斯-萨托拉恩斯克伊
2261,Kenny Satterfield,Denver Nuggets|Philadelphia 76ers,DEN|PHI,肯尼-萨特特尔菲尔德
78063,Frank Saul,Sacramento Kings|Los Angeles Lakers|Atlanta Hawks,SAC|LAL|ATL,弗兰克-斯阿乌尔
78064,Woody Sauldsberry,Golden State Warriors|Atlanta Hawks|Washington Wizards|Boston Celtics,GSW|ATL|WAS|BOS,伍德伊-萨乌尔德斯贝尔伊
78065,Fred Saunders,Phoenix Suns|Boston Celtics|Utah Jazz,PHX|BOS|UTA,弗雷德-萨乌恩德尔斯
78066,Don Savage,Philadelphia 76ers,PHI,唐-萨维奇
2453,Predrag Savovic,,,普雷德拉格-斯阿夫奥夫伊克
78067,Alan Sawyer,,,艾伦-索耶
2243,Brian Scalabrine,Brooklyn Nets|Boston Celtics|Chicago Bulls,BKN|BOS|CHI,布莱恩-斯卡拉布里恩
2637,Alex Scales,,,阿莱士-斯克阿莱斯
78068,Dewayne Scales,New York Knicks|Washington Wizards,NYK|WAS,德瓦伊恩-斯卡勒斯
78069,Frank Schade,,,弗兰克-斯奇阿德埃
78070,Ben Schadler,,,本-施阿德勒
78071,Herm Schaefer,Los Angeles Lakers,LAL,赫尔姆-斯克阿伊费尔
78072,Bob Schafer,,,鲍勃-斯克阿费尔
1630648,Jordan Schakel,Washington Wizards,WAS,乔丹-斯克艾克尔
78073,Ben Scharnus,,,本-斯奇阿尔努斯
78074,Marv Schatzman,,,姆阿尔夫-斯奇阿特兹曼
78075,Fred Schaus,Detroit Pistons|New York Knicks,DET|NYK,弗雷德-斯克奥斯
7,Dan Schayes,Utah Jazz|Denver Nuggets|Milwaukee Bucks|Los Angeles Lakers|Phoenix Suns|Miami Heat|Orlando Magic,UTA|DEN|MIL|LAL|PHX|MIA|ORL,丹-斯奇阿伊埃斯
78076,Dolph Schayes,Philadelphia 76ers,PHI,多尔夫-谢伊斯
78078,Ossie Schectman,,,奥斯伊-施埃克特曼
88,Steve Scheffler,Charlotte Hornets|Sacramento Kings|Denver Nuggets|Oklahoma City Thunder,CHA|SAC|DEN|OKC,史蒂夫-斯克伊夫夫勒尔
78080,Tom Scheffler,,,汤姆-斯克伊夫夫勒尔
1631248,Baylor Scheierman,Boston Celtics,BOS,贝勒-斯克艾伊尔曼
78081,Dave Schellhase,Chicago Bulls,CHI,戴夫-斯克伊尔哈斯
101195,Luke Schenscher,Chicago Bulls|Portland Trail Blazers,CHI|POR,卢克-斯克伊恩斯克伊尔
78082,Herb Scherer,Atlanta Hawks|New York Knicks,ATL|NYK,赫布-施埃尔埃尔
368,Dwayne Schintzius,San Antonio Spurs|Sacramento Kings|Brooklyn Nets|Indiana Pacers|LA Clippers|Boston Celtics,SAS|SAC|BKN|IND|LAC|BOS,德瓦伊恩-斯克伊恩特齐乌斯
78084,Dale Schlueter,Golden State Warriors|Portland Trail Blazers|Philadelphia 76ers|Atlanta Hawks|LA Clippers|Phoenix Suns,GSW|POR|PHI|ATL|LAC|PHX,戴尔-斯克卢伊特尔
78085,Otto Schnellbacher,,,奥特特奥-斯奇恩尔布阿奇埃尔
78086,Dick Schnittker,Los Angeles Lakers,LAL,迪克-斯克尼特特凯尔
78087,Russ Schoene,Philadelphia 76ers|Indiana Pacers|Oklahoma City Thunder,PHI|IND|OKC,鲁斯-斯克奥伊恩
1629678,Admiral Schofield,Washington Wizards|Orlando Magic,WAS|ORL,阿德米拉尔-斯科菲尔德
78088,Dave Scholz,,,戴夫-斯奇奥尔兹
78089,Milt Schoon,,,米尔特-施乌恩
96,Detlef Schrempf,Dallas Mavericks|Indiana Pacers|Oklahoma City Thunder|Portland Trail Blazers,DAL|IND|OKC|POR,德特勒夫-施伦普夫
203471,Dennis Schröder,Atlanta Hawks|Oklahoma City Thunder|Los Angeles Lakers|Boston Celtics|Houston Rockets|Toronto Raptors|Brooklyn Nets|Golden State Warriors|Detroit Pistons|Sacramento Kings|Cleveland Cavaliers,ATL|OKC|LAL|BOS|HOU|TOR|BKN|GSW|DET|SAC|CLE,丹尼斯-施罗德
78091,Howie Schultz,Detroit Pistons|Los Angeles Lakers,DET|LAL,霍维-斯克乌尔特兹
78092,Dick Schulz,Washington Wizards|Atlanta Hawks,WAS|ATL,迪克-斯奇乌尔兹
78093,John Schweitz,Oklahoma City Thunder|Detroit Pistons,OKC|DET,约翰-施沃埃特兹
2449,Luis Scola,Houston Rockets|Phoenix Suns|Indiana Pacers|Toronto Raptors|Brooklyn Nets,HOU|PHX|IND|TOR|BKN,卢伊斯-斯科拉
78094,Freddie Scolari,Philadelphia 76ers|Detroit Pistons|Boston Celtics,PHI|DET|BOS,弗雷迪-斯克奥尔阿尔伊
78095,Alvin Scott,Phoenix Suns,PHX,阿尔文-斯科特
1064,Brent Scott,,,布尔埃恩特-斯科特
2,Byron Scott,Los Angeles Lakers|Indiana Pacers|Memphis Grizzlies,LAL|IND|MEM,拜伦-斯科特
78097,Charlie Scott,Phoenix Suns|Boston Celtics|Los Angeles Lakers|Denver Nuggets,PHX|BOS|LAL|DEN,查理-斯科特
192,Dennis Scott,Orlando Magic|Dallas Mavericks|Phoenix Suns|New York Knicks|Minnesota Timberwolves|Memphis Grizzlies,ORL|DAL|PHX|NYK|MIN|MEM,丹尼斯-斯科特
1109,James Scott,,,詹姆斯-斯科特
203118,Mike Scott,Atlanta Hawks|Washington Wizards|LA Clippers|Philadelphia 76ers,ATL|WAS|LAC|PHI,迈克-斯科特
78100,Ray Scott,Detroit Pistons|Washington Wizards,DET|WAS,雷-斯科特
1035,Shawnelle Scott,Cleveland Cavaliers|San Antonio Spurs|Denver Nuggets,CLE|SAS|DEN,什奥内尔-斯科特
1630286,Trevon Scott,Cleveland Cavaliers|Brooklyn Nets,CLE|BKN,特雷沃恩-斯科特
1630206,Jay Scrubb,LA Clippers|Orlando Magic,LAC|ORL,杰伊-斯克鲁布布
78102,Carey Scurry,Utah Jazz|New York Knicks,UTA|NYK,卡雷伊-斯库尔伊
1631220,Dereon Seabron,New Orleans Pelicans,NOP,德雷奥恩-塞阿布罗恩
78103,Bruce Seals,Oklahoma City Thunder,OKC,布鲁斯-塞阿尔斯
1578,Shea Seals,,,谢-斯埃阿尔斯
907,Malik Sealy,Indiana Pacers|LA Clippers|Detroit Pistons|Minnesota Timberwolves,IND|LAC|DET|MIN,马利克-塞阿利
78105,Ed Searcy,,,埃德-瑟西
78106,Ken Sears,New York Knicks|Golden State Warriors,NYK|GSW,肯-西尔斯
1641813,Mark Sears,,,马克-塞阿尔斯
78107,Wayne See,,,韦恩-斯埃埃
200757,Thabo Sefolosha,Chicago Bulls|Oklahoma City Thunder|Atlanta Hawks|Utah Jazz|Houston Rockets,CHI|OKC|ATL|UTA|HOU,斯阿博-塞福洛什阿
938,Rony Seikaly,Miami Heat|Golden State Warriors|Orlando Magic|Brooklyn Nets,MIA|GSW|ORL|BKN,罗恩伊-塞伊卡利
78109,Glen Selbo,,,格伦-斯埃尔布奥
202729,Josh Selby,Memphis Grizzlies,MEM,约什-塞尔布伊
1627782,Wayne Selden,New Orleans Pelicans|Memphis Grizzlies|Chicago Bulls|New York Knicks,NOP|MEM|CHI|NYK,韦恩-塞尔登
78110,Brad Sellers,Chicago Bulls|Oklahoma City Thunder|Minnesota Timberwolves|Detroit Pistons,CHI|OKC|MIN|DET,布拉德-塞尔勒尔斯
78111,Phil Sellers,,,菲尔-塞尔勒尔斯
78112,Rollie Seltz,,,尔奥尔伊-斯埃尔特兹
78113,Frank Selvy,Atlanta Hawks|New York Knicks|Los Angeles Lakers,ATL|NYK|LAL,弗兰克-塞尔夫伊
78114,Jim Seminoff,Boston Celtics,BOS,吉姆-塞米诺夫夫
200754,Mouhamed Sene,Oklahoma City Thunder|New York Knicks,OKC|NYK,莫乌哈梅德-森伊
78115,George Senesky,Golden State Warriors,GSW,乔治-森伊斯克伊
1630578,Alperen Sengun,Houston Rockets,HOU,阿尔佩伦-申京
1641729,Brice Sensabaugh,Utah Jazz,UTA,布里克-森萨布奥格赫
202338,Kevin Seraphin,Washington Wizards|New York Knicks|Indiana Pacers,WAS|NYK|IND,凯文-塞拉芬
1738,Ansu Sesay,Oklahoma City Thunder|Golden State Warriors,OKC|GSW,安苏-塞塞
201196,Ramon Sessions,Milwaukee Bucks|Minnesota Timberwolves|Cleveland Cavaliers|Los Angeles Lakers|Charlotte Hornets|Sacramento Kings|Washington Wizards|New York Knicks,MIL|MIN|CLE|LAL|CHA|SAC|WAS|NYK,拉莫恩-塞斯西奥恩斯
78116,Tom Sewell,,,汤姆-斯埃沃尔
1629012,Collin Sexton,Cleveland Cavaliers|Utah Jazz|Charlotte Hornets|Chicago Bulls,CLE|UTA|CHA|CHI,科林-塞克斯顿
78117,Paul Seymour,Philadelphia 76ers,PHI,保罗-塞伊莫乌尔
78118,Nick Shaback,,,尼克-什阿布阿克
1593,Charles Shackleford,Brooklyn Nets|Philadelphia 76ers|Minnesota Timberwolves|Charlotte Hornets,BKN|PHI|MIN|CHA,查尔斯-什阿克勒福德
78120,Carl Shaeffer,,,卡尔-什伊弗埃尔
78121,Lee Shaffer,Philadelphia 76ers,PHI,李-什阿夫费尔
201203,Mustafa Shakur,Washington Wizards|Oklahoma City Thunder,WAS|OKC,姆乌斯特阿弗阿-什阿克乌尔
1629013,Landry Shamet,Philadelphia 76ers|LA Clippers|Brooklyn Nets|Phoenix Suns|Washington Wizards|New York Knicks,PHI|LAC|BKN|PHX|WAS|NYK,兰德里-什姆伊特
1539,God Shammgod,,,格奥德-什阿姆姆格奥德
78123,Earl Shannon,Boston Celtics,BOS,厄尔-香农
78124,Howie Shannon,Boston Celtics,BOS,霍维-香农
1630545,Terrence Shannon Jr.,Minnesota Timberwolves,MIN,特伦斯-香农
78125,Charlie Share,Detroit Pistons|Atlanta Hawks,DET|ATL,奇阿尔伊-什阿尔埃
78126,Bill Sharman,Boston Celtics,BOS,比尔-沙曼
1630549,Day'Ron Sharpe,Brooklyn Nets,BKN,达伊罗恩-什阿尔普
1631101,Shaedon Sharpe,Portland Trail Blazers,POR,谢登-夏普
201594,Walter Sharpe,,,沃阿尔特-夏普
1117,John Shasky,Miami Heat|Golden State Warriors|Dallas Mavericks,MIA|GSW|DAL,约翰-什阿斯克伊
78128,Ron Shavlik,New York Knicks,NYK,罗恩-什阿夫尔伊克
216,Brian Shaw,Boston Celtics|Miami Heat|Orlando Magic|Golden State Warriors|Philadelphia 76ers|Portland Trail Blazers|Los Angeles Lakers,BOS|MIA|ORL|GSW|PHI|POR|LAL,布莱恩-肖
1745,Casey Shaw,,,凯西-肖
1629621,Marial Shayok,,,姆阿尔伊阿尔-什阿伊奥克
78130,Bob Shea,,,鲍勃-谢
1642347,Jamal Shead,Toronto Raptors,TOR,贾马尔-什伊德
78131,Fred Sheffield,,,弗雷德-什埃弗弗伊尔德
78132,Craig Shelton,Atlanta Hawks,ATL,克雷格-什伊尔顿
78133,Lonnie Shelton,New York Knicks|Oklahoma City Thunder|Cleveland Cavaliers,NYK|OKC|CLE,洛恩尼-什伊尔顿
203129,Tornike Shengelia,Brooklyn Nets|Chicago Bulls,BKN|CHI,托尔尼克-什伊恩杰利阿
1641767,Ben Sheppard,Indiana Pacers,IND,本-什伊普帕尔德
1852,Jeff Sheppard,,,杰夫-什埃普普德
1642263,Reed Sheppard,Houston Rockets,HOU,里德-什伊普帕尔德
78135,Steve Sheppard,Chicago Bulls|Detroit Pistons,CHI|DET,史蒂夫-什伊普帕尔德
78136,Edmund Sherod,,,埃德姆乌恩德-什埃尔奥德
78653,Charlie Shipp,,,奇阿尔伊-什伊普
2321,Paul Shirley,Atlanta Hawks|Chicago Bulls|Phoenix Suns,ATL|CHI|PHX,保罗-什伊尔利
78138,Gene Short,Oklahoma City Thunder|New York Knicks,OKC|NYK,吉恩-什奥尔特
78139,Purvis Short,Golden State Warriors|Houston Rockets|Brooklyn Nets,GSW|HOU|BKN,普尔维斯-什奥尔特
78140,Dexter Shouse,,,德克斯特-什奥斯埃
78141,Dick Shrider,,,迪克-什尔伊德
78142,Gene Shue,New York Knicks|Detroit Pistons|Washington Wizards,NYK|DET|WAS,吉恩-什乌伊
1642917,Max Shulga,,,马克斯-什乌尔加
78143,John Shumate,LA Clippers|Phoenix Suns|Detroit Pistons|Houston Rockets|San Antonio Spurs|Oklahoma City Thunder,LAC|PHX|DET|HOU|SAS|OKC,约翰-什乌马特
202697,Iman Shumpert,New York Knicks|Cleveland Cavaliers|Sacramento Kings|Houston Rockets|Brooklyn Nets,NYK|CLE|SAC|HOU|BKN,伊曼-什乌姆佩尔特
203144,Alexey Shved,Minnesota Timberwolves|Philadelphia 76ers|Houston Rockets|New York Knicks,MIN|PHI|HOU|NYK,阿列克谢-舍维德
1627783,Pascal Siakam,Toronto Raptors|Indiana Pacers,TOR|IND,帕斯卡尔-西亚卡姆
1626296,Jordan Sibert,,,乔丹-斯伊布特
78144,Sam Sibert,,,萨姆-斯伊布特
78145,Mark Sibley,,,马克-斯伊布利
78146,Jerry Sichting,Indiana Pacers|Boston Celtics|Portland Trail Blazers|Charlotte Hornets|Milwaukee Bucks,IND|BOS|POR|CHA|MIL,杰里-西奇蒂恩格
78147,Larry Siegfried,Boston Celtics|Houston Rockets|Atlanta Hawks,BOS|HOU|ATL,拉里-西伊格夫里伊德
78148,Ralph Siewert,,,拉尔夫-斯伊埃沃特
78149,Jack Sikma,Oklahoma City Thunder|Milwaukee Bucks,OKC|MIL,杰克-西克马
78150,James Silas,San Antonio Spurs|Cleveland Cavaliers,SAS|CLE,詹姆斯-塞拉斯
78151,Paul Silas,Atlanta Hawks|Phoenix Suns|Boston Celtics|Denver Nuggets|Oklahoma City Thunder,ATL|PHX|BOS|DEN|OKC,保罗-塞拉斯
202918,Xavier Silas,Philadelphia 76ers|Boston Celtics,PHI|BOS,泽维尔-赛拉斯
202081,Garret Siler,,,格阿尔埃特-斯伊勒
78152,Mike Silliman,,,迈克-西尔利曼
1629735,Chris Silva,Miami Heat|Sacramento Kings|Minnesota Timberwolves|Dallas Mavericks,MIA|SAC|MIN|DAL,克里斯-西尔瓦
101134,Wayne Simien,Miami Heat,MIA,韦恩-西米伊恩
1627732,Ben Simmons,Philadelphia 76ers|Brooklyn Nets|LA Clippers,PHI|BKN|LAC,本-西蒙斯
2250,Bobby Simmons,Washington Wizards|LA Clippers|Milwaukee Bucks|Brooklyn Nets|San Antonio Spurs,WAS|LAC|MIL|BKN|SAS,博比-西蒙斯
200759,Cedric Simmons,New Orleans Pelicans|Cleveland Cavaliers|Chicago Bulls|Sacramento Kings,NOP|CLE|CHI|SAC,塞德里克-西蒙斯
78153,Connie Simmons,Boston Celtics|New York Knicks|Philadelphia 76ers|Sacramento Kings,BOS|NYK|PHI|SAC,康尼-西蒙斯
78154,Johnny Simmons,,,约翰尼-西蒙斯
203613,Jonathon Simmons,San Antonio Spurs|Orlando Magic|Philadelphia 76ers,SAS|ORL|PHI,乔纳斯奥恩-西蒙斯
1628424,Kobi Simmons,Memphis Grizzlies|Cleveland Cavaliers|Charlotte Hornets|Toronto Raptors,MEM|CLE|CHA|TOR,科比-西蒙斯
1489,Lionel Simmons,Sacramento Kings,SAC,利奥内尔-西蒙斯
1750,Miles Simon,,,迈尔斯-斯伊蒙
1630250,Marko Simonovic,Chicago Bulls,CHI,马尔科-西莫诺维克
1629014,Anfernee Simons,Portland Trail Blazers|Boston Celtics|Chicago Bulls,POR|BOS|CHI,安芬尼-西蒙斯
54,Dickey Simpkins,Chicago Bulls|Golden State Warriors|Atlanta Hawks,CHI|GSW|ATL,迪克伊-西姆普基恩斯
202067,Diamon Simpson,,,德厄姆奥恩-辛普森
1642354,KJ Simpson,Charlotte Hornets|Denver Nuggets,CHA|DEN,KJ-辛普森
78157,Ralph Simpson,Detroit Pistons|Denver Nuggets|Brooklyn Nets|Philadelphia 76ers,DET|DEN|BKN|PHI,拉尔夫-辛普森
1630285,Zavier Simpson,Oklahoma City Thunder|Memphis Grizzlies,OKC|MEM,扎维伊尔-辛普森
1591,Alvin Sims,,,阿尔文-西姆斯
78160,Bob Sims,,,鲍勃-西姆斯
201235,Courtney Sims,Indiana Pacers|Phoenix Suns|New York Knicks,IND|PHX|NYK,考特尼-斯伊姆斯
78159,Doug Sims,,,道格-西姆斯
203156,Henry Sims,New Orleans Pelicans|Cleveland Cavaliers|Philadelphia 76ers|Brooklyn Nets,NOP|CLE|PHI|BKN,亨利-西姆斯
1631301,Jaylen Sims,,,杰伦-西姆斯
1630579,Jericho Sims,New York Knicks|Milwaukee Bucks,NYK|MIL,杰里奇奥-西姆斯
78161,Scott Sims,,,斯科特-斯伊姆斯
202713,Kyle Singler,Detroit Pistons|Oklahoma City Thunder,DET|OKC,凯尔-西恩格勒尔
201606,Sean Singletary,Phoenix Suns|Charlotte Hornets,PHX|CHA,肖恩-西恩格勒塔尔伊
202698,Chris Singleton,Washington Wizards,WAS,克里斯-西恩格勒顿
101189,James Singleton,LA Clippers|Dallas Mavericks|Washington Wizards,LAC|DAL|WAS,詹姆斯-西恩格勒顿
78162,Mckinley Singleton,,,姆克伊恩利-斯伊恩尔埃顿
78163,Zeke Sinicola,Detroit Pistons,DET,齐克-斯伊恩伊克奥尔阿
1629686,Deividas Sirvydis,Detroit Pistons,DET,德伊维达斯-西尔夫伊迪斯
78164,Charlie Sitton,,,查理-西特顿
203491,Peyton Siva,,,佩顿-斯伊夫阿
1631376,Dmytro Skapintsev,,,德姆伊特罗-斯卡皮恩特塞夫
101,Scott Skiles,Milwaukee Bucks|Indiana Pacers|Orlando Magic|Washington Wizards|Philadelphia 76ers,MIL|IND|ORL|WAS|PHI,斯科特-斯基勒斯
78167,Al Skinner,Brooklyn Nets|Detroit Pistons|Philadelphia 76ers,BKN|DET|PHI,艾尔-斯金纳
1730,Brian Skinner,LA Clippers|Cleveland Cavaliers|Philadelphia 76ers|Milwaukee Bucks|Sacramento Kings|Portland Trail Blazers|Phoenix Suns|Memphis Grizzlies,LAC|CLE|PHI|MIL|SAC|POR|PHX|MEM,布莱恩-斯金纳
78168,Talvin Skinner,Oklahoma City Thunder,OKC,特阿尔夫伊恩-斯金纳
78169,Whitey Skoog,Los Angeles Lakers,LAL,瓦希特伊-斯科奥格
78170,Jeff Slade,,,杰夫-斯尔阿德埃
1073,Reggie Slater,Denver Nuggets|Portland Trail Blazers|Dallas Mavericks|Toronto Raptors|Minnesota Timberwolves|Brooklyn Nets|Atlanta Hawks,DEN|POR|DAL|TOR|MIN|BKN|ATL,雷吉-斯莱特
78171,Jim Slaughter,,,吉姆-斯劳特
78172,Jose Slaughter,,,何塞-斯拉乌格赫特尔
1641771,Jalen Slawson,Sacramento Kings|Indiana Pacers,SAC|IND,杰伦-斯拉瓦森
2447,Tamar Slay,Brooklyn Nets|Charlotte Hornets,BKN|CHA,塔马尔-斯拉伊
202388,Donald Sloan,Atlanta Hawks|New Orleans Pelicans|Cleveland Cavaliers|Indiana Pacers|Brooklyn Nets,ATL|NOP|CLE|IND|BKN,唐纳德-斯洛安
78173,Jerry Sloan,Washington Wizards|Chicago Bulls,WAS|CHI,杰里-斯洛安
101166,Uros Slokar,,,乌尔奥斯-斯尔奥克阿尔
78174,Tom Sluby,,,汤姆-斯卢布伊
1629346,Alen Smailagic,Golden State Warriors,GSW,阿伦-斯马伊拉吉奇
1642914,Javon Small,,,贾沃恩-斯马尔
1630606,Javonte Smart,Milwaukee Bucks|Miami Heat|Philadelphia 76ers,MIL|MIA|PHI,贾沃恩特-斯马尔特
78175,Keith Smart,,,基思-斯马特
203935,Marcus Smart,Boston Celtics|Memphis Grizzlies|Washington Wizards|Los Angeles Lakers,BOS|MEM|WAS|LAL,马库斯-斯马特
78176,Belus Smawley,,,布埃尔乌斯-斯姆阿沃利
78177,Jack Smiley,Detroit Pistons,DET,杰克-斯姆伊利
78178,Adrian Smith,Sacramento Kings|Golden State Warriors,SAC|GSW,阿德里安-史密斯
78207,Bill Smith,Portland Trail Blazers,POR,比尔-史密斯
78209,Bill Smith,,,比尔-史密斯
78202,Bingo Smith,Houston Rockets|Cleveland Cavaliers|LA Clippers,HOU|CLE|LAC,宾戈-史密斯
78203,Bobby Smith,Los Angeles Lakers,LAL,博比-史密斯
293,Charles Smith,LA Clippers|New York Knicks|San Antonio Spurs,LAC|NYK|SAS,查尔斯-史密斯
1520,Charles Smith,Miami Heat|LA Clippers|San Antonio Spurs|Portland Trail Blazers|Denver Nuggets,MIA|LAC|SAS|POR|DEN,查尔斯-史密斯
78179,Charles Smith,Boston Celtics|Minnesota Timberwolves,BOS|MIN,查尔斯-史密斯
1814,Chris Smith,Minnesota Timberwolves,MIN,克里斯-史密斯
203147,Chris Smith,,,克里斯-史密斯
78181,Clinton Smith,Golden State Warriors|Washington Wizards,GSW|WAS,克林顿-史密斯
200783,Craig Smith,Minnesota Timberwolves|LA Clippers|Portland Trail Blazers,MIN|LAC|POR,克雷格-史密斯
78182,Deb Smith,,,德埃布-史密斯
78183,Derek Smith,Golden State Warriors|LA Clippers|Sacramento Kings|Philadelphia 76ers|Boston Celtics,GSW|LAC|SAC|PHI|BOS,德里克-史密斯
78184,Don Smith,,,唐-史密斯
78185,Donald Smith,,,唐纳德-史密斯
2764,Donta Smith,Atlanta Hawks,ATL,登塔-史密斯
475,Doug Smith,Dallas Mavericks|Boston Celtics,DAL|BOS,道格-史密斯
1630696,Dru Smith,Miami Heat|Brooklyn Nets,MIA|BKN,德鲁-史密斯
78187,Ed Smith,,,埃德-史密斯
78188,Elmore Smith,LA Clippers|Los Angeles Lakers|Milwaukee Bucks|Cleveland Cavaliers,LAC|LAL|MIL|CLE,埃尔莫尔-史密斯
78189,Garfield Smith,Boston Celtics,BOS,加尔菲尔德-史密斯
78190,Greg Smith,Milwaukee Bucks|Houston Rockets|Portland Trail Blazers,MIL|HOU|POR,格雷格-史密斯
202962,Greg Smith,Houston Rockets|Dallas Mavericks|Minnesota Timberwolves,HOU|DAL|MIN,格雷格-史密斯
202397,Ish Smith,Houston Rockets|Memphis Grizzlies|Golden State Warriors|Orlando Magic|Milwaukee Bucks|Phoenix Suns|Oklahoma City Thunder|Philadelphia 76ers|New Orleans Pelicans|Detroit Pistons|Washington Wizards|Charlotte Hornets|Denver Nuggets,HOU|MEM|GSW|ORL|MIL|PHX|OKC|PHI|NOP|DET|WAS|CHA|DEN,伊什-史密斯
2747,JR Smith,New Orleans Pelicans|Denver Nuggets|New York Knicks|Cleveland Cavaliers|Los Angeles Lakers,NOP|DEN|NYK|CLE|LAL,杰尔-史密斯
2074,Jabari Smith,Sacramento Kings|Philadelphia 76ers|Brooklyn Nets,SAC|PHI|BKN,贾巴里-史密斯
1630188,Jalen Smith,Phoenix Suns|Indiana Pacers|Chicago Bulls,PHX|IND|CHI,杰伦-史密斯
201160,Jason Smith,Philadelphia 76ers|New Orleans Pelicans|New York Knicks|Orlando Magic|Washington Wizards|Milwaukee Bucks,PHI|NOP|NYK|ORL|WAS|MIL,杰森-史密斯
202536,Jerry Smith,,,杰里-史密斯
78191,Jim Smith,LA Clippers|Detroit Pistons,LAC|DET,吉姆-史密斯
693,Joe Smith,Golden State Warriors|Philadelphia 76ers|Minnesota Timberwolves|Detroit Pistons|Milwaukee Bucks|Denver Nuggets|Chicago Bulls|Cleveland Cavaliers|Oklahoma City Thunder|Atlanta Hawks|Brooklyn Nets|Los Angeles Lakers,GSW|PHI|MIN|DET|MIL|DEN|CHI|CLE|OKC|ATL|BKN|LAL,乔-史密斯
2746,Josh Smith,Atlanta Hawks|Detroit Pistons|Houston Rockets|LA Clippers|New Orleans Pelicans,ATL|DET|HOU|LAC|NOP,约什-史密斯
78192,Keith Smith,,,基思-史密斯
181,Kenny Smith,Sacramento Kings|Atlanta Hawks|Houston Rockets|Detroit Pistons|Orlando Magic|Denver Nuggets,SAC|ATL|HOU|DET|ORL|DEN,肯尼-史密斯
78194,Labradford Smith,Washington Wizards|Sacramento Kings,WAS|SAC,拉布拉德福德-史密斯
78195,Larry Smith,Golden State Warriors|Houston Rockets|San Antonio Spurs,GSW|HOU|SAS,拉里-史密斯
1910,Leon Smith,Atlanta Hawks|Oklahoma City Thunder,ATL|OKC,利昂-史密斯
1641869,Malachi Smith,,,马拉奇伊-史密斯
63,Michael Smith,Sacramento Kings|Memphis Grizzlies|Washington Wizards,SAC|MEM|WAS,迈克尔-史密斯
78197,Michael Smith,Boston Celtics|LA Clippers,BOS|LAC,迈克尔-史密斯
2065,Mike Smith,,,迈克-史密斯
202701,Nolan Smith,Portland Trail Blazers,POR,诺拉恩-史密斯
78198,Otis Smith,Denver Nuggets|Golden State Warriors|Orlando Magic,DEN|GSW|ORL,奥蒂斯-史密斯
78199,Phil Smith,Golden State Warriors|LA Clippers|Oklahoma City Thunder,GSW|LAC|OKC,菲尔-史密斯
78200,Randy Smith,LA Clippers|Cleveland Cavaliers|New York Knicks|Atlanta Hawks,LAC|CLE|NYK|ATL,兰迪-史密斯
78201,Reggie Smith,Portland Trail Blazers,POR,雷吉-史密斯
78204,Robert Smith,Denver Nuggets|Utah Jazz|Brooklyn Nets|Cleveland Cavaliers|Milwaukee Bucks|LA Clippers|San Antonio Spurs,DEN|UTA|BKN|CLE|MIL|LAC|SAS,罗伯特-史密斯
203893,Russ Smith,New Orleans Pelicans|Memphis Grizzlies,NOP|MEM,鲁斯斯-史密斯
78205,Sammy Smith,Milwaukee Bucks|Chicago Bulls,MIL|CHI,萨米-史密斯
120,Steven Smith,Miami Heat|Atlanta Hawks|Portland Trail Blazers|San Antonio Spurs|New Orleans Pelicans|Charlotte Hornets,MIA|ATL|POR|SAS|NOP|CHA,斯蒂文-史密斯
200848,Steven Smith,,,斯蒂文-史密斯
1478,Stevin Smith,,,斯特文-史密斯
1631173,Terquavion Smith,,,特尔奎阿维奥恩-史密斯
2604,Theron Smith,Memphis Grizzlies|Charlotte Hornets,MEM|CHA,斯伊罗恩-史密斯
1642449,Tolu Smith,Detroit Pistons,DET,托卢-史密斯
380,Tony Smith,Los Angeles Lakers|Phoenix Suns|Miami Heat|Charlotte Hornets|Milwaukee Bucks|Atlanta Hawks,LAL|PHX|MIA|CHA|MIL|ATL,托尼-史密斯
1641890,Tyler Smith,Milwaukee Bucks|Dallas Mavericks,MIL|DAL,泰勒-史密斯
78208,Willie Smith,Chicago Bulls|Indiana Pacers|Portland Trail Blazers|Cleveland Cavaliers,CHI|IND|POR|CLE,威利-史密斯
1629015,Zhaire Smith,Philadelphia 76ers,PHI,兹赫阿伊尔埃-史密斯
1628372,Dennis Smith Jr.,Dallas Mavericks|New York Knicks|Detroit Pistons|Portland Trail Blazers|Charlotte Hornets|Brooklyn Nets,DAL|NYK|DET|POR|CHA|BKN,丹尼斯-史密斯
1631095,Jabari Smith Jr.,Houston Rockets,HOU,小贾巴里-史密斯
1641733,Nick Smith Jr.,Charlotte Hornets|Los Angeles Lakers,CHA|LAL,尼克-史密斯
22,Rik Smits,Indiana Pacers,IND,里克-斯米特斯
1091,Mike Smrek,Chicago Bulls|Los Angeles Lakers|San Antonio Spurs|Golden State Warriors|LA Clippers,CHI|LAL|SAS|GSW|LAC,迈克-斯姆雷克
78212,Joe Smyth,,,乔-斯姆伊思
1630270,Xavier Sneed,Memphis Grizzlies|Utah Jazz|Charlotte Hornets,MEM|UTA|CHA,泽维尔-斯内伊德
203503,Tony Snell,Chicago Bulls|Milwaukee Bucks|Detroit Pistons|Atlanta Hawks|Portland Trail Blazers|New Orleans Pelicans,CHI|MIL|DET|ATL|POR|NOP,托尼-斯内尔
727,Eric Snow,Oklahoma City Thunder|Philadelphia 76ers|Cleveland Cavaliers,OKC|PHI|CLE,埃里克-斯诺瓦
78213,Dick Snyder,Atlanta Hawks|Phoenix Suns|Oklahoma City Thunder|Cleveland Cavaliers,ATL|PHX|OKC|CLE,迪克-斯恩伊德尔
2745,Kirk Snyder,Utah Jazz|New Orleans Pelicans|Houston Rockets|Minnesota Timberwolves,UTA|NOP|HOU|MIN,基尔克-斯恩伊德尔
78214,George Sobek,,,乔治-斯奥布埃克
78215,Ricky Sobers,Phoenix Suns|Indiana Pacers|Chicago Bulls|Washington Wizards|Oklahoma City Thunder,PHX|IND|CHI|WAS|OKC,里基-索贝尔斯
78216,Ron Sobie,New York Knicks,NYK,罗恩-索比
1631110,Jeremy Sochan,San Antonio Spurs|New York Knicks,SAS|NYK,杰里米-索奇安
78217,Mike Sojourner,Atlanta Hawks,ATL,迈克-索乔乌尔内尔
2226,Will Solomon,Memphis Grizzlies|Toronto Raptors|Sacramento Kings,MEM|TOR|SAC,威尔-所罗门
78219,Willie Somerset,,,威利-斯奥默斯埃特
2443,Darius Songaila,Sacramento Kings|Chicago Bulls|Washington Wizards|New Orleans Pelicans|Philadelphia 76ers,SAC|CHI|WAS|NOP|PHI,达里厄斯-森加伊拉
1642850,Thomas Sorber,,,托马斯-斯奥尔伯
78220,Dave Sorenson,Cleveland Cavaliers|Philadelphia 76ers,CLE|PHI,戴夫-索雷恩森
203480,James Southerland,Charlotte Hornets|New Orleans Pelicans,CHA|NOP,詹姆斯-斯奥乌思埃尔尔德
78221,Gino Sovran,,,格伊恩奥-斯奥夫尔阿恩
2776,Pape Sow,Toronto Raptors,TOR,帕佩-索瓦
1629034,Ray Spalding,Dallas Mavericks|Phoenix Suns|Houston Rockets,DAL|PHX|HOU,雷-斯帕尔迪恩格
78222,Jim Spanarkel,Philadelphia 76ers|Dallas Mavericks,PHI|DAL,吉姆-斯帕纳尔凯尔
2779,Vassilis Spanoulis,,,瓦斯西利斯-斯帕诺乌利斯
78223,Guy Sparrow,New York Knicks|Golden State Warriors,NYK|GSW,盖伊-斯派洛
600009,Rory Sparrow,Brooklyn Nets|Atlanta Hawks|New York Knicks|Chicago Bulls|Miami Heat|Sacramento Kings|Los Angeles Lakers,BKN|ATL|NYK|CHI|MIA|SAC|LAL,罗里-斯派洛
78225,Odie Spears,Sacramento Kings|Detroit Pistons|Atlanta Hawks,SAC|DET|ATL,奥迪伊-斯佩阿尔斯
78226,Art Spector,Boston Celtics,BOS,阿特-斯佩克特
201578,Marreese Speights,Philadelphia 76ers|Memphis Grizzlies|Cleveland Cavaliers|Golden State Warriors|LA Clippers|Orlando Magic,PHI|MEM|CLE|GSW|LAC|ORL,马尔雷伊斯-斯佩伊格赫特斯
1629016,Omari Spellman,Atlanta Hawks|Golden State Warriors,ATL|GSW,奥马里-斯佩尔曼
78227,Andre Spencer,Atlanta Hawks|Golden State Warriors|Sacramento Kings,ATL|GSW|SAC,安德烈-斯潘塞
1642285,Cam Spencer,Memphis Grizzlies,MEM,卡姆-斯潘塞
771,Elmore Spencer,LA Clippers|Denver Nuggets|Portland Trail Blazers|Oklahoma City Thunder,LAC|DEN|POR|OKC,埃尔莫尔-斯潘塞
280,Felton Spencer,Minnesota Timberwolves|Utah Jazz|Orlando Magic|Golden State Warriors|San Antonio Spurs|New York Knicks,MIN|UTA|ORL|GSW|SAS|NYK,费尔顿-斯潘塞
1630311,Pat Spencer,Golden State Warriors,GSW,帕特-斯潘塞
78230,Lou Spicer,,,卢-斯派塞
78231,Craig Spitzer,,,克雷格-斯普伊特兹埃尔
201168,Tiago Splitter,San Antonio Spurs|Atlanta Hawks|Philadelphia 76ers,SAS|ATL|PHI,蒂阿戈-斯普利特特尔
78232,Art Spoelstra,Sacramento Kings|Los Angeles Lakers,SAC|LAL,阿特-斯波尔斯特拉
84,Latrell Sprewell,Golden State Warriors|New York Knicks|Minnesota Timberwolves,GSW|NYK|MIN,拉特里尔-斯普雷维尔
78233,Larry Spriggs,Houston Rockets|Chicago Bulls|Los Angeles Lakers,HOU|CHI|LAL,拉里-斯普里格格斯
1630531,Jaden Springer,Philadelphia 76ers|Boston Celtics|Utah Jazz,PHI|BOS|UTA,贾登-斯普里恩杰尔
78234,Jim Springer,,,吉姆-斯普林格
78235,Jim Spruill,,,吉姆-斯普乌伊尔
1756,Ryan Stack,Cleveland Cavaliers,CLE,莱恩-斯塔克
711,Jerry Stackhouse,Philadelphia 76ers|Detroit Pistons|Washington Wizards|Dallas Mavericks|Milwaukee Bucks|Miami Heat|Atlanta Hawks|Brooklyn Nets,PHI|DET|WAS|DAL|MIL|MIA|ATL|BKN,杰里-斯塔克霍乌斯
78237,Kevin Stacom,Boston Celtics|Indiana Pacers|Milwaukee Bucks,BOS|IND|MIL,凯文-斯塔科姆
78238,Dave Stallworth,New York Knicks|Washington Wizards,NYK|WAS,戴夫-斯塔尔沃斯
78239,Isaac Stallworth,Oklahoma City Thunder|Utah Jazz,OKC|UTA,艾萨克-斯特阿尔尔沃奥尔思
78240,Ed Stanczak,Boston Celtics,BOS,埃德-斯坦恰克
1630199,Cassius Stanley,Indiana Pacers|Detroit Pistons,IND|DET,卡斯西乌斯-斯坦利
78241,Terence Stansbury,Indiana Pacers|Oklahoma City Thunder,IND|OKC,特雷恩克-斯塔恩斯布尔伊
317,John Starks,Golden State Warriors|New York Knicks|Chicago Bulls|Utah Jazz,GSW|NYK|CHI|UTA,约翰-斯塔克斯
78243,Keith Starr,,,基思-斯塔尔
203917,Nik Stauskas,Sacramento Kings|Philadelphia 76ers|Brooklyn Nets|Portland Trail Blazers|Cleveland Cavaliers|Miami Heat|Boston Celtics,SAC|PHI|BKN|POR|CLE|MIA|BOS,尼克-斯塔乌斯卡斯
78244,Larry Staverman,Sacramento Kings|Washington Wizards,SAC|WAS,拉里-斯塔维尔曼
78245,Larry Steele,Portland Trail Blazers,POR,拉里-斯特伊尔
1099,Matt Steigenga,,,马特-斯特埃伊格埃恩阿
1735,Vladimir Stepania,Oklahoma City Thunder|Brooklyn Nets|Miami Heat|Portland Trail Blazers,OKC|BKN|MIA|POR,弗拉迪米尔-斯特帕尼阿
203474,DJ Stephens,Milwaukee Bucks|Memphis Grizzlies,MIL|MEM,德杰-斯蒂芬斯
78247,Everette Stephens,Indiana Pacers|Milwaukee Bucks,IND|MIL,伊维雷特特-斯特夫伊恩斯
78249,Jack Stephens,,,杰克-斯特夫伊恩斯
1086,Joe Stephens,Houston Rockets|Memphis Grizzlies,HOU|MEM,乔-斯蒂芬斯
202362,Lance Stephenson,Indiana Pacers|Charlotte Hornets|LA Clippers|Memphis Grizzlies|New Orleans Pelicans|Minnesota Timberwolves|Los Angeles Lakers|Atlanta Hawks,IND|CHA|LAC|MEM|NOP|MIN|LAL|ATL,兰斯-斯特夫伊恩森
1627293,Alex Stepheson,LA Clippers|Memphis Grizzlies,LAC|MEM,阿莱士-斯特埃普赫埃森
78250,Brook Steppe,Sacramento Kings|Indiana Pacers|Detroit Pistons|Portland Trail Blazers,SAC|IND|DET|POR,布鲁克-斯特普普
78251,Barry Stevens,,,巴里-史蒂文斯
1641815,Isaiah Stevens,Miami Heat|Sacramento Kings,MIA|SAC,以赛亚-斯特维恩斯
1630205,Lamar Stevens,Cleveland Cavaliers|Boston Celtics|Memphis Grizzlies,CLE|BOS|MEM,拉马尔-斯特维恩斯
78252,Wayne Stevens,,,韦恩-史蒂文斯
2052,DeShawn Stevenson,Utah Jazz|Orlando Magic|Washington Wizards|Dallas Mavericks|Brooklyn Nets|Atlanta Hawks,UTA|ORL|WAS|DAL|BKN|ATL,德什奥恩-斯特维恩森
1630597,DJ Stewart,,,德杰-斯图尔特
78253,Dennis Stewart,,,丹尼斯-斯图尔特
1630191,Isaiah Stewart,Detroit Pistons,DET,以赛亚-斯图尔特
1529,Kebu Stewart,,,克埃布乌-斯图尔特
1125,Larry Stewart,Washington Wizards|Oklahoma City Thunder,WAS|OKC,拉里-斯图尔特
1565,Michael Stewart,Sacramento Kings|Toronto Raptors|Cleveland Cavaliers|Boston Celtics|Atlanta Hawks,SAC|TOR|CLE|BOS|ATL,迈克尔-斯图尔特
78256,Norm Stewart,,,诺姆-斯图尔特
201880,Greg Stiemsma,Boston Celtics|Minnesota Timberwolves|New Orleans Pelicans|Toronto Raptors,BOS|MIN|NOP|TOR,格雷格-斯蒂伊姆斯马
78257,Steve Stipanovich,Indiana Pacers,IND,史蒂夫-斯蒂帕诺维奇
179,Bryant Stith,Denver Nuggets|Boston Celtics|Cleveland Cavaliers,DEN|BOS|CLE,布莱恩特-斯蒂斯
78259,Sam Stith,,,萨姆-斯蒂斯
78260,Tom Stith,,,汤姆-斯特伊思
78261,Alex Stivrins,Oklahoma City Thunder|Atlanta Hawks|LA Clippers|Milwaukee Bucks|Phoenix Suns,OKC|ATL|LAC|MIL|PHX,阿莱士-斯特伊夫尔伊恩斯
204065,David Stockton,Sacramento Kings|Utah Jazz,SAC|UTA,戴维-斯特奥克顿
304,John Stockton,Utah Jazz,UTA,约翰-斯托克顿
978,Peja Stojakovic,Sacramento Kings|Indiana Pacers|New Orleans Pelicans|Toronto Raptors|Dallas Mavericks,SAC|IND|NOP|TOR|DAL,佩贾-斯托贾科维奇
1055,Ed Stokes,,,埃德-斯托克斯
78264,Greg Stokes,Philadelphia 76ers|Sacramento Kings,PHI|SAC,格雷格-斯托凯斯
203950,Jarnell Stokes,Memphis Grizzlies|Miami Heat|Denver Nuggets,MEM|MIA|DEN,杰阿尔恩尔-斯托克斯
600016,Maurice Stokes,Sacramento Kings,SAC,莫里斯-斯托凯斯
78266,Art Stolkey,,,阿尔特-斯特奥尔克埃伊
1627754,Diamond Stone,,,德厄姆奥恩德-斯顿埃
202933,Julyan Stone,Denver Nuggets|Toronto Raptors|Charlotte Hornets,DEN|TOR|CHA,朱利安-斯顿
2852,Awvee Storey,Brooklyn Nets|Washington Wizards|Milwaukee Bucks,BKN|WAS|MIL,奥维-斯托里
757,Damon Stoudamire,Toronto Raptors|Portland Trail Blazers|Memphis Grizzlies|San Antonio Spurs,TOR|POR|MEM|SAS,达蒙-斯托乌达米尔
101136,Salim Stoudamire,Atlanta Hawks,ATL,萨利姆-斯托乌达米尔
2405,Amar'e Stoudemire,Phoenix Suns|New York Knicks|Dallas Mavericks|Miami Heat,PHX|NYK|DAL|MIA,阿玛雷-斯塔德迈尔
78267,Paul Stovall,,,保罗-斯托瓦尔
201199,DJ Strawberry,,,德杰-斯特阿沃伯尔伊
78268,Joe Strawder,Detroit Pistons,DET,乔-斯特拉瓦德尔
1631124,Julian Strawther,Denver Nuggets,DEN,朱利安-斯特拉瓦斯伊尔
78269,Bill Stricker,,,比尔-斯特里克埃尔
1065,Erick Strickland,Dallas Mavericks|New York Knicks|Memphis Grizzlies|Boston Celtics|Indiana Pacers|Milwaukee Bucks,DAL|NYK|MEM|BOS|IND|MIL,埃里克-斯特里克兰
1110,Mark Strickland,Indiana Pacers|Miami Heat|Denver Nuggets|Brooklyn Nets|Atlanta Hawks|Dallas Mavericks,IND|MIA|DEN|BKN|ATL|DAL,马克-斯特里克兰
393,Rod Strickland,New York Knicks|San Antonio Spurs|Portland Trail Blazers|Washington Wizards|Miami Heat|Minnesota Timberwolves|Orlando Magic|Toronto Raptors|Houston Rockets,NYK|SAS|POR|WAS|MIA|MIN|ORL|TOR|HOU,罗德-斯特里克兰
78270,Roger Strickland,,,罗杰-斯特里克兰
78271,John Stroeder,Milwaukee Bucks|San Antonio Spurs|Golden State Warriors,MIL|SAS|GSW,约翰-斯特罗伊德尔
400,Derek Strong,Washington Wizards|Milwaukee Bucks|Boston Celtics|Los Angeles Lakers|Orlando Magic|LA Clippers,WAS|MIL|BOS|LAL|ORL|LAC,德里克-斯特罗恩格
78273,Lamont Strothers,Portland Trail Blazers|Dallas Mavericks,POR|DAL,尔阿蒙特-斯特罗思埃尔斯
78274,John Stroud,,,约翰-斯特罗乌德
1629622,Max Strus,Chicago Bulls|Miami Heat|Cleveland Cavaliers,CHI|MIA|CLE,马克斯-斯特鲁斯
201155,Rodney Stuckey,Detroit Pistons|Indiana Pacers,DET|IND,罗德尼-斯图克伊
78275,Gene Stump,Boston Celtics|Los Angeles Lakers,BOS|LAL,吉恩-斯特乌姆普
78276,Stan Stutz,New York Knicks,NYK,斯坦-斯特乌特兹
1630591,Jalen Suggs,Orlando Magic,ORL,杰伦-萨格斯
78277,Gary Suiter,,,加里-苏伊特尔
203096,Jared Sullinger,Boston Celtics|Toronto Raptors,BOS|TOR,贾里德-苏尔林杰尔
201969,DaJuan Summers,Detroit Pistons|New Orleans Pelicans|LA Clippers,DET|NOP|LAC,达朱安-苏姆梅尔斯
1628410,Edmond Sumner,Indiana Pacers|Brooklyn Nets,IND|BKN,伊德莫恩德-苏姆内尔
78654,Barry Sumpter,,,巴里-斯乌姆普特
201180,Sun Yue,,,孙悦
78278,Don Sunderlage,Atlanta Hawks|Los Angeles Lakers,ATL|LAL,唐-苏恩德尔拉格
1743,Bruno Sundov,Dallas Mavericks|Indiana Pacers|Boston Celtics|Cleveland Cavaliers|New York Knicks,DAL|IND|BOS|CLE|NYK,布鲁诺-松多夫
78279,Jon Sundvold,Oklahoma City Thunder|San Antonio Spurs|Miami Heat,OKC|SAS|MIA,乔恩-苏恩德沃尔德
682,Bob Sura,Cleveland Cavaliers|Golden State Warriors|Detroit Pistons|Atlanta Hawks|Houston Rockets,CLE|GSW|DET|ATL|HOU,鲍勃-苏拉
78280,Dick Surhoff,New York Knicks|Atlanta Hawks,NYK|ATL,迪克-苏尔霍夫夫
78281,Dane Suttle,Sacramento Kings,SAC,达内-苏特特尔
357,Greg Sutton,San Antonio Spurs|Charlotte Hornets|Philadelphia 76ers,SAS|CHA|PHI,格雷格-苏特顿
78283,Bennie Swain,,,贝恩尼-斯温
1628403,Caleb Swanigan,Portland Trail Blazers|Sacramento Kings,POR|SAC,卡勒布-斯瓦尼加恩
78284,Norm Swanson,,,诺尔姆-斯瓦恩森
78285,Dan Swartz,,,丹-斯瓦尔特兹
2552,Michael Sweetney,New York Knicks|Chicago Bulls,NYK|CHI,迈克尔-斯沃埃埃特恩埃伊
1631306,Cole Swider,Los Angeles Lakers|Miami Heat|Detroit Pistons|Toronto Raptors,LAL|MIA|DET|TOR,科尔-斯维德尔
2741,Robert Swift,Oklahoma City Thunder,OKC,罗伯特-斯维夫特
2031,Stromile Swift,Memphis Grizzlies|Houston Rockets|Brooklyn Nets|Phoenix Suns,MEM|HOU|BKN|PHX,斯特罗米尔-斯维夫特
78286,Aaron Swinson,,,阿龙-斯沃伊恩森
1628591,Craig Sword,,,克雷格-斯沃尔德
202377,Pape Sy,,,帕普-西
78287,Wallace Sydnor,,,华莱士-斯伊德恩奥尔
1626208,Keifer Sykes,,,凯伊费尔-斯伊凯斯
1132,Larry Sykes,,,拉里-赛克斯
1136,Brett Szabo,,,布雷特特-斯扎博
1887,Wally Szczerbiak,Minnesota Timberwolves|Boston Celtics|Oklahoma City Thunder|Cleveland Cavaliers,MIN|BOS|OKC|CLE,沃利-斯兹克泽尔比阿克
440,Zan Tabak,Houston Rockets|Toronto Raptors|Boston Celtics|Indiana Pacers,HOU|TOR|BOS|IND,赞-塔巴克
2657,Yuta Tabuse,,,渡边-特阿布乌斯埃
101147,Chris Taft,,,克里斯-特阿弗特
78291,Sid Tannenbaum,New York Knicks,NYK,锡德-特阿恩埃恩布奥姆
1434,Dragan Tarlac,,,德拉甘-特阿尔尔阿克
78293,Roy Tarpley,Dallas Mavericks,DAL,罗伊-塔尔普利
1630256,Jae'Sean Tate,Houston Rockets,HOU,贾伊塞安-塔特
78294,Earl Tatum,Los Angeles Lakers|Indiana Pacers|Boston Celtics|Detroit Pistons|Cleveland Cavaliers,LAL|IND|BOS|DET|CLE,厄尔-塔图姆
1628369,Jayson Tatum,Boston Celtics,BOS,杰森-塔图姆
204002,Edy Tavares,Atlanta Hawks|Cleveland Cavaliers,ATL|CLE,埃德伊-特阿夫阿尔埃斯
78295,Anthony Taylor,,,安东尼-泰勒
78296,Brian Taylor,Sacramento Kings|Denver Nuggets|LA Clippers,SAC|DEN|LAC,布莱恩-泰勒
101182,Donell Taylor,Washington Wizards,WAS,登伊尔-泰勒
78298,Fred Taylor,Phoenix Suns|Sacramento Kings,PHX|SAC,弗雷德-泰勒
1627819,Isaiah Taylor,Houston Rockets|Atlanta Hawks,HOU|ATL,以赛亚-泰勒
78297,Jay Taylor,,,杰伊-泰勒
78299,Jeff Taylor,Houston Rockets|Detroit Pistons,HOU|DET,杰夫-泰勒
203106,Jeffery Taylor,Charlotte Hornets,CHA,杰埃夫尔伊-泰勒
201966,Jermaine Taylor,Houston Rockets|Sacramento Kings,HOU|SAC,杰梅因-泰勒
1511,Johnny Taylor,Orlando Magic|Denver Nuggets,ORL|DEN,约翰尼-泰勒
78301,Leonard Taylor,,,伦纳德-泰勒
1508,Maurice Taylor,LA Clippers|Houston Rockets|New York Knicks|Sacramento Kings,LAC|HOU|NYK|SAC,莫里斯-泰勒
201446,Mike Taylor,,,迈克-泰勒
78302,Roland Taylor,,,尔奥尔德-泰勒
1630678,Terry Taylor,Indiana Pacers|Chicago Bulls|Sacramento Kings,IND|CHI|SAC,特里-泰勒
203116,Tyshawn Taylor,Brooklyn Nets,BKN,特伊什奥恩-泰勒
78303,Vince Taylor,,,文斯-泰勒
78304,Terry Teagle,Houston Rockets|Detroit Pistons|Golden State Warriors|Los Angeles Lakers,HOU|DET|GSW|LAL,特里-特阿格尔
201952,Jeff Teague,Atlanta Hawks|Indiana Pacers|Minnesota Timberwolves|Boston Celtics|Milwaukee Bucks,ATL|IND|MIN|BOS|MIL,杰夫-特阿古
203104,Marquis Teague,Chicago Bulls|Brooklyn Nets|Memphis Grizzlies,CHI|BKN|MEM,马奎斯-特阿古
203141,Mirza Teletovic,Brooklyn Nets|Phoenix Suns|Milwaukee Bucks,BKN|PHX|MIL,姆伊尔兹阿-特埃尔埃特奥夫伊克
2742,Sebastian Telfair,Portland Trail Blazers|Boston Celtics|Minnesota Timberwolves|LA Clippers|Cleveland Cavaliers|Phoenix Suns|Toronto Raptors|Oklahoma City Thunder,POR|BOS|MIN|LAC|CLE|PHX|TOR|OKC,塞布阿斯蒂安-特尔法伊尔
1643141,Jahmyl Telfort,,,贾赫姆伊尔-特尔福尔特
202066,Garrett Temple,Houston Rockets|Sacramento Kings|San Antonio Spurs|Milwaukee Bucks|Charlotte Hornets|Washington Wizards|Memphis Grizzlies|LA Clippers|Brooklyn Nets|Chicago Bulls|New Orleans Pelicans|Toronto Raptors,HOU|SAC|SAS|MIL|CHA|WAS|MEM|LAC|BKN|CHI|NOP|TOR,加勒特-特姆普尔
1628462,Milos Teodosic,LA Clippers,LAC,姆伊尔奥斯-特埃奥德奥斯伊克
78305,Ira Terrell,Phoenix Suns|Portland Trail Blazers|Utah Jazz,PHX|POR|UTA,伊拉-特尔雷尔
1629123,Jared Terrell,,,贾里德-特尔尔
78307,Carlos Terry,Washington Wizards,WAS,卡洛斯-特里
78306,Chuck Terry,Milwaukee Bucks|Brooklyn Nets,MIL|BKN,查克-特里
78308,Claude Terry,LA Clippers|Atlanta Hawks,LAC|ATL,克拉乌德-特里
1631207,Dalen Terry,Chicago Bulls|Philadelphia 76ers,CHI|PHI,达伦-特里
1629150,Emanuel Terry,Phoenix Suns|Miami Heat,PHX|MIA,伊曼乌伊尔-特里
1891,Jason Terry,Atlanta Hawks|Dallas Mavericks|Boston Celtics|Brooklyn Nets|Houston Rockets|Milwaukee Bucks,ATL|DAL|BOS|BKN|HOU|MIL,杰森-特里
1630179,Tyrell Terry,Dallas Mavericks|Memphis Grizzlies,DAL|MEM,特伊雷尔-特里
1630257,Jon Teske,,,乔恩-特斯克
201934,Hasheem Thabeet,Memphis Grizzlies|Houston Rockets|Portland Trail Blazers|Oklahoma City Thunder,MEM|HOU|POR|OKC,哈什伊姆-斯阿贝伊特
78309,Tom Thacker,Sacramento Kings|Boston Celtics,SAC|BOS,汤姆-斯阿克伊尔
1628464,Daniel Theis,Boston Celtics|Chicago Bulls|Houston Rockets|Indiana Pacers|LA Clippers|New Orleans Pelicans,BOS|CHI|HOU|IND|LAC|NOP,丹尼尔-斯艾斯
78310,Reggie Theus,Chicago Bulls|Sacramento Kings|Atlanta Hawks|Orlando Magic|Brooklyn Nets,CHI|SAC|ATL|ORL|BKN,雷吉-斯伊乌斯
78311,Peter Thibeaux,Golden State Warriors,GSW,佩特尔-斯伊贝奥克斯
78312,Bill Thieben,Detroit Pistons,DET,比尔-思伊埃布埃恩
1642876,Adou Thiero,,,阿多乌-斯伊罗
78313,Justus Thigpen,Detroit Pistons|Sacramento Kings,DET|SAC,朱斯特斯-思伊格普埃恩
78314,David Thirdkill,Phoenix Suns|Detroit Pistons|Milwaukee Bucks|San Antonio Spurs|Boston Celtics,PHX|DET|MIL|SAS|BOS,大卫-斯伊尔德基尔
203519,Adonis Thomas,Orlando Magic|Philadelphia 76ers,ORL|PHI,阿德奥恩伊斯-托马斯
2873,Billy Thomas,Brooklyn Nets|Washington Wizards|Cleveland Cavaliers,BKN|WAS|CLE,比利-托马斯
1630271,Brodric Thomas,Houston Rockets|Cleveland Cavaliers|Boston Celtics,HOU|CLE|BOS,布罗德里克-托马斯
1630560,Cam Thomas,Brooklyn Nets|Milwaukee Bucks,BKN|MIL,卡姆-托马斯
1063,Carl Thomas,Sacramento Kings|Cleveland Cavaliers|Orlando Magic|Golden State Warriors,SAC|CLE|ORL|GSW,卡尔-托马斯
78316,Charles Thomas,,,查尔斯-托马斯
2041,Etan Thomas,Washington Wizards|Oklahoma City Thunder|Atlanta Hawks,WAS|OKC|ATL,伊塔恩-托马斯
78317,Irving Thomas,,,欧文-托马斯
202738,Isaiah Thomas,Sacramento Kings|Phoenix Suns|Boston Celtics|Cleveland Cavaliers|Los Angeles Lakers|Denver Nuggets|Washington Wizards|New Orleans Pelicans|Dallas Mavericks|Charlotte Hornets,SAC|PHX|BOS|CLE|LAL|DEN|WAS|NOP|DAL|CHA,伊塞亚-托马斯
78318,Isiah Thomas,Detroit Pistons,DET,伊塞亚-托马斯
1975,Jamel Thomas,Boston Celtics|Golden State Warriors|Brooklyn Nets,BOS|GSW|BKN,杰阿姆埃尔-托马斯
2839,James Thomas,Portland Trail Blazers|Atlanta Hawks|Philadelphia 76ers|Chicago Bulls,POR|ATL|PHI|CHI,詹姆斯-托马斯
78320,Jim Thomas,Indiana Pacers|LA Clippers|Minnesota Timberwolves,IND|LAC|MIN,吉姆-托马斯
78321,Joe Thomas,,,乔-托马斯
1519,John Thomas,Boston Celtics|Toronto Raptors|Minnesota Timberwolves|Memphis Grizzlies|Atlanta Hawks|Brooklyn Nets,BOS|TOR|MIN|MEM|ATL|BKN,约翰-托马斯
1903,Kenny Thomas,Houston Rockets|Philadelphia 76ers|Sacramento Kings,HOU|PHI|SAC,肯尼-托马斯
1629017,Khyri Thomas,Detroit Pistons|Houston Rockets,DET|HOU,克赫伊里-托马斯
703,Kurt Thomas,Miami Heat|Dallas Mavericks|New York Knicks|Phoenix Suns|Oklahoma City Thunder|San Antonio Spurs|Milwaukee Bucks|Chicago Bulls|Portland Trail Blazers,MIA|DAL|NYK|PHX|OKC|SAS|MIL|CHI|POR,库尔特-托马斯
202498,Lance Thomas,New Orleans Pelicans|Oklahoma City Thunder|New York Knicks|Brooklyn Nets,NOP|OKC|NYK|BKN,兰斯-托马斯
202952,Malcolm Thomas,San Antonio Spurs|Golden State Warriors|Chicago Bulls|Utah Jazz|Philadelphia 76ers,SAS|GSW|CHI|UTA|PHI,马尔科姆-托马斯
1629744,Matt Thomas,Toronto Raptors|Utah Jazz|Chicago Bulls,TOR|UTA|CHI,马特-托马斯
78322,Terry Thomas,,,特里-托马斯
1501,Tim Thomas,Philadelphia 76ers|Milwaukee Bucks|New York Knicks|Chicago Bulls|Phoenix Suns|LA Clippers|Dallas Mavericks,PHI|MIL|NYK|CHI|PHX|LAC|DAL,蒂姆-托马斯
200748,Tyrus Thomas,Chicago Bulls|Charlotte Hornets|Memphis Grizzlies,CHI|CHA|MEM,泰鲁斯-托马斯
202717,Trey Thompkins,,,特雷-思奥姆普克伊恩斯
1641708,Amen Thompson,Houston Rockets,HOU,姆伊恩-汤普森
1641709,Ausar Thompson,Detroit Pistons,DET,奥萨尔-汤普森
78323,Bernard Thompson,Portland Trail Blazers|Phoenix Suns|Houston Rockets,POR|PHX|HOU,伯纳德-汤普森
1631,Billy Thompson,Los Angeles Lakers|Miami Heat|Golden State Warriors,LAL|MIA|GSW,比利-汤普森
240,Brooks Thompson,Orlando Magic|Utah Jazz|Denver Nuggets|Phoenix Suns|New York Knicks,ORL|UTA|DEN|PHX|NYK,布鲁克斯-汤普森
78325,Corny Thompson,,,科尔恩伊-汤普森
78326,David Thompson,Denver Nuggets|Oklahoma City Thunder,DEN|OKC,大卫-汤普森
101159,Dijon Thompson,Phoenix Suns|Atlanta Hawks,PHX|ATL,德伊杰奥恩-汤普森
1630679,Ethan Thompson,,,伊斯安-汤普森
78327,George Thompson,,,乔治-汤普森
203138,Hollis Thompson,Philadelphia 76ers|New Orleans Pelicans,PHI|NOP,霍尔利斯-汤普森
201574,Jason Thompson,Sacramento Kings|Golden State Warriors|Toronto Raptors,SAC|GSW|TOR,杰森-汤普森
78328,John Thompson,Boston Celtics,BOS,约翰-汤普森
78329,Kevin Thompson,,,凯文-汤普森
202691,Klay Thompson,Golden State Warriors|Dallas Mavericks,GSW|DAL,克莱-汤普森
78,LaSalle Thompson,Sacramento Kings|Indiana Pacers|Philadelphia 76ers|Denver Nuggets,SAC|IND|PHI|DEN,拉萨尔-汤普森
78331,Mychal Thompson,Portland Trail Blazers|San Antonio Spurs|Los Angeles Lakers,POR|SAS|LAL,姆伊奇阿尔-汤普森
202814,Mychel Thompson,,,姆伊奇埃尔-汤普森
78332,Paul Thompson,Cleveland Cavaliers|Milwaukee Bucks|Philadelphia 76ers,CLE|MIL|PHI,保罗-汤普森
78333,Stephen Thompson,Orlando Magic|Sacramento Kings,ORL|SAC,斯蒂芬-汤普森
202684,Tristan Thompson,Cleveland Cavaliers|Boston Celtics|Sacramento Kings|Indiana Pacers|Chicago Bulls,CLE|BOS|SAC|IND|CHI,特里斯坦-汤普森
1630550,JT Thor,Charlotte Hornets|Cleveland Cavaliers|Washington Wizards,CHA|CLE|WAS,JT-斯奥尔
78335,Rod Thorn,Washington Wizards|Detroit Pistons|Atlanta Hawks|Oklahoma City Thunder,WAS|DET|ATL|OKC,罗德-斯奥尔恩
201154,Al Thornton,LA Clippers|Washington Wizards|Golden State Warriors,LAC|WAS|GSW,艾尔-索顿
738,Bob Thornton,New York Knicks|Philadelphia 76ers|Minnesota Timberwolves|Utah Jazz|Washington Wizards,NYK|PHI|MIN|UTA|WAS,鲍勃-桑顿
201977,Marcus Thornton,New Orleans Pelicans|Sacramento Kings|Brooklyn Nets|Boston Celtics|Phoenix Suns|Houston Rockets|Washington Wizards,NOP|SAC|BKN|BOS|PHX|HOU|WAS,马库斯-桑顿
1628414,Sindarius Thornwell,LA Clippers|New Orleans Pelicans|Orlando Magic,LAC|NOP|ORL,西恩达里乌斯-斯奥尔恩韦尔
901,Otis Thorpe,Sacramento Kings|Houston Rockets|Portland Trail Blazers|Detroit Pistons|Memphis Grizzlies|Washington Wizards|Miami Heat|Charlotte Hornets,SAC|HOU|POR|DET|MEM|WAS|MIA|CHA,奥蒂斯-索普
9,Sedale Threatt,Philadelphia 76ers|Chicago Bulls|Oklahoma City Thunder|Los Angeles Lakers|Houston Rockets,PHI|CHI|OKC|LAL|HOU,塞达尔-斯雷特特
600001,Nate Thurmond,Golden State Warriors|Chicago Bulls|Cleveland Cavaliers,GSW|CHI|CLE,内特-瑟蒙德
78340,Mel Thurston,,,梅尔-思乌尔斯顿
1629680,Matisse Thybulle,Philadelphia 76ers|Portland Trail Blazers,PHI|POR,马蒂斯-赛布尔
78341,Howard Tidrick,,,霍华德-特伊德尔克
78342,Dan Tieman,,,丹-特伊埃曼
1629681,Killian Tillie,Memphis Grizzlies,MEM,基尔利安-蒂尔利
78343,Darren Tillis,Boston Celtics|Cleveland Cavaliers|Golden State Warriors,BOS|CLE|GSW,达伦-蒂尔利斯
1630214,Xavier Tillman,Memphis Grizzlies|Boston Celtics|Charlotte Hornets,MEM|BOS|CHA,泽维尔-蒂尔曼
1631166,Drew Timme,Brooklyn Nets|Los Angeles Lakers,BKN|LAL,德鲁-蒂姆
78344,Jack Tingle,Los Angeles Lakers,LAL,杰克-特伊恩尔埃
2224,Jamaal Tinsley,Indiana Pacers|Memphis Grizzlies|Utah Jazz,IND|MEM|UTA,贾马尔-蒂恩斯利
47,Wayman Tisdale,Indiana Pacers|Sacramento Kings|Phoenix Suns,IND|SAC|PHX,瓦伊曼-蒂斯达尔
1627861,Mike Tobey,,,迈克-特奥布埃伊
1630225,Isaiah Todd,Washington Wizards,WAS,以赛亚-托德
78346,Marko Todorovich,Atlanta Hawks,ATL,姆阿尔克奥-特奥德奥尔奥夫伊奇
78348,Ray Tolbert,Oklahoma City Thunder|Brooklyn Nets|Detroit Pistons|New York Knicks|Los Angeles Lakers|Atlanta Hawks,OKC|BKN|DET|NYK|LAL|ATL,雷-托尔贝尔特
78347,Tom Tolbert,Charlotte Hornets|Golden State Warriors|Orlando Magic|LA Clippers,CHA|GSW|ORL|LAC,汤姆-托尔贝尔特
201229,Anthony Tolliver,San Antonio Spurs|Portland Trail Blazers|Golden State Warriors|Minnesota Timberwolves|Atlanta Hawks|Charlotte Hornets|Phoenix Suns|Detroit Pistons|Sacramento Kings|Memphis Grizzlies|Philadelphia 76ers,SAS|POR|GSW|MIN|ATL|CHA|PHX|DET|SAC|MEM|PHI,安东尼-托利弗
78349,Dean Tolson,Oklahoma City Thunder,OKC,迪恩-托尔森
78350,Rudy Tomjanovich,Houston Rockets,HOU,鲁迪-托姆贾诺维奇
1641772,Nae'Qwan Tomlin,Cleveland Cavaliers,CLE,纳伊克瓦恩-托姆林
78351,Andrew Toney,Philadelphia 76ers,PHI,安德鲁-托尼
78352,Sedric Toney,Atlanta Hawks|Phoenix Suns|New York Knicks|Indiana Pacers|Sacramento Kings|Cleveland Cavaliers,ATL|PHX|NYK|IND|SAC|CLE,塞德里克-托尼
1642910,John Tonje,,,约翰-顿杰
78353,Andy Tonkovich,,,安迪-顿克奥夫伊奇
342,Andy Toolson,Utah Jazz,UTA,安德伊-图尔森
78355,Jack Toomay,Washington Wizards,WAS,杰克-特奥奥姆阿伊
78356,Bernard Toone,,,布埃尔恩德-特奥奥恩埃
1642260,Nikola Topić,,,尼古拉-托皮克
1631210,Jacob Toppin,New York Knicks|Atlanta Hawks,NYK|ATL,贾科布-托普皮恩
1630167,Obi Toppin,New York Knicks|Indiana Pacers,NYK|IND,奥比-托普皮恩
78357,Irv Torgoff,Golden State Warriors,GSW,欧文-特奥尔格奥弗
78358,Gene Tormohlen,Atlanta Hawks,ATL,吉恩-托尔莫赫伦
2351,Oscar Torres,Houston Rockets|Golden State Warriors,HOU|GSW,奥斯卡-托雷斯
1629308,Juan Toscano-Anderson,Golden State Warriors|Los Angeles Lakers|Utah Jazz|Sacramento Kings,GSW|LAL|UTA|SAC,朱安-托斯卡诺-安德森
78359,Bill Tosheff,Atlanta Hawks,ATL,比尔-托什伊夫夫
78360,Bob Tough,Detroit Pistons,DET,鲍勃-塔夫
1626253,Axel Toupane,Denver Nuggets|Milwaukee Bucks|New Orleans Pelicans,DEN|MIL|NOP,阿克斯伊尔-图潘
78361,Monte Towe,,,蒙特-托韦
700,Keith Tower,Orlando Magic|LA Clippers|Milwaukee Bucks,ORL|LAC|MIL,基思-托韦尔
78363,William Towery,Detroit Pistons,DET,威廉-特奥沃埃尔伊
78364,Linton Townes,Portland Trail Blazers|Milwaukee Bucks|LA Clippers|San Antonio Spurs,POR|MIL|LAC|SAS,林顿-托瓦内斯
1626157,Karl-Anthony Towns,Minnesota Timberwolves|New York Knicks,MIN|NYK,卡尔-安东尼-唐斯
78365,Raymond Townsend,Golden State Warriors|Indiana Pacers,GSW|IND,雷蒙德-托瓦恩森德
1642422,Armel Traore,,,阿尔梅尔-特劳雷
1642849,Nolan Traore,,,诺拉恩-特劳雷
78366,George Trapp,Atlanta Hawks|Detroit Pistons,ATL|DET,乔治-特拉普普
78367,John Trapp,Houston Rockets|Los Angeles Lakers|Philadelphia 76ers,HOU|LAL|PHI,约翰-特拉普普
1631247,Luke Travers,Cleveland Cavaliers,CLE,卢克-特拉维尔斯
1714,Robert Traylor,Milwaukee Bucks|Cleveland Cavaliers|Charlotte Hornets|New Orleans Pelicans,MIL|CLE|CHA|NOP,罗伯特-特拉伊洛尔
718,Gary Trent,Portland Trail Blazers|Toronto Raptors|Dallas Mavericks|Minnesota Timberwolves,POR|TOR|DAL|MIN,加里-特伦特
1629018,Gary Trent Jr.,Portland Trail Blazers|Toronto Raptors|Milwaukee Bucks,POR|TOR|MIL,加里-特伦特
2244,Jeff Trepagnier,Cleveland Cavaliers|Denver Nuggets,CLE|DEN,杰夫-特雷普阿格恩伊埃尔
78651,John Tresvant,Atlanta Hawks|Detroit Pistons|Sacramento Kings|Oklahoma City Thunder|Los Angeles Lakers|Washington Wizards,ATL|DET|SAC|OKC|LAL|WAS,约翰-特雷斯瓦恩特
1629019,Allonzo Trier,New York Knicks,NYK,阿朗佐-特里尔
78368,Dick Triptow,Detroit Pistons,DET,迪克-特里普特奥沃
78369,Kelly Tripucka,Detroit Pistons|Utah Jazz|Charlotte Hornets,DET|UTA|CHA,凯利-特里普克阿
2456,Cezary Trybanski,Memphis Grizzlies|Phoenix Suns|New York Knicks,MEM|PHX|NYK,克埃兹阿尔伊-特尔伊布阿恩斯克伊
2054,Jake Tsakalidis,Phoenix Suns|Memphis Grizzlies|Houston Rockets,PHX|MEM|HOU,杰克-特萨卡利迪斯
78370,John Tschogl,Atlanta Hawks|Philadelphia 76ers,ATL|PHI,约翰-特斯克奥格尔
1631131,Oscar Tshiebwe,Indiana Pacers|Utah Jazz,IND|UTA,奥斯卡-特什伊布瓦
78371,Lou Tsioropoulos,Boston Celtics,BOS,卢-特西奥罗波乌洛斯
2401,Nikoloz Tskitishvili,Denver Nuggets|Golden State Warriors|Minnesota Timberwolves|Phoenix Suns,DEN|GSW|MIN|PHX,尼科洛兹-特斯基蒂什维利
78372,Al Tucker,Oklahoma City Thunder|Sacramento Kings|Washington Wizards|Chicago Bulls,OKC|SAC|WAS|CHI,艾尔-塔克
201169,Alando Tucker,Phoenix Suns|Minnesota Timberwolves,PHX|MIN,阿兰德奥-塔克
141,Anthony Tucker,,,安东尼-塔克
78374,Jim Tucker,Philadelphia 76ers,PHI,吉姆-塔克
200782,P.J. Tucker,Toronto Raptors|Phoenix Suns|Houston Rockets|Milwaukee Bucks|Miami Heat|Philadelphia 76ers|LA Clippers|New York Knicks,TOR|PHX|HOU|MIL|MIA|PHI|LAC|NYK,PJ-塔克
1629730,Rayjon Tucker,Utah Jazz|Philadelphia 76ers|Denver Nuggets|Milwaukee Bucks,UTA|PHI|DEN|MIL,拉伊乔恩-塔克
78375,Trent Tucker,New York Knicks|San Antonio Spurs|Chicago Bulls,NYK|SAS|CHI,特伦特-塔克
101142,Ronny Turiaf,Los Angeles Lakers|Golden State Warriors|New York Knicks|Washington Wizards|Miami Heat|LA Clippers|Minnesota Timberwolves,LAL|GSW|NYK|WAS|MIA|LAC|MIN,罗恩恩伊-图里阿夫
1726,Mirsad Turkcan,New York Knicks|Milwaukee Bucks,NYK|MIL,姆伊尔斯阿德-特乌尔克克阿恩
2045,Hedo Turkoglu,Sacramento Kings|San Antonio Spurs|Orlando Magic|Toronto Raptors|Phoenix Suns|LA Clippers,SAC|SAS|ORL|TOR|PHX|LAC,赫多-特乌尔克奥格尔乌
78377,Andre Turner,Boston Celtics|Houston Rockets|Milwaukee Bucks|LA Clippers|Charlotte Hornets|Philadelphia 76ers|Washington Wizards,BOS|HOU|MIL|LAC|CHA|PHI|WAS,安德烈-特纳
78385,Bill Turner,Golden State Warriors|Sacramento Kings|Los Angeles Lakers|Portland Trail Blazers,GSW|SAC|LAL|POR,比尔-特纳
78378,Elston Turner,Dallas Mavericks|Denver Nuggets|Chicago Bulls,DAL|DEN|CHI,伊尔斯顿-特纳
202323,Evan Turner,Philadelphia 76ers|Indiana Pacers|Boston Celtics|Portland Trail Blazers|Atlanta Hawks,PHI|IND|BOS|POR|ATL,埃文-特纳
78379,Henry Turner,Sacramento Kings,SAC,亨利-特纳
78380,Jack Turner,,,杰克-特纳
78382,Jack Turner,,,杰克-特纳
78381,Jeff Turner,Brooklyn Nets|Orlando Magic,BKN|ORL,杰夫-特纳
1819,John Turner,,,约翰-特纳
1626167,Myles Turner,Indiana Pacers|Milwaukee Bucks,IND|MIL,迈尔斯-特纳
1943,Wayne Turner,,,韦恩-特纳
78386,Mel Turpin,Cleveland Cavaliers|Utah Jazz|Washington Wizards,CLE|UTA|WAS,梅尔-特平
78387,Dave Twardzik,Portland Trail Blazers,POR,戴夫-特瓦尔德齐克
78388,Jack Twyman,Sacramento Kings,SAC,杰克-特瓦伊曼
189,B.J. Tyler,,,BJ-泰勒
202719,Jeremy Tyler,Golden State Warriors|Atlanta Hawks|New York Knicks,GSW|ATL|NYK,杰里米-泰勒
78390,Terry Tyler,Detroit Pistons|Sacramento Kings|Dallas Mavericks,DET|SAC|DAL,特里-泰勒
78391,Charlie Tyra,New York Knicks|Washington Wizards,NYK|WAS,查理-特伊拉
1641816,Hunter Tyson,Denver Nuggets,DEN,亨特-泰森
1642281,Jaylon Tyson,Cleveland Cavaliers,CLE,贾伊洛恩-泰森
202775,Edwin Ubiles,,,埃德沃伊恩-乌布伊莱斯
202327,Ekpe Udoh,Golden State Warriors|Milwaukee Bucks|LA Clippers|Utah Jazz,GSW|MIL|LAC|UTA,伊克佩-乌多赫
2137,Ime Udoka,Los Angeles Lakers|New York Knicks|Portland Trail Blazers|San Antonio Spurs|Sacramento Kings,LAL|NYK|POR|SAS|SAC,伊梅-乌多卡
2757,Beno Udrih,San Antonio Spurs|Sacramento Kings|Milwaukee Bucks|Orlando Magic|New York Knicks|Memphis Grizzlies|Miami Heat|Detroit Pistons,SAS|SAC|MIL|ORL|NYK|MEM|MIA|DET,贝诺-乌德里
101146,Roko Ukic,Toronto Raptors|Milwaukee Bucks,TOR|MIL,罗科-乌基奇
1627755,Tyler Ulis,Phoenix Suns|Chicago Bulls,PHX|CHI,泰勒-乌利斯
1630649,Stanley Umude,Detroit Pistons|Milwaukee Bucks|San Antonio Spurs,DET|MIL|SAS,斯坦利-乌穆德
78392,Wes Unseld,Washington Wizards,WAS,韦斯-昂塞尔德
78393,Hal Uplinger,,,赫阿尔-乌普尔伊恩埃尔
78394,Kelvin Upshaw,Miami Heat|Boston Celtics|Dallas Mavericks|Golden State Warriors,MIA|BOS|DAL|GSW,凯尔文-乌普什奥
1627784,Jarrod Uthoff,Dallas Mavericks|Memphis Grizzlies|Washington Wizards,DAL|MEM|WAS,杰阿尔奥德-乌思奥弗
202386,Ben Uzoh,Brooklyn Nets|Cleveland Cavaliers|Toronto Raptors,BKN|CLE|TOR,本-乌佐赫
201987,Robert Vaden,,,罗伯特-夫阿德埃恩
202685,Jonas Valančiūnas,Toronto Raptors|Memphis Grizzlies|New Orleans Pelicans|Washington Wizards|Sacramento Kings|Denver Nuggets,TOR|MEM|NOP|WAS|SAC|DEN,约纳斯-瓦兰丘纳斯
78395,Darnell Valentine,Portland Trail Blazers|LA Clippers|Cleveland Cavaliers,POR|LAC|CLE,达内尔-瓦伦蒂恩
1627756,Denzel Valentine,Chicago Bulls|Cleveland Cavaliers|Utah Jazz,CHI|CLE|UTA,登泽尔-瓦伦蒂恩
78396,Ron Valentine,,,罗恩-瓦伦丁
78397,John Vallely,Atlanta Hawks|Houston Rockets,ATL|HOU,约翰-瓦尔勒利
78398,Dick Van Arsdale,New York Knicks|Phoenix Suns,NYK|PHX,迪克-瓦恩-阿斯代尔
78399,Tom Van Arsdale,Detroit Pistons|Sacramento Kings|Philadelphia 76ers|Atlanta Hawks|Phoenix Suns,DET|SAC|PHI|ATL|PHX,汤姆-瓦恩-阿斯代尔
78401,Butch Van Breda Kolff,New York Knicks,NYK,布奇-瓦恩-布雷达-科尔夫夫
78400,Jan Van Breda Kolff,Brooklyn Nets,BKN,贾恩-瓦恩-布雷达-科尔夫夫
89,Nick Van Exel,Los Angeles Lakers|Denver Nuggets|Dallas Mavericks|Golden State Warriors|Portland Trail Blazers|San Antonio Spurs,LAL|DEN|DAL|GSW|POR|SAS,尼克-瓦恩-伊克斯伊尔
1496,Keith Van Horn,Brooklyn Nets|Philadelphia 76ers|New York Knicks|Milwaukee Bucks|Dallas Mavericks,BKN|PHI|NYK|MIL|DAL,基思-瓦恩-霍尔恩
78406,Norm Van Lier,Sacramento Kings|Chicago Bulls|Milwaukee Bucks,SAC|CHI|MIL,诺尔姆-瓦恩-利伊尔
1627832,Fred VanVleet,Toronto Raptors|Houston Rockets,TOR|HOU,弗雷德-范弗利特
78402,Gene Vance,Atlanta Hawks,ATL,吉恩-万斯
78403,Log Vander Velden,,,尔奥格-夫德埃尔 夫埃尔德埃恩
1629020,Jarred Vanderbilt,Denver Nuggets|Minnesota Timberwolves|Utah Jazz|Los Angeles Lakers,DEN|MIN|UTA|LAL,贾里德-范德比尔特
78405,Ernie Vandeweghe,New York Knicks,NYK,厄尼-瓦恩德韦格赫
78404,Kiki Vandeweghe,Denver Nuggets|Portland Trail Blazers|New York Knicks|LA Clippers,DEN|POR|NYK|LAC,基基-瓦恩德韦格赫
78407,Nick Vanos,Phoenix Suns,PHX,尼克-瓦诺斯
2128,David Vanterpool,,,戴维-夫阿恩特普奥奥尔
2237,Ratko Varda,,,尔阿特克奥-夫德阿
2760,Anderson Varejao,Cleveland Cavaliers|Golden State Warriors,CLE|GSW,安德森-瓦莱乔
202363,Jarvis Varnado,Boston Celtics|Miami Heat|Chicago Bulls|Philadelphia 76ers,BOS|MIA|CHI|PHI,贾维斯-瓦尔纳多
202349,Greivis Vasquez,Memphis Grizzlies|New Orleans Pelicans|Sacramento Kings|Toronto Raptors|Milwaukee Bucks|Brooklyn Nets,MEM|NOP|SAC|TOR|MIL|BKN,格尔埃夫伊斯-巴斯克斯
1630170,Devin Vassell,San Antonio Spurs,SAS,德文-瓦塞尔
78409,Charles Vaughn,Atlanta Hawks|Detroit Pistons,ATL|DET,查尔斯-沃恩
710,David Vaughn,Orlando Magic|Golden State Warriors|Chicago Bulls|Brooklyn Nets,ORL|GSW|CHI|BKN,大卫-沃恩
1521,Jacque Vaughn,Utah Jazz|Atlanta Hawks|Orlando Magic|Brooklyn Nets|San Antonio Spurs,UTA|ATL|ORL|BKN|SAS,贾克奎-沃恩
1626173,Rashad Vaughn,Milwaukee Bucks|Brooklyn Nets|Orlando Magic,MIL|BKN|ORL,拉什阿德-沃恩
78411,Virgil Vaughn,,,弗吉尔-沃恩
919,Loy Vaught,LA Clippers|Detroit Pistons|Dallas Mavericks|Washington Wizards,LAC|DET|DAL|WAS,洛伊-瓦乌格赫特
78413,Bob Verga,,,鲍勃-韦尔加
78414,Peter Verhoeven,Portland Trail Blazers|Sacramento Kings|Golden State Warriors|Indiana Pacers,POR|SAC|GSW|IND,普埃特-夫埃尔赫奥埃夫埃恩
202686,Jan Vesely,Washington Wizards|Denver Nuggets,WAS|DEN,扬-韦塞利
78415,Gundars Vetra,,,格乌恩德阿尔斯-夫埃特尔阿
1628426,Sasha Vezenkov,,,萨沙-维泽恩科夫
78416,Joao Vianna,,,杰奥阿奥-夫伊阿纳
1630492,Luca Vildoza,,,尔乌克阿-夫伊尔德奥兹阿
101111,Charlie Villanueva,Toronto Raptors|Milwaukee Bucks|Detroit Pistons|Dallas Mavericks,TOR|MIL|DET|DAL,查理-维尔拉努伊瓦
1629216,Gabe Vincent,Miami Heat|Los Angeles Lakers|Atlanta Hawks,MIA|LAL|ATL,加贝-文森特
78418,Jay Vincent,Dallas Mavericks|Washington Wizards|Denver Nuggets|San Antonio Spurs|Philadelphia 76ers|Los Angeles Lakers,DAL|WAS|DEN|SAS|PHI|LAL,杰伊-文森特
78417,Sam Vincent,Boston Celtics|Oklahoma City Thunder|Chicago Bulls|Orlando Magic,BOS|OKC|CHI|ORL,萨姆-文森特
200790,Marcus Vinicius,New Orleans Pelicans,NOP,马库斯-夫伊恩伊克伊乌斯
1844,Fred Vinson,Atlanta Hawks|Oklahoma City Thunder,ATL|OKC,弗雷德-文森
78419,Gary Voce,,,加里-夫奥克埃
78420,Floyd Volker,,,弗洛伊德-夫奥尔克
78421,Alexander Volkov,Atlanta Hawks,ATL,亚历山大-沃尔科夫
78422,Whitey Von Nieda,,,沃伊特埃伊-夫奥恩伊德阿
203943,Noah Vonleh,Charlotte Hornets|Portland Trail Blazers|Chicago Bulls|New York Knicks|Minnesota Timberwolves|Denver Nuggets|Brooklyn Nets|Boston Celtics,CHA|POR|CHI|NYK|MIN|DEN|BKN|BOS,诺阿-沃恩勒赫
2063,Jake Voskuhl,Chicago Bulls|Phoenix Suns|Charlotte Hornets|Milwaukee Bucks|Toronto Raptors,CHI|PHX|CHA|MIL|TOR,杰克-沃斯库赫尔
78423,Danny Vranes,Oklahoma City Thunder|Philadelphia 76ers,OKC|PHI,丹尼-夫拉内斯
2582,Slavko Vranes,,,斯尔阿夫克奥-夫尔阿恩埃斯
1037,Stojko Vrankovic,Boston Celtics|Minnesota Timberwolves|LA Clippers,BOS|MIN|LAC,斯特奥杰克奥-夫尔阿恩克奥夫伊克
78425,Brett Vroman,,,布尔特-夫尔奥曼
2761,Jackson Vroman,Phoenix Suns|New Orleans Pelicans,PHX|NOP,杰克逊-夫罗曼
2756,Sasha Vujacic,Los Angeles Lakers|Brooklyn Nets|LA Clippers|New York Knicks,LAL|BKN|LAC|NYK,萨沙-夫乌杰阿克伊克
1641774,Tristan Vukcevic,Washington Wizards,WAS,特里斯坦-夫乌克塞维克
202696,Nikola Vučević,Philadelphia 76ers|Orlando Magic|Chicago Bulls|Boston Celtics,PHI|ORL|CHI|BOS,尼古拉-夫乌塞维克
1629731,Dean Wade,Cleveland Cavaliers,CLE,迪恩-韦德
2548,Dwyane Wade,Miami Heat|Chicago Bulls|Cleveland Cavaliers,MIA|CHI|CLE,德维恩-韦德
78426,Mark Wade,Golden State Warriors|Dallas Mavericks,GSW|DAL,马克-韦德
101144,Von Wafer,Los Angeles Lakers|LA Clippers|Denver Nuggets|Portland Trail Blazers|Houston Rockets|Boston Celtics|Orlando Magic,LAL|LAC|DEN|POR|HOU|BOS|ORL,沃恩-瓦费尔
78427,Clint Wager,,,克林特-沃阿格埃尔
2402,Dajuan Wagner,Cleveland Cavaliers|Golden State Warriors,CLE|GSW,达朱安-瓦格纳
78428,Danny Wagner,,,丹尼-瓦格纳
1630532,Franz Wagner,Orlando Magic,ORL,弗朗茨-瓦格纳
78429,Milt Wagner,Los Angeles Lakers|Miami Heat,LAL|MIA,米尔特-瓦格纳
1629021,Moritz Wagner,Los Angeles Lakers|Washington Wizards|Boston Celtics|Orlando Magic,LAL|WAS|BOS|ORL,莫里特兹-瓦格纳
1630688,Ish Wainright,Phoenix Suns|Portland Trail Blazers,PHX|POR,伊什-瓦伊恩里格赫特
203079,Dion Waiters,Cleveland Cavaliers|Oklahoma City Thunder|Miami Heat|Los Angeles Lakers,CLE|OKC|MIA|LAL,迪奥恩-瓦伊特尔斯
78430,Granville Waiters,Indiana Pacers|Houston Rockets|Chicago Bulls,IND|HOU|CHI,格拉恩维尔-瓦伊特尔斯
78431,Andre Wakefield,Chicago Bulls|Detroit Pistons|Utah Jazz,CHI|DET|UTA,安德烈-瓦凯菲尔德
78432,Neal Walk,Phoenix Suns|New York Knicks|Utah Jazz,PHX|NYK|UTA,尼尔-瓦尔克
78433,Andy Walker,,,安德伊-沃克
952,Antoine Walker,Boston Celtics|Dallas Mavericks|Atlanta Hawks|Miami Heat|Minnesota Timberwolves,BOS|DAL|ATL|MIA|MIN,安托万-沃克
78434,Brady Walker,Boston Celtics,BOS,布拉德伊-沃克
78435,Chet Walker,Philadelphia 76ers|Chicago Bulls,PHI|CHI,切特-沃克
78437,Darrell Walker,New York Knicks|Denver Nuggets|Washington Wizards|Detroit Pistons|Chicago Bulls,NYK|DEN|WAS|DET|CHI,达雷尔-沃克
78436,Foots Walker,Cleveland Cavaliers|Brooklyn Nets,CLE|BKN,福奥特斯-沃克
201611,Henry Walker,Boston Celtics|New York Knicks|Miami Heat,BOS|NYK|MIA,亨利-沃克
78438,Horace Walker,,,赫奥尔阿克埃-沃克
1631133,Jabari Walker,Portland Trail Blazers|Philadelphia 76ers,POR|PHI,贾巴里-沃克
1641716,Jarace Walker,Indiana Pacers,IND,贾拉克-沃克
78439,Jimmy Walker,Detroit Pistons|Houston Rockets|Sacramento Kings,DET|HOU|SAC,吉米-沃克
202689,Kemba Walker,Charlotte Hornets|Boston Celtics|New York Knicks|Dallas Mavericks,CHA|BOS|NYK|DAL,肯巴-沃克
78440,Kenny Walker,New York Knicks|Washington Wizards,NYK|WAS,肯尼-沃克
1630640,MJ Walker,,,MJ-沃克
78441,Phil Walker,,,菲尔-沃克
955,Samaki Walker,Dallas Mavericks|San Antonio Spurs|Los Angeles Lakers|Miami Heat|Washington Wizards|Indiana Pacers,DAL|SAS|LAL|MIA|WAS|IND,萨马基-沃克
78442,Wally Walker,Portland Trail Blazers|Oklahoma City Thunder|Houston Rockets,POR|OKC|HOU,沃利-沃克
1629022,Lonnie Walker IV,San Antonio Spurs|Los Angeles Lakers|Brooklyn Nets|Philadelphia 76ers,SAS|LAL|BKN|PHI,洛恩尼-沃克-四世
202322,John Wall,Washington Wizards|Houston Rockets|LA Clippers,WAS|HOU|LAC,约翰-瓦尔
1112,Ben Wallace,Washington Wizards|Orlando Magic|Detroit Pistons|Chicago Bulls|Cleveland Cavaliers,WAS|ORL|DET|CHI|CLE,本-华莱士
1641717,Cason Wallace,Oklahoma City Thunder,OKC,卡森-华莱士
2222,Gerald Wallace,Sacramento Kings|Charlotte Hornets|Portland Trail Blazers|Brooklyn Nets|Boston Celtics,SAC|CHA|POR|BKN|BOS,杰拉德-华莱士
961,John Wallace,New York Knicks|Toronto Raptors|Detroit Pistons|Phoenix Suns|Miami Heat,NYK|TOR|DET|PHX|MIA,约翰-华莱士
1630811,Keaton Wallace,Atlanta Hawks,ATL,凯特奥恩-华莱士
78443,Michael Wallace,Boston Celtics,BOS,迈克尔-华莱士
739,Rasheed Wallace,Washington Wizards|Portland Trail Blazers|Atlanta Hawks|Detroit Pistons|Boston Celtics|New York Knicks,WAS|POR|ATL|DET|BOS|NYK,拉希德-华莱士
1627820,Tyrone Wallace,LA Clippers|Atlanta Hawks|New Orleans Pelicans,LAC|ATL|NOP,泰伦-华莱士
78444,Dwight Waller,,,德怀特-沃阿勒
78445,Jamie Waller,,,杰阿姆伊-沃勒
78446,Jim Walsh,,,吉姆-沃尔什
1641775,Jordan Walsh,Boston Celtics,BOS,乔丹-瓦尔什
101190,Matt Walsh,,,马特-沃尔什
1642266,Ja'Kobe Walter,Toronto Raptors,TOR,贾科布-沃尔特
777,Rex Walters,Brooklyn Nets|Philadelphia 76ers|Miami Heat,BKN|PHI|MIA,雷克斯-瓦尔特尔斯
78447,Paul Walther,,,保罗-瓦尔斯伊尔
78448,Rabbit Walthour,,,尔阿布布伊特-沃阿尔思奥乌尔
78450,Bill Walton,Portland Trail Blazers|LA Clippers|Boston Celtics,POR|LAC|BOS,比尔-沃顿
78449,Lloyd Walton,Milwaukee Bucks|Sacramento Kings,MIL|SAC,劳埃德-沃顿
2575,Luke Walton,Los Angeles Lakers|Cleveland Cavaliers,LAL|CLE,卢克-沃顿
1628476,Derrick Walton Jr.,Miami Heat|LA Clippers|Detroit Pistons,MIA|LAC|DET,德里克-沃顿
202954,Brad Wanamaker,Boston Celtics|Golden State Warriors|Charlotte Hornets|Indiana Pacers|Washington Wizards,BOS|GSW|CHA|IND|WAS,布拉德-瓦纳马凯尔
78453,Bobby Wanzer,Sacramento Kings,SAC,博比-万泽
78454,Perry Warbington,,,佩里-沃阿尔布伊恩顿
369,Charlie Ward,New York Knicks|San Antonio Spurs|Houston Rockets,NYK|SAS|HOU,查理-沃德
78455,Gerry Ward,Atlanta Hawks|Boston Celtics|Philadelphia 76ers|Chicago Bulls,ATL|BOS|PHI|CHI,杰尔伊-沃德
78456,Henry Ward,,,亨利-沃德
203810,Casper Ware,,,克阿斯普埃尔-韦尔
78457,Jim Ware,Sacramento Kings|Houston Rockets,SAC|HOU,吉姆-瓦雷
1642276,Kel'el Ware,Miami Heat,MIA,凯勒尔-瓦雷
78458,Ben Warley,Philadelphia 76ers|Washington Wizards,PHI|WAS,本-瓦尔利
78459,Bob Warlick,Detroit Pistons|Golden State Warriors|Milwaukee Bucks|Phoenix Suns,DET|GSW|MIL|PHX,鲍勃-瓦尔利克
78460,Cornell Warner,LA Clippers|Cleveland Cavaliers|Milwaukee Bucks|Los Angeles Lakers,LAC|CLE|MIL|LAL,科尔内尔-瓦尔内尔
1627866,Jameel Warney,,,杰阿姆埃埃尔-沃阿尔恩埃伊
78461,Johnny Warren,New York Knicks|Cleveland Cavaliers,NYK|CLE,约翰尼-沃伦
203933,T.J. Warren,Phoenix Suns|Indiana Pacers|Brooklyn Nets|Minnesota Timberwolves,PHX|IND|BKN|MIN,TJ-沃伦
202378,Willie Warren,,,威利-沃伦
78462,Bryan Warrick,Washington Wizards|LA Clippers|Indiana Pacers|Milwaukee Bucks,WAS|LAC|IND|MIL,布尔伊安-瓦尔里克
101124,Hakim Warrick,Memphis Grizzlies|Milwaukee Bucks|Chicago Bulls|Phoenix Suns|New Orleans Pelicans|Charlotte Hornets,MEM|MIL|CHI|PHX|NOP|CHA,哈基姆-瓦尔里克
78463,Chris Washburn,Golden State Warriors|Atlanta Hawks,GSW|ATL,克里斯-瓦什布尔恩
1627395,Julian Washburn,,,朱利安-沃阿什布乌尔恩
78469,Bobby Washington,Cleveland Cavaliers,CLE,博比-华盛顿
200827,Darius Washington,,,达里厄斯-华盛顿
78464,Duane Washington,Brooklyn Nets|LA Clippers,BKN|LAC,德乌阿恩埃-华盛顿
78465,Dwayne Washington,Brooklyn Nets|Miami Heat,BKN|MIA,德韦恩-华盛顿
1540,Eric Washington,Denver Nuggets,DEN,埃里克-华盛顿
78466,Jim Washington,Atlanta Hawks|Chicago Bulls|Philadelphia 76ers|LA Clippers,ATL|CHI|PHI|LAC,吉姆-华盛顿
78467,Kermit Washington,Los Angeles Lakers|Boston Celtics|LA Clippers|Portland Trail Blazers|Golden State Warriors,LAL|BOS|LAC|POR|GSW,凯尔米特-华盛顿
1629023,P.J. Washington,Charlotte Hornets|Dallas Mavericks,CHA|DAL,PJ-华盛顿
78468,Richard Washington,Sacramento Kings|Milwaukee Bucks|Dallas Mavericks|Cleveland Cavaliers,SAC|MIL|DAL|CLE,理查德-华盛顿
78470,Stan Washington,,,斯坦-华盛顿
78471,Wilson Washington,Philadelphia 76ers|Brooklyn Nets,PHI|BKN,威尔逊-华盛顿
1630613,Duane Washington Jr.,Indiana Pacers|Phoenix Suns,IND|PHX,杜安-华盛顿
1631102,TyTy Washington Jr.,Houston Rockets|Milwaukee Bucks|Phoenix Suns|LA Clippers,HOU|MIL|PHX|LAC,特伊特伊-华盛顿
1629139,Yuta Watanabe,Memphis Grizzlies|Toronto Raptors|Brooklyn Nets|Phoenix Suns,MEM|TOR|BKN|PHX,伊乌塔-瓦塔纳布
1629682,Tremont Waters,Boston Celtics|Toronto Raptors|Washington Wizards,BOS|TOR|WAS,特雷莫恩特-瓦特尔斯
1630322,Lindy Waters III,Oklahoma City Thunder|Golden State Warriors|Detroit Pistons|San Antonio Spurs,OKC|GSW|DET|SAS,林德伊-瓦特尔斯-三世
1630570,Trendon Watford,Portland Trail Blazers|Brooklyn Nets|Philadelphia 76ers,POR|BKN|PHI,特雷恩登-瓦特福德
201208,Darryl Watkins,Sacramento Kings|New Orleans Pelicans,SAC|NOP,德阿尔伊尔-沃特金斯
1642364,Jamir Watkins,,,贾米尔-瓦特基恩斯
1641817,Anton Watson,,,安顿-沃特森
201228,C.J. Watson,Golden State Warriors|Chicago Bulls|Brooklyn Nets|Indiana Pacers|Orlando Magic,GSW|CHI|BKN|IND|ORL,CJ-沃特森
2248,Earl Watson,Oklahoma City Thunder|Memphis Grizzlies|Denver Nuggets|Indiana Pacers|Utah Jazz|Portland Trail Blazers,OKC|MEM|DEN|IND|UTA|POR,厄尔-沃特森
320,Jamie Watson,Utah Jazz|Dallas Mavericks|Miami Heat,UTA|DAL|MIA,贾米-沃特森
1628778,Paul Watson,Atlanta Hawks|Toronto Raptors|Oklahoma City Thunder,ATL|TOR|OKC,保罗-沃特森
1631212,Peyton Watson,Denver Nuggets,DEN,佩伊顿-沃特森
78474,Ron Watts,Boston Celtics,BOS,罗恩-沃茨
78473,Slick Watts,Oklahoma City Thunder|Utah Jazz|Houston Rockets,OKC|UTA|HOU,斯利克-瓦特特斯
203146,Maalik Wayns,Philadelphia 76ers|LA Clippers,PHI|LAC,姆阿阿尔伊克-沃阿伊恩斯
204033,David Wear,,,戴维-沃埃阿尔
204037,Travis Wear,New York Knicks|Los Angeles Lakers,NYK|LAL,特拉维斯-韦阿尔
221,Clar. Weatherspoon,Philadelphia 76ers|Golden State Warriors|Miami Heat|Cleveland Cavaliers|New York Knicks|Houston Rockets,PHI|GSW|MIA|CLE|NYK|HOU,克尔阿尔-沃伊思埃尔斯普乌恩
78475,Nick Weatherspoon,Washington Wizards|Oklahoma City Thunder|Chicago Bulls|LA Clippers,WAS|OKC|CHI|LAC,尼克-威瑟斯庞
1629683,Quinndary Weatherspoon,San Antonio Spurs|Golden State Warriors,SAS|GSW,奎伊恩恩达尔伊-威瑟斯庞
201602,Kyle Weaver,Oklahoma City Thunder|Utah Jazz,OKC|UTA,凯尔-韦艾夫尔
78477,Jeff Webb,Milwaukee Bucks|Phoenix Suns,MIL|PHX,杰夫-韦布
78478,Marcus Webb,,,马库斯-韦伯
892,Spud Webb,Atlanta Hawks|Sacramento Kings|Minnesota Timberwolves|Orlando Magic,ATL|SAC|MIN|ORL,斯伯特-韦伯
1627821,James Webb III,,,詹姆斯-韦布
185,Chris Webber,Golden State Warriors|Washington Wizards|Sacramento Kings|Philadelphia 76ers|Detroit Pistons,GSW|WAS|SAC|PHI|DET,克里斯-韦伯
1627362,Briante Weber,Memphis Grizzlies|Miami Heat|Golden State Warriors|Charlotte Hornets|Houston Rockets,MEM|MIA|GSW|CHA|HOU,布尔伊阿恩特埃-韦伯
78479,Forest Weber,New York Knicks,NYK,弗奥尔埃斯特-韦伯
1067,Jeff Webster,,,杰夫-沃埃布斯特
101110,Martell Webster,Portland Trail Blazers|Minnesota Timberwolves|Washington Wizards,POR|MIN|WAS,马尔特尔-韦伯斯特
78481,Marvin Webster,Denver Nuggets|Oklahoma City Thunder|New York Knicks|Milwaukee Bucks,DEN|OKC|NYK|MIL,马文-韦伯斯特
78482,Scott Wedman,Sacramento Kings|Cleveland Cavaliers|Boston Celtics,SAC|CLE|BOS,斯科特-韦德曼
201603,Sonny Weems,Denver Nuggets|Toronto Raptors|Phoenix Suns|Philadelphia 76ers,DEN|TOR|PHX|PHI,森恩伊-韦伊姆斯
78483,Dick Wehr,,,迪克-沃埃赫尔
78484,Brant Weidner,,,布尔阿恩特-沃埃伊德纳
78485,Bob Weiss,Philadelphia 76ers|Oklahoma City Thunder|Milwaukee Bucks|Chicago Bulls|LA Clippers|Washington Wizards,PHI|OKC|MIL|CHI|LAC|WAS,鲍勃-韦伊斯
78486,Rick Weitzman,,,里克-沃埃伊特兹曼
1719,Bonzi Wells,Portland Trail Blazers|Memphis Grizzlies|Sacramento Kings|Houston Rockets|New Orleans Pelicans,POR|MEM|SAC|HOU|NOP,博恩齐-韦尔斯
1528,Bubba Wells,,,布布布阿-韦尔斯
1642377,Jaylen Wells,Memphis Grizzlies,MEM,杰伦-韦尔斯
78488,Owen Wells,,,奥伊恩-韦尔斯
78489,Ralph Wells,,,拉尔夫-沃尔斯
1846,Chris Welp,Philadelphia 76ers|San Antonio Spurs|Golden State Warriors,PHI|SAS|GSW,克里斯-韦尔普
2412,Jiri Welsch,Golden State Warriors|Boston Celtics|Cleveland Cavaliers|Milwaukee Bucks,GSW|BOS|CLE|MIL,杰伊尔伊-沃埃尔斯奇
1629118,Thomas Welsh,,,托马斯-沃埃尔什
1641705,Victor Wembanyama,San Antonio Spurs,SAS,维克托-文班亚马
82,Bill Wennington,Dallas Mavericks|Sacramento Kings|Chicago Bulls,DAL|SAC|CHI,比尔-韦恩尼恩格顿
78492,Matt Wenstrom,,,马特-沃埃恩斯特罗姆
438,Robert Werdann,Denver Nuggets|Brooklyn Nets,DEN|BKN,罗伯特-韦尔达恩恩
78494,Ray Wertis,,,雷-沃特伊斯
1631104,Blake Wesley,San Antonio Spurs|Portland Trail Blazers,SAS|POR,布雷克-韦斯利
133,David Wesley,Brooklyn Nets|Boston Celtics|Charlotte Hornets|New Orleans Pelicans|Houston Rockets|Cleveland Cavaliers,BKN|BOS|CHA|NOP|HOU|CLE,大卫-韦斯利
78495,Walt Wesley,Sacramento Kings|Chicago Bulls|Cleveland Cavaliers|Phoenix Suns|Washington Wizards|Philadelphia 76ers|Milwaukee Bucks|Los Angeles Lakers,SAC|CHI|CLE|PHX|WAS|PHI|MIL|LAL,沃尔特-韦斯利
2561,David West,New Orleans Pelicans|Indiana Pacers|San Antonio Spurs|Golden State Warriors,NOP|IND|SAS|GSW,大卫-韦斯特
2753,Delonte West,Boston Celtics|Oklahoma City Thunder|Cleveland Cavaliers|Dallas Mavericks,BOS|OKC|CLE|DAL,德洛恩特-韦斯特
28,Doug West,Minnesota Timberwolves|Memphis Grizzlies,MIN|MEM,道格-韦斯特
78497,Jerry West,Los Angeles Lakers,LAL,杰里-韦斯特
201238,Mario West,Atlanta Hawks|Brooklyn Nets,ATL|BKN,马里奥-韦斯特
770,Mark West,Dallas Mavericks|Milwaukee Bucks|Cleveland Cavaliers|Phoenix Suns|Detroit Pistons|Indiana Pacers|Atlanta Hawks,DAL|MIL|CLE|PHX|DET|IND|ATL,马克-韦斯特
78499,Roland West,,,罗兰-韦斯特
201566,Russell Westbrook,Oklahoma City Thunder|Houston Rockets|Washington Wizards|Los Angeles Lakers|LA Clippers|Denver Nuggets|Sacramento Kings,OKC|HOU|WAS|LAL|LAC|DEN|SAC,拉塞尔-威斯布鲁克
78500,Paul Westphal,Boston Celtics|Phoenix Suns|Oklahoma City Thunder|New York Knicks,BOS|PHX|OKC|NYK,保罗-韦斯特夫阿尔
78501,John Wetzel,,,约翰-韦特泽尔
101156,Robert Whaley,,,罗伯特-沃赫阿利
941,Ennis Whatley,Chicago Bulls|Cleveland Cavaliers|Washington Wizards|San Antonio Spurs|Atlanta Hawks|LA Clippers|Portland Trail Blazers,CHI|CLE|WAS|SAS|ATL|LAC|POR,恩尼斯-瓦哈特利
1545,DeJuan Wheat,Minnesota Timberwolves|Memphis Grizzlies,MIN|MEM,德朱安-瓦赫特
78504,Clinton Wheeler,Indiana Pacers|Miami Heat|Portland Trail Blazers,IND|MIA|POR,克林顿-瓦赫伊勒尔
1630762,Phillip Wheeler,,,菲利普-瓦赫伊勒尔
1755,Tyson Wheeler,,,泰森-惠勒
78506,Lucian Whitaker,,,尔乌克伊阿恩-惠特克
1629632,Coby White,Chicago Bulls|Charlotte Hornets,CHI|CHA,科比-怀特
201591,DJ White,Oklahoma City Thunder|Charlotte Hornets|Boston Celtics,OKC|CHA|BOS,德杰-怀特
1628401,Derrick White,San Antonio Spurs|Boston Celtics,SAS|BOS,德里克-怀特
78507,Eric White,LA Clippers|Utah Jazz,LAC|UTA,埃里克-怀特
78508,Herb White,,,赫尔布-怀特
78509,Hubie White,Golden State Warriors|Philadelphia 76ers,GSW|PHI,胡比-怀特
1631298,Jack White,Denver Nuggets|Memphis Grizzlies,DEN|MEM,杰克-怀特
1751,Jahidi White,Washington Wizards|Phoenix Suns|Charlotte Hornets,WAS|PHX|CHA,贾希迪-怀特
200778,James White,San Antonio Spurs|Houston Rockets|New York Knicks,SAS|HOU|NYK,詹姆斯-怀特
78510,Jojo White,Boston Celtics|Golden State Warriors|Sacramento Kings,BOS|GSW|SAC,杰奥杰奥-怀特
1627855,Okaro White,Miami Heat|Washington Wizards,MIA|WAS,奥卡罗-怀特
1839,Randy White,Dallas Mavericks,DAL,兰迪-怀特
2206,Rodney White,Detroit Pistons|Denver Nuggets|Golden State Warriors,DET|DEN|GSW,罗德尼-怀特
78512,Rory White,Phoenix Suns|Milwaukee Bucks|LA Clippers,PHX|MIL|LAC,罗里-怀特
203091,Royce White,,,罗伊斯-怀特
78513,Rudy White,Houston Rockets|Golden State Warriors|Oklahoma City Thunder,HOU|GSW|OKC,鲁迪-怀特
202358,Terrico White,,,特尔伊克奥-怀特
78514,Tony White,Chicago Bulls|New York Knicks|Golden State Warriors,CHI|NYK|GSW,托尼-怀特
78515,Willie White,Denver Nuggets,DEN,威利-怀特
1628510,Andrew White III,,,安德鲁-怀特
1641727,Dariq Whitehead,Brooklyn Nets|Memphis Grizzlies,BKN|MEM,达里克-瓦希特赫阿德
1627785,Isaiah Whitehead,Brooklyn Nets,BKN,以赛亚-瓦希特赫阿德
78516,Jerome Whitehead,LA Clippers|Utah Jazz|Dallas Mavericks|Cleveland Cavaliers|Golden State Warriors|San Antonio Spurs,LAC|UTA|DAL|CLE|GSW|SAS,杰罗姆-瓦希特赫阿德
1126,Donald Whiteside,Toronto Raptors|Atlanta Hawks,TOR|ATL,唐纳德-瓦希特西德
202355,Hassan Whiteside,Sacramento Kings|Miami Heat|Portland Trail Blazers|Utah Jazz,SAC|MIA|POR|UTA,哈斯萨恩-瓦希特西德
730,Dwayne Whitfield,,,德韦恩-惠特菲尔德
1641715,Cam Whitmore,Houston Rockets|Washington Wizards,HOU|WAS,卡姆-瓦希特莫尔
78519,Charles Whitney,Sacramento Kings,SAC,查尔斯-沃赫伊特恩埃伊
43,Chris Whitney,San Antonio Spurs|Washington Wizards|Denver Nuggets|Orlando Magic,SAS|WAS|DEN|ORL,克里斯-瓦希特内伊
204222,Greg Whittington,,,格雷格-瓦希特蒂恩格顿
203963,Shayne Whittington,Indiana Pacers,IND,什阿伊恩埃-惠廷顿
78520,Sidney Wicks,Portland Trail Blazers|Boston Celtics|LA Clippers,POR|BOS|LAC,悉尼-维克斯
78521,Murray Wier,,,默里-沃伊埃尔
78522,Bob Wiesenhahn,,,鲍勃-维伊森哈赫恩
1630580,Joe Wieskamp,San Antonio Spurs|Toronto Raptors,SAS|TOR,乔-维伊斯卡姆普
1630598,Aaron Wiggins,Oklahoma City Thunder,OKC,阿隆-威金斯
203952,Andrew Wiggins,Minnesota Timberwolves|Golden State Warriors|Miami Heat,MIN|GSW|MIA,安德鲁-威金斯
78523,Mitchell Wiggins,Chicago Bulls|Houston Rockets|Philadelphia 76ers,CHI|HOU|PHI,米切尔-威金斯
1629623,Lindell Wigginton,Milwaukee Bucks,MIL,林德尔-维格吉恩顿
78524,Ken Wilburn,Chicago Bulls,CHI,肯-沃伊尔布乌尔恩
203912,C.J. Wilcox,LA Clippers|Orlando Magic,LAC|ORL,CJ-维尔科克斯
2404,Chris Wilcox,LA Clippers|Oklahoma City Thunder|New York Knicks|Detroit Pistons|Boston Celtics,LAC|OKC|NYK|DET|BOS,克里斯-维尔科克斯
78525,D.C. Wilcutt,,,DC-威尔卡特
78526,Gene Wiley,Los Angeles Lakers,LAL,吉恩-威利
1628451,Jacob Wiley,,,雅各布-沃伊利
78527,Michael Wiley,San Antonio Spurs|LA Clippers,SAS|LAC,迈克尔-威利
78528,Morlon Wiley,Dallas Mavericks|Orlando Magic|San Antonio Spurs|Atlanta Hawks|Miami Heat,DAL|ORL|SAS|ATL|MIA,莫尔洛恩-威利
78529,Win Wilfong,Atlanta Hawks|Sacramento Kings,ATL|SAC,维恩-维尔福恩格
78530,Lenny Wilkens,Atlanta Hawks|Oklahoma City Thunder|Cleveland Cavaliers|Portland Trail Blazers,ATL|OKC|CLE|POR,兰尼-威尔肯斯
78531,Bob Wilkerson,Oklahoma City Thunder|Denver Nuggets|Chicago Bulls|Cleveland Cavaliers,OKC|DEN|CHI|CLE,鲍勃-维尔凯尔森
78532,Jamaal Wilkes,Golden State Warriors|Los Angeles Lakers|LA Clippers,GSW|LAL|LAC,贾马尔-威尔克斯
78533,James Wilkes,Chicago Bulls|Detroit Pistons,CHI|DET,詹姆斯-维尔凯斯
2863,Damien Wilkins,Oklahoma City Thunder|Minnesota Timberwolves|Atlanta Hawks|Detroit Pistons|Philadelphia 76ers|Indiana Pacers,OKC|MIN|ATL|DET|PHI|IND,达米伊恩-威尔金斯
1122,Dominique Wilkins,Atlanta Hawks|LA Clippers|Boston Celtics|San Antonio Spurs|Orlando Magic,ATL|LAC|BOS|SAS|ORL,多米尼克-威尔金斯
78534,Eddielee Wilkins,New York Knicks|Philadelphia 76ers,NYK|PHI,埃德伊利-威尔金斯
786,Gerald Wilkins,New York Knicks|Cleveland Cavaliers|Memphis Grizzlies|Orlando Magic,NYK|CLE|MEM|ORL,杰拉德-威尔金斯
78537,Jeff Wilkins,Utah Jazz|San Antonio Spurs,UTA|SAS,杰夫-威尔金斯
78538,Dale Wilkinson,Detroit Pistons|LA Clippers,DET|LAC,戴尔-威尔金森
2366,Mike Wilks,Atlanta Hawks|Minnesota Timberwolves|Houston Rockets|San Antonio Spurs|Cleveland Cavaliers|Oklahoma City Thunder|Denver Nuggets|Washington Wizards,ATL|MIN|HOU|SAS|CLE|OKC|DEN|WAS,迈克-维尔克斯
1425,Aaron Williams,Utah Jazz|Milwaukee Bucks|Denver Nuggets|Memphis Grizzlies|Oklahoma City Thunder|Washington Wizards|Brooklyn Nets|Toronto Raptors|New Orleans Pelicans|LA Clippers,UTA|MIL|DEN|MEM|OKC|WAS|BKN|TOR|NOP|LAC,阿隆-威廉姆斯
1626210,Alan Williams,Phoenix Suns|Brooklyn Nets,PHX|BKN,阿兰-威廉姆斯
1631214,Alondes Williams,Brooklyn Nets|Miami Heat|Detroit Pistons|Washington Wizards,BKN|MIA|DET|WAS,阿洛恩德斯-威廉姆斯
1541,Alvin Williams,Portland Trail Blazers|Toronto Raptors|LA Clippers,POR|TOR|LAC,阿尔文-威廉姆斯
1642873,Amari Williams,,,姆阿尔伊-威廉姆斯
78539,Arthur Williams,Houston Rockets|Boston Celtics,HOU|BOS,阿尔思乌尔-威廉姆斯
78540,Bernie Williams,Houston Rockets,HOU,贝尔尼-威廉姆斯
78564,Bob Williams,Los Angeles Lakers,LAL,鲍勃-威廉姆斯
1585,Brandon Williams,Golden State Warriors|San Antonio Spurs|Atlanta Hawks,GSW|SAS|ATL,布兰登-威廉姆斯
1630314,Brandon Williams,Portland Trail Blazers|Dallas Mavericks,POR|DAL,布兰登-威廉姆斯
433,Buck Williams,Brooklyn Nets|Portland Trail Blazers|New York Knicks,BKN|POR|NYK,布克-威廉姆斯
203710,C.J. Williams,LA Clippers|Minnesota Timberwolves,LAC|MIN,CJ-威廉姆斯
78547,Chuck Williams,Denver Nuggets|LA Clippers,DEN|LAC,查克-威廉姆斯
78541,Chuckie Williams,,,奇乌克伊埃-威廉姆斯
78543,Cliff Williams,,,克利夫-威廉姆斯
1642262,Cody Williams,Utah Jazz,UTA,科迪-威廉姆斯
200603,Corey Williams,Chicago Bulls|Minnesota Timberwolves,CHI|MIN,科里-威廉姆斯
101114,Deron Williams,Utah Jazz|Brooklyn Nets|Dallas Mavericks|Cleveland Cavaliers,UTA|BKN|DAL|CLE,德隆-威廉姆斯
202682,Derrick Williams,Minnesota Timberwolves|Sacramento Kings|New York Knicks|Miami Heat|Cleveland Cavaliers|Los Angeles Lakers,MIN|SAC|NYK|MIA|CLE|LAL,德里克-威廉姆斯
78545,Don Williams,,,唐-威廉姆斯
1631495,Donovan Williams,,,多诺万-威廉姆斯
78546,Earl Williams,Phoenix Suns|Detroit Pistons|Brooklyn Nets|Boston Celtics,PHX|DET|BKN|BOS,厄尔-威廉姆斯
202343,Elliot Williams,Portland Trail Blazers|Philadelphia 76ers|Utah Jazz|New Orleans Pelicans|Memphis Grizzlies,POR|PHI|UTA|NOP|MEM,伊尔利奥特-威廉姆斯
677,Eric Williams,Boston Celtics|Denver Nuggets|Cleveland Cavaliers|Brooklyn Nets|Toronto Raptors|San Antonio Spurs|Charlotte Hornets,BOS|DEN|CLE|BKN|TOR|SAS|CHA,埃里克-威廉姆斯
2421,Frank Williams,New York Knicks|Chicago Bulls,NYK|CHI,弗兰克-威廉姆斯
78548,Freeman Williams,LA Clippers|Atlanta Hawks|Utah Jazz|Washington Wizards,LAC|ATL|UTA|WAS,弗里曼-威廉姆斯
1629684,Grant Williams,Boston Celtics|Dallas Mavericks|Charlotte Hornets,BOS|DAL|CHA,格兰特-威廉姆斯
78549,Gus Williams,Golden State Warriors|Oklahoma City Thunder|Washington Wizards|Atlanta Hawks,GSW|OKC|WAS|ATL,格斯-威廉姆斯
78550,Guy Williams,Washington Wizards|Golden State Warriors,WAS|GSW,格乌伊-威廉姆斯
1006,Herb Williams,Indiana Pacers|Dallas Mavericks|New York Knicks|Toronto Raptors,IND|DAL|NYK|TOR,赫尔布-威廉姆斯
73,Hot Rod Williams,Cleveland Cavaliers|Phoenix Suns|Dallas Mavericks,CLE|PHX|DAL,霍特-罗德-威廉姆斯
1631114,Jalen Williams,Oklahoma City Thunder,OKC,杰伦-威廉姆斯
1715,Jason Williams,Sacramento Kings|Memphis Grizzlies|Miami Heat|Orlando Magic,SAC|MEM|MIA|ORL,杰森-威廉姆斯
101214,Jawad Williams,Cleveland Cavaliers,CLE,贾瓦德-威廉姆斯
2398,Jay Williams,,,杰伊-威廉姆斯
1631119,Jaylin Williams,Oklahoma City Thunder,OKC,贾伊林-威廉姆斯
420,Jayson Williams,Philadelphia 76ers|Brooklyn Nets,PHI|BKN,杰森-威廉姆斯
966,Jerome Williams,Detroit Pistons|Toronto Raptors|Chicago Bulls|New York Knicks,DET|TOR|CHI|NYK,杰罗姆-威廉姆斯
78554,John Williams,Washington Wizards|LA Clippers|Indiana Pacers,WAS|LAC|IND,约翰-威廉姆斯
1629140,Johnathan Williams,Los Angeles Lakers|Washington Wizards,LAL|WAS,乔赫纳斯安-威廉姆斯
202716,Jordan Williams,,,乔丹-威廉姆斯
200818,Justin Williams,Sacramento Kings|Houston Rockets,SAC|HOU,贾斯汀-威廉姆斯
78555,Kenny Williams,Indiana Pacers,IND,肯尼-威廉姆斯
1629026,Kenrich Williams,New Orleans Pelicans|Oklahoma City Thunder,NOP|OKC,凯恩里奇-威廉姆斯
78556,Kevin Williams,San Antonio Spurs|Cleveland Cavaliers|Oklahoma City Thunder|Brooklyn Nets|LA Clippers,SAS|CLE|OKC|BKN|LAC,凯文-威廉姆斯
31,Lorenzo Williams,Charlotte Hornets|Orlando Magic|Boston Celtics|Dallas Mavericks|Washington Wizards,CHA|ORL|BOS|DAL|WAS,洛伦佐-威廉姆斯
101150,Lou Williams,Philadelphia 76ers|Atlanta Hawks|Toronto Raptors|Los Angeles Lakers|Houston Rockets|LA Clippers,PHI|ATL|TOR|LAL|HOU|LAC,卢-威廉姆斯
1642013,Malik Williams,,,马利克-威廉姆斯
200766,Marcus Williams,Brooklyn Nets|Golden State Warriors|Memphis Grizzlies,BKN|GSW|MEM,马库斯-威廉姆斯
201173,Marcus Williams,San Antonio Spurs|LA Clippers,SAS|LAC,马库斯-威廉姆斯
1631109,Mark Williams,Charlotte Hornets|Phoenix Suns,CHA|PHX,马克-威廉姆斯
101107,Marvin Williams,Atlanta Hawks|Utah Jazz|Charlotte Hornets|Milwaukee Bucks,ATL|UTA|CHA|MIL,马文-威廉姆斯
52,Micheal Williams,Detroit Pistons|Phoenix Suns|Charlotte Hornets|Indiana Pacers|Minnesota Timberwolves|Toronto Raptors,DET|PHX|CHA|IND|MIN|TOR,米切尔-威廉姆斯
78558,Mike Williams,Sacramento Kings|Atlanta Hawks,SAC|ATL,迈克-威廉姆斯
78560,Milt Williams,New York Knicks|Atlanta Hawks|Oklahoma City Thunder,NYK|ATL|OKC,米尔特-威廉姆斯
2590,Mo Williams,Utah Jazz|Milwaukee Bucks|Cleveland Cavaliers|LA Clippers|Portland Trail Blazers|Minnesota Timberwolves|Charlotte Hornets,UTA|MIL|CLE|LAC|POR|MIN|CHA,莫-威廉姆斯
42,Monty Williams,New York Knicks|San Antonio Spurs|Denver Nuggets|Orlando Magic|Philadelphia 76ers,NYK|SAS|DEN|ORL|PHI,莫恩特伊-威廉姆斯
78561,Nate Williams,Sacramento Kings|Utah Jazz|Golden State Warriors,SAC|UTA|GSW,内特-威廉姆斯
1631466,Nate Williams,Portland Trail Blazers|Houston Rockets|Golden State Warriors,POR|HOU|GSW,内特-威廉姆斯
1630172,Patrick Williams,Chicago Bulls,CHI,帕特里克-威廉姆斯
78566,Pete Williams,Denver Nuggets,DEN,皮特-威廉姆斯
78571,Ray Williams,New York Knicks|Brooklyn Nets|Sacramento Kings|Boston Celtics|San Antonio Spurs|Atlanta Hawks,NYK|BKN|SAC|BOS|SAS|ATL,雷-威廉姆斯
199,Reggie Williams,LA Clippers|Cleveland Cavaliers|San Antonio Spurs|Denver Nuggets|Indiana Pacers|Brooklyn Nets,LAC|CLE|SAS|DEN|IND|BKN,雷吉-威廉姆斯
202130,Reggie Williams,Golden State Warriors|Charlotte Hornets|Oklahoma City Thunder|San Antonio Spurs|New Orleans Pelicans,GSW|CHA|OKC|SAS|NOP,雷吉-威廉姆斯
78563,Rickey Williams,,,里基-威廉姆斯
78565,Rob Williams,Denver Nuggets,DEN,罗布-威廉姆斯
78567,Ron Williams,Golden State Warriors|Milwaukee Bucks|Los Angeles Lakers,GSW|MIL|LAL,罗恩-威廉姆斯
78568,Sam Williams,Milwaukee Bucks,MIL,萨姆-威廉姆斯
78569,Samuel Williams,Golden State Warriors|Philadelphia 76ers,GSW|PHI,塞缪尔-威廉姆斯
281,Scott Williams,Chicago Bulls|Philadelphia 76ers|Milwaukee Bucks|Denver Nuggets|Phoenix Suns|Dallas Mavericks|Cleveland Cavaliers,CHI|PHI|MIL|DEN|PHX|DAL|CLE,斯科特-威廉姆斯
201157,Sean Williams,Brooklyn Nets|Dallas Mavericks|Boston Celtics,BKN|DAL|BOS,肖恩-威廉姆斯
1742,Shammond Williams,Atlanta Hawks|Oklahoma City Thunder|Boston Celtics|Denver Nuggets|Orlando Magic|New Orleans Pelicans|Los Angeles Lakers,ATL|OKC|BOS|DEN|ORL|NOP|LAL,什姆莫恩德-威廉姆斯
200761,Shawne Williams,Indiana Pacers|Dallas Mavericks|New York Knicks|Brooklyn Nets|Los Angeles Lakers|Miami Heat|Detroit Pistons,IND|DAL|NYK|BKN|LAL|MIA|DET,什奥恩-威廉姆斯
200749,Shelden Williams,Atlanta Hawks|Sacramento Kings|Minnesota Timberwolves|Boston Celtics|Denver Nuggets|New York Knicks|Brooklyn Nets,ATL|SAC|MIN|BOS|DEN|NYK|BKN,谢尔登-威廉姆斯
78570,Sly Williams,New York Knicks|Atlanta Hawks|Boston Celtics,NYK|ATL|BOS,斯利-威廉姆斯
201944,Terrence Williams,Brooklyn Nets|Houston Rockets|Sacramento Kings|Boston Celtics,BKN|HOU|SAC|BOS,特伦斯-威廉姆斯
1576,Travis Williams,Charlotte Hornets,CHA,特拉维斯-威廉姆斯
1627786,Troy Williams,Memphis Grizzlies|Houston Rockets|New York Knicks|Sacramento Kings,MEM|HOU|NYK|SAC,特洛伊-威廉姆斯
1005,Walt Williams,Sacramento Kings|Miami Heat|Toronto Raptors|Portland Trail Blazers|Houston Rockets|Dallas Mavericks,SAC|MIA|TOR|POR|HOU|DAL,沃尔特-威廉姆斯
78573,Ward Williams,,,沃德-威廉姆斯
78574,Willie Williams,Boston Celtics|Sacramento Kings,BOS|SAC,威利-威廉姆斯
1630533,Ziaire Williams,Memphis Grizzlies|Brooklyn Nets,MEM|BKN,齐艾尔-威廉姆斯
1629057,Robert Williams III,Boston Celtics|Portland Trail Blazers,BOS|POR,罗伯特-威廉姆斯
1628475,Matt Williams Jr.,,,马特-威廉姆斯
1631246,Vince Williams Jr.,Memphis Grizzlies|Utah Jazz,MEM|UTA,文斯-威廉姆斯
1628430,Nigel Williams-Goss,,,恩伊格埃尔-威廉姆斯-格奥斯斯
722,Corliss Williamson,Sacramento Kings|Toronto Raptors|Detroit Pistons|Philadelphia 76ers,SAC|TOR|DET|PHI,科尔利斯-威廉森
78575,John Williamson,Brooklyn Nets|Indiana Pacers|Washington Wizards,BKN|IND|WAS,约翰-威廉森
1631351,Lucas Williamson,,,卢卡斯-威廉森
1629627,Zion Williamson,New Orleans Pelicans,NOP,蔡恩-威廉森
788,Kevin Willis,Atlanta Hawks|Miami Heat|Golden State Warriors|Houston Rockets|Toronto Raptors|Denver Nuggets|San Antonio Spurs|Dallas Mavericks,ATL|MIA|GSW|HOU|TOR|DEN|SAS|DAL,凯文-威利斯
78577,Bill Willoughby,Atlanta Hawks|LA Clippers|Cleveland Cavaliers|Houston Rockets|San Antonio Spurs|Brooklyn Nets,ATL|LAC|CLE|HOU|SAS|BKN,比尔-维尔洛乌格赫布伊
2000,Dedric Willoughby,,,德埃德尔伊克-沃伊尔尔奥乌格赫布伊
78586,Bob Wilson,,,鲍勃-威尔逊
78585,Bobby Wilson,Chicago Bulls|Boston Celtics|Indiana Pacers,CHI|BOS|IND,博比-威尔逊
1628391,D.J. Wilson,Milwaukee Bucks|Houston Rockets|Toronto Raptors|Philadelphia 76ers,MIL|HOU|TOR|PHI,DJ-威尔逊
78579,George Wilson,Sacramento Kings|Chicago Bulls|Oklahoma City Thunder|Philadelphia 76ers|Phoenix Suns|LA Clippers,SAC|CHI|OKC|PHI|PHX|LAC,乔治-威尔逊
78580,Isaiah Wilson,,,以赛亚-威尔逊
1630592,Jalen Wilson,Brooklyn Nets,BKN,杰伦-威尔逊
203966,Jamil Wilson,,,杰阿姆伊尔-威尔逊
78581,Mike Wilson,Washington Wizards|Cleveland Cavaliers|Brooklyn Nets|Atlanta Hawks,WAS|CLE|BKN|ATL,迈克-威尔逊
78582,Nikita Wilson,,,恩伊克伊特阿-威尔逊
78578,Othell Wilson,Golden State Warriors|Sacramento Kings,GSW|SAC,奥斯伊尔-威尔逊
78583,Rick Wilson,Atlanta Hawks,ATL,里克-威尔逊
78584,Ricky Wilson,Brooklyn Nets|San Antonio Spurs,BKN|SAS,里基-威尔逊
78587,Thomas Wilson,,,托马斯-威尔逊
1027,Trevor Wilson,Atlanta Hawks|Los Angeles Lakers|Sacramento Kings|Philadelphia 76ers,ATL|LAL|SAC|PHI,特雷沃-威尔逊
1627787,Kyle Wiltjer,,,凯尔-威尔特杰
78589,Kennard Winchester,Houston Rockets|New York Knicks,HOU|NYK,凯恩纳尔德-维恩奇伊斯特尔
78590,Tony Windis,,,托尼-沃伊恩德伊斯
1629685,Dylan Windler,Cleveland Cavaliers|New York Knicks|Los Angeles Lakers|Atlanta Hawks,CLE|NYK|LAL|ATL,德伊拉恩-维恩德勒尔
78591,John Windsor,,,约翰-温莎
78592,Lee Winfield,Oklahoma City Thunder|LA Clippers|Sacramento Kings,OKC|LAC|SAC,李-维恩菲尔德
766,David Wingate,Philadelphia 76ers|San Antonio Spurs|Washington Wizards|Charlotte Hornets|Oklahoma City Thunder|New York Knicks,PHI|SAS|WAS|CHA|OKC|NYK,大卫-维恩加特
112,Dontonio Wingfield,Oklahoma City Thunder|Portland Trail Blazers,OKC|POR,登顿伊奥-维恩格菲尔德
78596,Harthorne Wingo,New York Knicks,NYK,哈尔斯奥尔恩-维恩戈
78597,Marv Winkler,,,姆阿尔夫-温克勒
1626159,Justise Winslow,Miami Heat|Memphis Grizzlies|LA Clippers|Portland Trail Blazers,MIA|MEM|LAC|POR,朱斯蒂斯-维恩斯洛瓦
1984,Rickie Winslow,,,尔克伊埃-温斯洛
1630216,Cassius Winston,Washington Wizards,WAS,卡斯西乌斯-温斯顿
1868,Trevor Winter,,,特雷弗-沃伊恩特
78600,Brian Winters,Los Angeles Lakers|Milwaukee Bucks,LAL|MIL,布莱恩-维恩特尔斯
78601,Voise Winters,,,夫奥伊斯埃-温特斯
78602,Willie Wise,Denver Nuggets|Oklahoma City Thunder,DEN|OKC,威利-维塞
1630164,James Wiseman,Golden State Warriors|Detroit Pistons|Indiana Pacers,GSW|DET|IND,詹姆斯-怀斯曼
203481,Jeff Withey,New Orleans Pelicans|Utah Jazz|Dallas Mavericks,NOP|UTA|DAL,杰夫-维斯伊
78603,Luke Witte,Cleveland Cavaliers,CLE,卢克-维特特
1456,Randy Wittman,Atlanta Hawks|Sacramento Kings|Indiana Pacers,ATL|SAC|IND,兰迪-维特特曼
78605,Garry Witts,,,加尔伊-维特特斯
78606,Dave Wohl,Philadelphia 76ers|Portland Trail Blazers|LA Clippers|Houston Rockets|Brooklyn Nets,PHI|POR|LAC|HOU|BKN,戴夫-沃赫尔
1642874,Danny Wolf,,,丹尼-沃尔夫
341,Joe Wolf,LA Clippers|Denver Nuggets|Boston Celtics|Portland Trail Blazers|Charlotte Hornets|Orlando Magic|Milwaukee Bucks,LAC|DEN|BOS|POR|CHA|ORL|MIL,乔-沃尔夫
2106,Ruben Wolkowyski,Oklahoma City Thunder|Boston Celtics,OKC|BOS,鲁本-沃奥尔克奥伊斯克伊
203489,Nate Wolters,Milwaukee Bucks|New Orleans Pelicans|Utah Jazz,MIL|NOP|UTA,内特-沃尔特尔斯
1631209,Isaiah Wong,Indiana Pacers|Charlotte Hornets,IND|CHA,以赛亚-沃恩格
78610,Al Wood,Atlanta Hawks|LA Clippers|Oklahoma City Thunder|Dallas Mavericks,ATL|LAC|OKC|DAL,艾尔-伍德
78612,Bob Wood,,,鲍勃-伍德
1626174,Christian Wood,Philadelphia 76ers|Charlotte Hornets|Milwaukee Bucks|New Orleans Pelicans|Detroit Pistons|Houston Rockets|Dallas Mavericks|Los Angeles Lakers,PHI|CHA|MIL|NOP|DET|HOU|DAL|LAL,克里斯蒂安-伍德
116,David Wood,Chicago Bulls|Houston Rockets|San Antonio Spurs|Detroit Pistons|Golden State Warriors|Phoenix Suns|Dallas Mavericks|Milwaukee Bucks,CHI|HOU|SAS|DET|GSW|PHX|DAL|MIL,大卫-伍德
78609,Howard Wood,,,霍华德-伍德
78611,Leon Wood,Philadelphia 76ers|Washington Wizards|Brooklyn Nets|San Antonio Spurs|Atlanta Hawks|Sacramento Kings,PHI|WAS|BKN|SAS|ATL|SAC,利昂-伍德
1630218,Robert Woodard II,Sacramento Kings,SAC,罗伯特-伍德阿尔德-二世
2254,Loren Woods,Minnesota Timberwolves|Miami Heat|Toronto Raptors|Houston Rockets,MIN|MIA|TOR|HOU,洛雷恩-伍兹
2417,Qyntel Woods,Portland Trail Blazers|Miami Heat|New York Knicks,POR|MIA|NYK,克伊恩特尔-伍兹
1010,Randy Woods,LA Clippers|Denver Nuggets,LAC|DEN,兰迪-伍兹
78614,Mike Woodson,New York Knicks|Brooklyn Nets|Sacramento Kings|LA Clippers|Houston Rockets|Cleveland Cavaliers,NYK|BKN|SAC|LAC|HOU|CLE,迈克-伍德森
78615,Orlando Woolridge,Chicago Bulls|Brooklyn Nets|Los Angeles Lakers|Denver Nuggets|Detroit Pistons|Milwaukee Bucks|Philadelphia 76ers,CHI|BKN|LAL|DEN|DET|MIL|PHI,奥兰多-沃奥尔里德格
1629624,Kenny Wooten,,,肯尼-伍滕
906,Haywoode Workman,Atlanta Hawks|Washington Wizards|Indiana Pacers|Milwaukee Bucks|Toronto Raptors,ATL|WAS|IND|MIL|TOR,哈伊伍德-沃尔克曼
78616,Mark Workman,Golden State Warriors,GSW,马克-沃尔克曼
78617,Tom Workman,Atlanta Hawks|Washington Wizards|Detroit Pistons,ATL|WAS|DET,汤姆-沃尔克曼
1897,Metta World Peace,Chicago Bulls|Indiana Pacers|Sacramento Kings|Houston Rockets|Los Angeles Lakers|New York Knicks,CHI|IND|SAC|HOU|LAL|NYK,梅特塔-沃尔德-佩阿克
78618,Sam Worthen,Chicago Bulls|Utah Jazz,CHI|UTA,萨姆-沃斯伊恩
1460,James Worthy,Los Angeles Lakers,LAL,詹姆斯-沃西
101120,Antoine Wright,Brooklyn Nets|Dallas Mavericks|Toronto Raptors|Sacramento Kings,BKN|DAL|TOR|SAC,安托万-赖特
101152,Bracey Wright,Minnesota Timberwolves,MIN,布尔阿克埃伊-赖特
78620,Brad Wright,New York Knicks|Denver Nuggets,NYK|DEN,布尔阿德-赖特
201148,Brandan Wright,Golden State Warriors|Brooklyn Nets|Dallas Mavericks|Boston Celtics|Phoenix Suns|Memphis Grizzlies|Houston Rockets,GSW|BKN|DAL|BOS|PHX|MEM|HOU,布拉恩达恩-赖特
202874,Chris Wright,Golden State Warriors|Milwaukee Bucks,GSW|MIL,克里斯-赖特
203203,Chris Wright,,,克里斯-赖特
1626153,Delon Wright,Toronto Raptors|Memphis Grizzlies|Dallas Mavericks|Detroit Pistons|Sacramento Kings|Atlanta Hawks|Washington Wizards|Miami Heat|Milwaukee Bucks|New York Knicks,TOR|MEM|DAL|DET|SAC|ATL|WAS|MIA|MIL|NYK,德洛恩-赖特
2748,Dorell Wright,Miami Heat|Golden State Warriors|Philadelphia 76ers|Portland Trail Blazers,MIA|GSW|PHI|POR,多雷尔-赖特
78621,Howard Wright,Atlanta Hawks|Orlando Magic|Dallas Mavericks,ATL|ORL|DAL,霍华德-赖特
78622,Joby Wright,,,乔布伊-赖特
201153,Julian Wright,New Orleans Pelicans|Toronto Raptors,NOP|TOR,朱利安-赖特
78623,Larry Wright,Washington Wizards|Detroit Pistons,WAS|DET,拉里-赖特
953,Lorenzen Wright,LA Clippers|Atlanta Hawks|Memphis Grizzlies|Sacramento Kings|Cleveland Cavaliers,LAC|ATL|MEM|SAC|CLE,洛雷恩泽恩-赖特
1007,Luther Wright,,,尔乌思埃尔-赖特
1630589,Moses Wright,LA Clippers|Dallas Mavericks,LAC|DAL,摩西-赖特
412,Sharone Wright,Philadelphia 76ers|Toronto Raptors,PHI|TOR,什阿尔奥恩-赖特
1630593,McKinley Wright IV,Minnesota Timberwolves|Dallas Mavericks,MIN|DAL,麦克基恩利-赖特-四世
1629625,Justin Wright-Foreman,,,贾斯廷-赖特-弗奥尔埃曼
203100,Tony Wroten,Memphis Grizzlies|Philadelphia 76ers,MEM|PHI,托尼-瓦罗特恩
78627,A.J. Wynder,,,AJ-沃伊恩德
1627824,Guerschon Yabusele,Boston Celtics|Philadelphia 76ers|New York Knicks|Chicago Bulls,BOS|PHI|NYK|CHI,古伊尔斯克奥恩-伊阿布塞尔
1642905,Yang Hansen,,,伊安格-汉森
2397,Yao Ming,Houston Rockets,HOU,姚明
2428,Vincent Yarbrough,,,文森特-伊阿尔布罗乌格赫
78628,George Yardley,Detroit Pistons|Philadelphia 76ers,DET|PHI,乔治-伊阿尔德利
78629,Barry Yates,,,巴里-耶茨
78630,Wayne Yates,,,韦恩-伊特伊斯
78631,Charlie Yelverton,,,查理-伊伊尔维尔顿
201146,Yi Jianlian,Milwaukee Bucks|Brooklyn Nets|Washington Wizards|Dallas Mavericks,MIL|BKN|WAS|DAL,易建联
78632,Rich Yonakor,,,里奇-约纳科尔
1628221,Gabe York,Indiana Pacers,IND,加贝-伊奥尔克
78633,Danny Young,Oklahoma City Thunder|Portland Trail Blazers|LA Clippers|Detroit Pistons|Milwaukee Bucks,OKC|POR|LAC|DET|MIL,丹尼-扬
1642443,Jahmir Young,Chicago Bulls|Miami Heat,CHI|MIA,贾赫米尔-扬
203923,James Young,Boston Celtics|Philadelphia 76ers,BOS|PHI,詹姆斯-扬
1626202,Joe Young,Indiana Pacers,IND,乔-扬
1748,Korleone Young,,,克奥尔尔埃奥恩埃-杨
78634,Michael Young,Phoenix Suns|Philadelphia 76ers|LA Clippers,PHX|PHI|LAC,迈克尔-扬
201156,Nick Young,Washington Wizards|LA Clippers|Philadelphia 76ers|Los Angeles Lakers|Golden State Warriors|Denver Nuggets,WAS|LAC|PHI|LAL|GSW|DEN,尼克-扬
78635,Perry Young,Chicago Bulls|Portland Trail Blazers,CHI|POR,佩里-杨
201970,Sam Young,Memphis Grizzlies|Philadelphia 76ers|Indiana Pacers,MEM|PHI|IND,萨姆-扬
201152,Thaddeus Young,Philadelphia 76ers|Minnesota Timberwolves|Brooklyn Nets|Indiana Pacers|Chicago Bulls|San Antonio Spurs|Toronto Raptors|Phoenix Suns,PHI|MIN|BKN|IND|CHI|SAS|TOR|PHX,斯阿德德乌斯-扬
1937,Tim Young,,,蒂姆-杨
1629027,Trae Young,Atlanta Hawks|Washington Wizards,ATL|WAS,特雷-杨
1642959,Chris Youngblood,Oklahoma City Thunder|Portland Trail Blazers,OKC|POR,克里斯-伊乌恩格布洛奥德
1630209,Omer Yurtseven,Miami Heat|Utah Jazz|Golden State Warriors,MIA|UTA|GSW,奥梅尔-伊乌尔特塞维恩
78638,Max Zaslofsky,New York Knicks|Detroit Pistons,NYK|DET,马克斯-扎斯洛夫斯克伊
78639,Robert Zawoluk,Golden State Warriors,GSW,罗伯特-兹阿沃奥尔乌克
203469,Cody Zeller,Charlotte Hornets|Portland Trail Blazers|Miami Heat|New Orleans Pelicans,CHA|POR|MIA|NOP,科迪-泽勒
78640,Dave Zeller,,,戴夫-泽勒
78641,Gary Zeller,Washington Wizards,WAS,加里-泽勒
78642,Hank Zeller,,,汉克-泽勒
202545,Luke Zeller,,,卢克-泽勒
203092,Tyler Zeller,Cleveland Cavaliers|Boston Celtics|Brooklyn Nets|Milwaukee Bucks|Atlanta Hawks|Memphis Grizzlies|San Antonio Spurs,CLE|BOS|BKN|MIL|ATL|MEM|SAS,泰勒-泽勒
78643,Tony Zeno,,,托尼-兹埃恩奥
78644,Phil Zevenbergen,,,菲尔-兹埃夫埃恩布埃尔格埃恩
1917,Wang Zhi-zhi,Dallas Mavericks|LA Clippers|Miami Heat,DAL|LAC|MIA,王治郅
678,George Zidek,Charlotte Hornets|Denver Nuggets|Oklahoma City Thunder,CHA|DEN|OKC,乔治-兹伊德埃克
1642911,Rocco Zikarsky,,,罗克科-齐卡尔斯克伊
2583,Derrick Zimmerman,,,德里克-兹伊姆姆埃尔曼
1627757,Stephen Zimmerman,,,斯蒂芬-兹伊姆姆埃尔曼
1627835,Paul Zipser,Chicago Bulls,CHI,保罗-齐普塞尔
1627790,Ante Zizic,Cleveland Cavaliers,CLE,安特-日日奇
78647,Jim Zoet,,,吉姆-佐特
78648,Bill Zopf,,,比尔-佐普夫
1627826,Ivica Zubac,Los Angeles Lakers|LA Clippers|Indiana Pacers,LAL|LAC|IND,伊维察-祖巴茨
78650,Matt Zunic,,,马特-兹乌恩伊克
1641783,Tristan da Silva,Orlando Magic,ORL,特里斯坦-达-西尔瓦
1628427,Vlatko Čančar,Denver Nuggets,DEN,夫拉特科-卡恩卡尔
1629071,LiAngelo Ball,,,尔伊阿恩埃尔奥-布阿尔尔
1631234,Marcus Bingham Jr.,,,马库斯-布伊恩赫阿姆
1631122,Gabe Brown,,,格阿布埃-布朗
1631347,Anthony Duruji,,,安东尼-德乌尔乌杰伊
1631300,Drake Jeffries,,,德雷克-杰埃弗弗尔伊斯
1630588,Makur Maker,,,姆阿克乌尔-姆阿克
1630627,Isaiah Miller,,,以赛亚-米勒
1626122,Makhtar N'diaye,Memphis Grizzlies,MEM,姆阿克赫特阿尔-恩'德伊阿伊埃
1630321,Nate Pierre-Louis,,,内特-普伊埃尔尔埃-尔奥乌伊斯
