编号,英文名,效力球队(全称),效力球队(缩写),中文译名
76001,Alaa Abdelnaby,Portland Trail Blazers|Milwaukee Bucks|Boston Celtics|Sacramento Kings|Philadelphia 76ers,POR|MIL|BOS|SAC|PHI,
76002,Zaid Abdul-Aziz,Milwaukee Bucks|Sacramento Kings|Oklahoma City Thunder|Houston Rockets|LA Clippers|Boston Celtics,MIL|SAC|OKC|HOU|LAC|BOS,
76003,Kareem Abdul-Jabbar,Milwaukee Bucks|Los Angeles Lakers,MIL|LAL,
51,Mahmoud Abdul-Rauf,Denver Nuggets|Sacramento Kings|Memphis Grizzlies,DEN|SAC|MEM,
1505,Tariq Abdul-Wahad,Sacramento Kings|Orlando Magic|Denver Nuggets|Dallas Mavericks,SAC|ORL|DEN|DAL,
949,Shareef Abdur-Rahim,Memphis Grizzlies|Atlanta Hawks|Portland Trail Blazers|Sacramento Kings,MEM|ATL|POR|SAC,
76005,Tom Abernethy,Los Angeles Lakers|Golden State Warriors|Indiana Pacers,LAL|GSW|IND,
203518,Alex Abrines,Oklahoma City Thunder,OKC,
1630173,Precious Achiuwa,Miami Heat|Toronto Raptors|New York Knicks|Sacramento Kings,MIA|TOR|NYK|SAC,
101165,Alex Acker,Detroit Pistons|LA Clippers,DET|LAC,
76009,Mark Acres,Boston Celtics|Orlando Magic|Houston Rockets|Washington Wizards,BOS|ORL|HOU|WAS,
203112,Quincy Acy,Toronto Raptors|Sacramento Kings|New York Knicks|Dallas Mavericks|Brooklyn Nets|Phoenix Suns,TOR|SAC|NYK|DAL|BKN|PHX,
76011,Alvan Adams,Phoenix Suns,PHX,
76012,Don Adams,Houston Rockets|Atlanta Hawks|Detroit Pistons|LA Clippers,HOU|ATL|DET|LAC,
200801,Hassan Adams,Brooklyn Nets|Toronto Raptors,BKN|TOR,
1629121,Jaylen Adams,Atlanta Hawks|Milwaukee Bucks,ATL|MIL,
203919,Jordan Adams,Memphis Grizzlies,MEM,
149,Michael Adams,Sacramento Kings|Washington Wizards|Denver Nuggets|Charlotte Hornets,SAC|WAS|DEN|CHA,
203500,Steven Adams,Oklahoma City Thunder|New Orleans Pelicans|Memphis Grizzlies|Houston Rockets,OKC|NOP|MEM|HOU,
912,Rafael Addison,Phoenix Suns|Brooklyn Nets|Detroit Pistons|Charlotte Hornets,PHX|BKN|DET|CHA,
1628389,Bam Adebayo,Miami Heat,MIA,
76015,Rick Adelman,Houston Rockets|Portland Trail Blazers|Chicago Bulls|Utah Jazz|Sacramento Kings,HOU|POR|CHI|UTA|SAC,
202399,Jeff Adrien,Golden State Warriors|Houston Rockets|Charlotte Hornets|Milwaukee Bucks|Minnesota Timberwolves,GSW|HOU|CHA|MIL|MIN,
201167,Arron Afflalo,Detroit Pistons|Denver Nuggets|Orlando Magic|Portland Trail Blazers|New York Knicks|Sacramento Kings,DET|DEN|ORL|POR|NYK|SAC,
1630534,Ochai Agbaji,Utah Jazz|Toronto Raptors|Brooklyn Nets,UTA|TOR|BKN,
200772,Maurice Ager,Dallas Mavericks|Brooklyn Nets|Minnesota Timberwolves,DAL|BKN|MIN,
76016,Mark Aguirre,Dallas Mavericks|Detroit Pistons|LA Clippers,DAL|DET|LAC,
201336,Blake Ahearn,Miami Heat|San Antonio Spurs|Utah Jazz,MIA|SAS|UTA,
76017,Danny Ainge,Boston Celtics|Sacramento Kings|Portland Trail Blazers|Phoenix Suns,BOS|SAC|POR|PHX,
201582,Alexis Ajinca,Charlotte Hornets|Dallas Mavericks|Toronto Raptors|New Orleans Pelicans,CHA|DAL|TOR|NOP,
76018,Henry Akin,New York Knicks|Oklahoma City Thunder,NYK|OKC,
202374,Solomon Alabi,Toronto Raptors,TOR,
76019,Mark Alarie,Denver Nuggets|Washington Wizards,DEN|WAS,
76020,Gary Alcorn,Detroit Pistons|Los Angeles Lakers,DET|LAL,
1630583,Santi Aldama,Memphis Grizzlies,MEM,
202332,Cole Aldrich,Oklahoma City Thunder|Houston Rockets|Sacramento Kings|New York Knicks|LA Clippers|Minnesota Timberwolves,OKC|HOU|SAC|NYK|LAC|MIN,
200746,LaMarcus Aldridge,Portland Trail Blazers|San Antonio Spurs|Brooklyn Nets,POR|SAS|BKN,
724,Cory Alexander,San Antonio Spurs|Denver Nuggets|Orlando Magic|Charlotte Hornets,SAS|DEN|ORL|CHA,
2042,Courtney Alexander,Dallas Mavericks|Washington Wizards|New Orleans Pelicans,DAL|WAS|NOP,
76022,Gary Alexander,Miami Heat|Cleveland Cavaliers,MIA|CLE,
201570,Joe Alexander,Milwaukee Bucks|Chicago Bulls,MIL|CHI,
1641725,Trey Alexander,Denver Nuggets|New Orleans Pelicans,DEN|NOP,
2349,Victor Alexander,Golden State Warriors|Detroit Pistons,GSW|DET,
1629638,Nickeil Alexander-Walker,New Orleans Pelicans|Utah Jazz|Minnesota Timberwolves|Atlanta Hawks,NOP|UTA|MIN|ATL,
76024,Steve Alford,Dallas Mavericks|Golden State Warriors,DAL|GSW,
1628960,Grayson Allen,Utah Jazz|Memphis Grizzlies|Milwaukee Bucks|Phoenix Suns,UTA|MEM|MIL|PHX,
1628386,Jarrett Allen,Brooklyn Nets|Cleveland Cavaliers,BKN|CLE,
706,Jerome Allen,Minnesota Timberwolves|Indiana Pacers|Denver Nuggets,MIN|IND|DEN,
1628443,Kadeem Allen,Boston Celtics|New York Knicks,BOS|NYK,
202730,Lavoy Allen,Philadelphia 76ers|Indiana Pacers,PHI|IND,
76027,Lucius Allen,Oklahoma City Thunder|Milwaukee Bucks|Los Angeles Lakers|Sacramento Kings,OKC|MIL|LAL|SAC,
2124,Malik Allen,Miami Heat|Charlotte Hornets|Chicago Bulls|Brooklyn Nets|Dallas Mavericks|Milwaukee Bucks|Denver Nuggets|Orlando Magic,MIA|CHA|CHI|BKN|DAL|MIL|DEN|ORL,
76025,Randy Allen,Sacramento Kings,SAC,
951,Ray Allen,Milwaukee Bucks|Oklahoma City Thunder|Boston Celtics|Miami Heat,MIL|OKC|BOS|MIA,
2754,Tony Allen,Boston Celtics|Memphis Grizzlies|New Orleans Pelicans,BOS|MEM|NOP,
201165,Morris Almond,Utah Jazz|Washington Wizards,UTA|WAS,
308,Derrick Alston,Philadelphia 76ers|Atlanta Hawks,PHI|ATL,
1747,Rafer Alston,Milwaukee Bucks|Toronto Raptors|Miami Heat|Houston Rockets|Orlando Magic|Brooklyn Nets,MIL|TOR|MIA|HOU|ORL|BKN,
1630631,Jose Alvarado,New Orleans Pelicans|New York Knicks,NOP|NYK,
680,John Amaechi,Cleveland Cavaliers|Orlando Magic|Utah Jazz,CLE|ORL|UTA,
732,Ashraf Amaya,Memphis Grizzlies|Washington Wizards,MEM|WAS,
202329,Al-Farouq Aminu,LA Clippers|New Orleans Pelicans|Dallas Mavericks|Portland Trail Blazers|Orlando Magic|Chicago Bulls,LAC|NOP|DAL|POR|ORL|CHI,
200811,Lou Amundson,Utah Jazz|Philadelphia 76ers|Phoenix Suns|Golden State Warriors|Indiana Pacers|Minnesota Timberwolves|Chicago Bulls|New Orleans Pelicans|Cleveland Cavaliers|New York Knicks,UTA|PHI|PHX|GSW|IND|MIN|CHI|NOP|CLE|NYK,
2365,Chris Andersen,Denver Nuggets|New Orleans Pelicans|Miami Heat|Memphis Grizzlies|Cleveland Cavaliers,DEN|NOP|MIA|MEM|CLE,
2431,David Andersen,Houston Rockets|Toronto Raptors|New Orleans Pelicans,HOU|TOR|NOP,
101187,Alan Anderson,Charlotte Hornets|Toronto Raptors|Brooklyn Nets|Washington Wizards|LA Clippers,CHA|TOR|BKN|WAS|LAC,
76035,Cliff Anderson,Los Angeles Lakers|Cleveland Cavaliers|Philadelphia 76ers,LAL|CLE|PHI,
76036,Daniel Anderson,Portland Trail Blazers,POR,
1507,Derek Anderson,Cleveland Cavaliers|LA Clippers|San Antonio Spurs|Portland Trail Blazers|Houston Rockets|Miami Heat|Charlotte Hornets,CLE|LAC|SAS|POR|HOU|MIA|CHA,
944,Eric Anderson,New York Knicks,NYK,
246,Greg Anderson,San Antonio Spurs|Milwaukee Bucks|Brooklyn Nets|Denver Nuggets|Detroit Pistons|Atlanta Hawks,SAS|MIL|BKN|DEN|DET|ATL,
202341,James Anderson,San Antonio Spurs|Houston Rockets|Philadelphia 76ers|Sacramento Kings,SAS|HOU|PHI|SAC,
76040,Jerome Anderson,Boston Celtics|Indiana Pacers,BOS|IND,
1626147,Justin Anderson,Dallas Mavericks|Philadelphia 76ers|Atlanta Hawks|Brooklyn Nets|Cleveland Cavaliers|Indiana Pacers,DAL|PHI|ATL|BKN|CLE|IND,
72,Kenny Anderson,Brooklyn Nets|Charlotte Hornets|Portland Trail Blazers|Boston Celtics|Oklahoma City Thunder|New Orleans Pelicans|Indiana Pacers|Atlanta Hawks|LA Clippers,BKN|CHA|POR|BOS|OKC|NOP|IND|ATL|LAC,
203937,Kyle Anderson,San Antonio Spurs|Memphis Grizzlies|Minnesota Timberwolves|Golden State Warriors|Miami Heat|Utah Jazz,SAS|MEM|MIN|GSW|MIA|UTA,
76043,Mitchell Anderson,Philadelphia 76ers|Utah Jazz,PHI|UTA,
98,Nick Anderson,Orlando Magic|Sacramento Kings|Memphis Grizzlies,ORL|SAC|MEM,
76045,Richard Anderson,LA Clippers|Denver Nuggets|Houston Rockets|Portland Trail Blazers|Charlotte Hornets,LAC|DEN|HOU|POR|CHA,
76046,Ron Anderson,Cleveland Cavaliers|Indiana Pacers|Philadelphia 76ers|Brooklyn Nets|Washington Wizards,CLE|IND|PHI|BKN|WAS,
201583,Ryan Anderson,Brooklyn Nets|Orlando Magic|New Orleans Pelicans|Houston Rockets|Phoenix Suns|Miami Heat,BKN|ORL|NOP|HOU|PHX|MIA,
1000,Shandon Anderson,Utah Jazz|Houston Rockets|New York Knicks|Miami Heat,UTA|HOU|NYK|MIA,
335,Willie Anderson,San Antonio Spurs|Toronto Raptors|New York Knicks|Miami Heat,SAS|TOR|NYK|MIA,
1628387,Ike Anigbogu,Indiana Pacers,IND,
76050,Michael Ansley,Orlando Magic|Philadelphia 76ers|Charlotte Hornets,ORL|PHI|CHA,
1512,Chris Anstey,Dallas Mavericks|Chicago Bulls,DAL|CHI,
203507,Giannis Antetokounmpo,Milwaukee Bucks,MIL,
1628961,Kostas Antetokounmpo,Dallas Mavericks|Los Angeles Lakers,DAL|LAL,
203648,Thanasis Antetokounmpo,New York Knicks|Milwaukee Bucks,NYK|MIL,
2546,Carmelo Anthony,Denver Nuggets|New York Knicks|Oklahoma City Thunder|Houston Rockets|Portland Trail Blazers|Los Angeles Lakers,DEN|NYK|OKC|HOU|POR|LAL,
1630175,Cole Anthony,Orlando Magic|Milwaukee Bucks,ORL|MIL,
21,Greg Anthony,New York Knicks|Memphis Grizzlies|Oklahoma City Thunder|Portland Trail Blazers|Chicago Bulls|Milwaukee Bucks,NYK|MEM|OKC|POR|CHI|MIL,
201202,Joel Anthony,Miami Heat|Boston Celtics|Detroit Pistons|San Antonio Spurs,MIA|BOS|DET|SAS,
203544,Pero Antic,Atlanta Hawks,ATL,
1628384,OG Anunoby,Toronto Raptors|New York Knicks,TOR|NYK,
2737,Rafael Araujo,Toronto Raptors|Utah Jazz,TOR|UTA,
76054,Nate Archibald,Sacramento Kings|Brooklyn Nets|Boston Celtics|Milwaukee Bucks,SAC|BKN|BOS|MIL,
2425,Robert Archibald,Memphis Grizzlies|Phoenix Suns|Orlando Magic|Toronto Raptors,MEM|PHX|ORL|TOR,
1627853,Ryan Arcidiacono,Chicago Bulls|New York Knicks|Portland Trail Blazers,CHI|NYK|POR,
76055,Jim Ard,Boston Celtics|Chicago Bulls,BOS|CHI,
2240,Gilbert Arenas,Golden State Warriors|Washington Wizards|Orlando Magic|Memphis Grizzlies,GSW|WAS|ORL|MEM,
2772,Trevor Ariza,New York Knicks|Orlando Magic|Los Angeles Lakers|Houston Rockets|New Orleans Pelicans|Washington Wizards|Phoenix Suns|Sacramento Kings|Portland Trail Blazers|Miami Heat,NYK|ORL|LAL|HOU|NOP|WAS|PHX|SAC|POR|MIA,
76056,Paul Arizin,Golden State Warriors,GSW,
769,B.J. Armstrong,Chicago Bulls|Golden State Warriors|Charlotte Hornets|Orlando Magic,CHI|GSW|CHA|ORL,
2220,Brandon Armstrong,Brooklyn Nets,BKN,
353,Darrell Armstrong,Orlando Magic|New Orleans Pelicans|Dallas Mavericks|Indiana Pacers|Brooklyn Nets,ORL|NOP|DAL|IND|BKN,
200756,Hilton Armstrong,New Orleans Pelicans|Sacramento Kings|Houston Rockets|Washington Wizards|Atlanta Hawks|Golden State Warriors,NOP|SAC|HOU|WAS|ATL|GSW,
76060,Paul Armstrong,Detroit Pistons,DET,
76059,Tate Armstrong,Chicago Bulls,CHI,
76063,Jay Arnette,Sacramento Kings,SAC,
2306,Carlos Arroyo,Toronto Raptors|Denver Nuggets|Utah Jazz|Detroit Pistons|Orlando Magic|Miami Heat|Boston Celtics,TOR|DEN|UTA|DET|ORL|MIA|BOS,
201589,Darrell Arthur,Memphis Grizzlies|Denver Nuggets,MEM|DEN,
201600,Omer Asik,Chicago Bulls|Houston Rockets|New Orleans Pelicans,CHI|HOU|NOP,
355,Vincent Askew,Philadelphia 76ers|Golden State Warriors|Sacramento Kings|Oklahoma City Thunder|Brooklyn Nets|Indiana Pacers|Denver Nuggets|Portland Trail Blazers,PHI|GSW|SAC|OKC|BKN|IND|DEN|POR,
173,Keith Askins,Miami Heat,MIA,
76069,Richard Atha,New York Knicks|Detroit Pistons,NYK|DET,
1088,Chucky Atkins,Orlando Magic|Detroit Pistons|Boston Celtics|Los Angeles Lakers|Washington Wizards|Memphis Grizzlies|Denver Nuggets|Oklahoma City Thunder,ORL|DET|BOS|LAL|WAS|MEM|DEN|OKC,
76070,Alvin Attles,Golden State Warriors,GSW,
278,Stacey Augmon,Atlanta Hawks|Detroit Pistons|Portland Trail Blazers|Charlotte Hornets|New Orleans Pelicans|Orlando Magic,ATL|DET|POR|CHA|NOP|ORL,
201571,D.J. Augustin,Charlotte Hornets|Indiana Pacers|Toronto Raptors|Chicago Bulls|Detroit Pistons|Oklahoma City Thunder|Denver Nuggets|Orlando Magic|Milwaukee Bucks|Houston Rockets|Los Angeles Lakers,CHA|IND|TOR|CHI|DET|OKC|DEN|ORL|MIL|HOU|LAL,
200788,James Augustine,Orlando Magic,ORL,
1134,Ike Austin,Utah Jazz|Philadelphia 76ers|Miami Heat|LA Clippers|Orlando Magic|Washington Wizards|Memphis Grizzlies,UTA|PHI|MIA|LAC|ORL|WAS|MEM,
1630166,Deni Avdija,Washington Wizards|Portland Trail Blazers,WAS|POR,
138,Anthony Avent,Milwaukee Bucks|Orlando Magic|Memphis Grizzlies|Utah Jazz|LA Clippers,MIL|ORL|MEM|UTA|LAC,
76076,William Averitt,LA Clippers|Brooklyn Nets,LAC|BKN,
1895,William Avery,Minnesota Timberwolves,MIN,
76078,Dennis Awtrey,Philadelphia 76ers|Chicago Bulls|Phoenix Suns|Boston Celtics|Oklahoma City Thunder|Portland Trail Blazers,PHI|CHI|PHX|BOS|OKC|POR,
202970,Gustavo Ayon,New Orleans Pelicans|Orlando Magic|Milwaukee Bucks|Atlanta Hawks,NOP|ORL|MIL|ATL,
201965,Jeff Ayres,Portland Trail Blazers|Indiana Pacers|San Antonio Spurs|LA Clippers,POR|IND|SAS|LAC,
1629028,Deandre Ayton,Phoenix Suns|Portland Trail Blazers|Los Angeles Lakers,PHX|POR|LAL,
101235,Kelenna Azubuike,Golden State Warriors|Dallas Mavericks,GSW|DAL,
1628962,Udoka Azubuike,Utah Jazz|Phoenix Suns,UTA|PHX,
202337,Luke Babbitt,Portland Trail Blazers|New Orleans Pelicans|Miami Heat|Atlanta Hawks,POR|NOP|MIA|ATL,
76079,Milos Babic,Cleveland Cavaliers|Miami Heat,CLE|MIA,
1628407,Dwayne Bacon,Charlotte Hornets|Orlando Magic,CHA|ORL,
76081,Jim Baechtold,New York Knicks,NYK,
2053,Dalibor Bagaric,Chicago Bulls,CHI,
76082,John Bagley,Cleveland Cavaliers|Brooklyn Nets|Boston Celtics|Atlanta Hawks,CLE|BKN|BOS|ATL,
1628963,Marvin Bagley III,Sacramento Kings|Detroit Pistons|Washington Wizards|Memphis Grizzlies|Dallas Mavericks,SAC|DET|WAS|MEM|DAL,
76083,Gus Bailey,Houston Rockets|Utah Jazz|Washington Wizards,HOU|UTA|WAS,
76085,James Bailey,Oklahoma City Thunder|Brooklyn Nets|Houston Rockets|New York Knicks|Phoenix Suns,OKC|BKN|HOU|NYK|PHX,
1847,Thurl Bailey,Utah Jazz|Minnesota Timberwolves,UTA|MIN,
1753,Toby Bailey,Phoenix Suns,PHX,
203946,Cameron Bairstow,Chicago Bulls,CHI,
2486,Maurice Baker,LA Clippers|Portland Trail Blazers,LAC|POR,
1627758,Ron Baker,New York Knicks|Washington Wizards,NYK|WAS,
452,Vin Baker,Milwaukee Bucks|Oklahoma City Thunder|Boston Celtics|New York Knicks|Houston Rockets|LA Clippers,MIL|OKC|BOS|NYK|HOU|LAC,
1627735,Wade Baldwin IV,Memphis Grizzlies|Portland Trail Blazers,MEM|POR,
1631116,Patrick Baldwin Jr.,Golden State Warriors|Washington Wizards|LA Clippers|Philadelphia 76ers|Sacramento Kings,GSW|WAS|LAC|PHI|SAC,
200764,Renaldo Balkman,New York Knicks|Denver Nuggets,NYK|DEN,
1630163,LaMelo Ball,Charlotte Hornets,CHA,
1628366,Lonzo Ball,Los Angeles Lakers|New Orleans Pelicans|Chicago Bulls|Cleveland Cavaliers,LAL|NOP|CHI|CLE,
76091,Greg Ballard,Washington Wizards|Golden State Warriors|Oklahoma City Thunder,WAS|GSW|OKC,
1628964,Mo Bamba,Orlando Magic|Los Angeles Lakers|Philadelphia 76ers|LA Clippers|New Orleans Pelicans|Toronto Raptors|Utah Jazz,ORL|LAL|PHI|LAC|NOP|TOR|UTA,
1631094,Paolo Banchero,Orlando Magic,ORL,
1630217,Desmond Bane,Memphis Grizzlies|Orlando Magic,MEM|ORL,
76093,Gene Banks,San Antonio Spurs|Chicago Bulls,SAS|CHI,
2556,Marcus Banks,Boston Celtics|Minnesota Timberwolves|Phoenix Suns|Miami Heat|Toronto Raptors,BOS|MIN|PHX|MIA|TOR,
76094,Ken Bannister,New York Knicks|LA Clippers,NYK|LAC,
76095,Mike Bantom,Phoenix Suns|Oklahoma City Thunder|Brooklyn Nets|Indiana Pacers|Philadelphia 76ers,PHX|OKC|BKN|IND|PHI,
1630625,Dalano Banton,Toronto Raptors|Boston Celtics|Portland Trail Blazers|LA Clippers,TOR|BOS|POR|LAC,
2571,Leandro Barbosa,Phoenix Suns|Toronto Raptors|Indiana Pacers|Boston Celtics|Golden State Warriors,PHX|TOR|IND|BOS|GSW,
76097,Stephen Bardo,San Antonio Spurs|Dallas Mavericks|Detroit Pistons,SAS|DAL|DET,
200826,J.J. Barea,Dallas Mavericks|Minnesota Timberwolves,DAL|MIN,
200745,Andrea Bargnani,Toronto Raptors|New York Knicks|Brooklyn Nets,TOR|NYK|BKN,
76099,Tom Barker,Atlanta Hawks|Houston Rockets|Boston Celtics|New York Knicks,ATL|HOU|BOS|NYK,
787,Charles Barkley,Philadelphia 76ers|Phoenix Suns|Houston Rockets,PHI|PHX|HOU,
2057,Erick Barkley,Portland Trail Blazers,POR,
76102,Don Barksdale,Boston Celtics,BOS,
1631230,Dominick Barlow,San Antonio Spurs|Atlanta Hawks|Philadelphia 76ers,SAS|ATL|PHI,
203084,Harrison Barnes,Golden State Warriors|Dallas Mavericks|Sacramento Kings|San Antonio Spurs,GSW|DAL|SAC|SAS,
76105,Jim Barnes,New York Knicks|Washington Wizards|Los Angeles Lakers|Chicago Bulls|Boston Celtics,NYK|WAS|LAL|CHI|BOS,
76104,Marvin Barnes,Detroit Pistons|LA Clippers|Boston Celtics,DET|LAC|BOS,
2440,Matt Barnes,LA Clippers|Sacramento Kings|New York Knicks|Philadelphia 76ers|Golden State Warriors|Phoenix Suns|Orlando Magic|Los Angeles Lakers|Memphis Grizzlies,LAC|SAC|NYK|PHI|GSW|PHX|ORL|LAL|MEM,
1630567,Scottie Barnes,Toronto Raptors,TOR,
76107,Dick Barnett,Philadelphia 76ers|Los Angeles Lakers|New York Knicks,PHI|LAL|NYK,
76106,Jim Barnett,Boston Celtics|Houston Rockets|Portland Trail Blazers|Golden State Warriors|New York Knicks|Utah Jazz|Philadelphia 76ers,BOS|HOU|POR|GSW|NYK|UTA|PHI,
76108,John Barnhill,Atlanta Hawks|Detroit Pistons|Washington Wizards|Houston Rockets,ATL|DET|WAS|HOU,
76110,Leo Barnhorst,Detroit Pistons,DET,
2857,Andre Barrett,Houston Rockets|Orlando Magic|Phoenix Suns|Toronto Raptors|Chicago Bulls|LA Clippers,HOU|ORL|PHX|TOR|CHI|LAC,
76114,Ernie Barrett,Boston Celtics,BOS,
1629628,RJ Barrett,New York Knicks|Toronto Raptors,NYK|TOR,
2853,Earl Barron,Miami Heat|New York Knicks|Phoenix Suns|Milwaukee Bucks|Portland Trail Blazers|Golden State Warriors|Washington Wizards,MIA|NYK|PHX|MIL|POR|GSW|WAS,
344,Dana Barros,Oklahoma City Thunder|Philadelphia 76ers|Boston Celtics|Detroit Pistons,OKC|PHI|BOS|DET,
699,Brent Barry,LA Clippers|Miami Heat|Chicago Bulls|Oklahoma City Thunder|San Antonio Spurs|Houston Rockets,LAC|MIA|CHI|OKC|SAS|HOU,
1003,Drew Barry,Atlanta Hawks|Oklahoma City Thunder|Golden State Warriors,ATL|OKC|GSW,
468,Jon Barry,Milwaukee Bucks|Golden State Warriors|Atlanta Hawks|Los Angeles Lakers|Sacramento Kings|Detroit Pistons|Denver Nuggets|Houston Rockets,MIL|GSW|ATL|LAL|SAC|DET|DEN|HOU,
600013,Rick Barry,Golden State Warriors|Houston Rockets,GSW|HOU,
76117,Ed Bartels,New York Knicks,NYK,
203115,Will Barton,Portland Trail Blazers|Denver Nuggets|Washington Wizards|Toronto Raptors,POR|DEN|WAS|TOR,
101138,Brandon Bass,New Orleans Pelicans|Dallas Mavericks|Orlando Magic|Boston Celtics|Los Angeles Lakers|LA Clippers,NOP|DAL|ORL|BOS|LAL|LAC,
76120,Tim Bassett,Brooklyn Nets|San Antonio Spurs,BKN|SAS,
1629646,Charles Bassey,Philadelphia 76ers|San Antonio Spurs|Memphis Grizzlies|Boston Celtics|Golden State Warriors,PHI|SAS|MEM|BOS|GSW,
1766,Maceo Baston,Toronto Raptors|Indiana Pacers,TOR|IND,
2370,Mengke Bateer,Denver Nuggets|San Antonio Spurs|Toronto Raptors,DEN|SAS|TOR,
76121,Billyray Bates,Portland Trail Blazers|Washington Wizards|Los Angeles Lakers,POR|WAS|LAL,
1641734,Emoni Bates,Cleveland Cavaliers,CLE,
1628966,Keita Bates-Diop,Minnesota Timberwolves|Denver Nuggets|San Antonio Spurs|Phoenix Suns|Brooklyn Nets,MIN|DEN|SAS|PHX|BKN,
101212,Esteban Batista,Atlanta Hawks,ATL,
1499,Tony Battie,Denver Nuggets|Boston Celtics|Cleveland Cavaliers|Orlando Magic|Brooklyn Nets|Philadelphia 76ers,DEN|BOS|CLE|ORL|BKN|PHI,
2203,Shane Battier,Memphis Grizzlies|Houston Rockets|Miami Heat,MEM|HOU|MIA,
1642419,Jamison Battle,Toronto Raptors,TOR,
174,John Battle,Atlanta Hawks|Cleveland Cavaliers,ATL|CLE,
76123,Kenny Battle,Phoenix Suns|Denver Nuggets|Boston Celtics|Golden State Warriors,PHX|DEN|BOS|GSW,
76124,Dave Batton,Washington Wizards|San Antonio Spurs,WAS|SAS,
201587,Nicolas Batum,Portland Trail Blazers|Charlotte Hornets|LA Clippers|Philadelphia 76ers,POR|CHA|LAC|PHI,
76125,Johnny Baum,Chicago Bulls,CHI,
2437,Lonny Baxter,Chicago Bulls|Toronto Raptors|Washington Wizards|New Orleans Pelicans|Houston Rockets|Charlotte Hornets,CHI|TOR|WAS|NOP|HOU|CHA,
201573,Jerryd Bayless,Portland Trail Blazers|New Orleans Pelicans|Toronto Raptors|Memphis Grizzlies|Boston Celtics|Milwaukee Bucks|Philadelphia 76ers|Minnesota Timberwolves,POR|NOP|TOR|MEM|BOS|MIL|PHI|MIN,
76127,Elgin Baylor,Los Angeles Lakers,LAL,
203382,Aron Baynes,San Antonio Spurs|Detroit Pistons|Boston Celtics|Phoenix Suns|Toronto Raptors,SAS|DET|BOS|PHX|TOR,
203145,Kent Bazemore,Golden State Warriors|Los Angeles Lakers|Atlanta Hawks|Portland Trail Blazers|Sacramento Kings,GSW|LAL|ATL|POR|SAC,
1629647,Darius Bazley,Oklahoma City Thunder|Phoenix Suns|Philadelphia 76ers|Utah Jazz,OKC|PHX|PHI|UTA,
203078,Bradley Beal,Washington Wizards|Phoenix Suns|LA Clippers,WAS|PHX|LAC,
76130,Butch Beard,Atlanta Hawks|Cleveland Cavaliers|Oklahoma City Thunder|Golden State Warriors|New York Knicks,ATL|CLE|OKC|GSW|NYK,
1627736,Malik Beasley,Denver Nuggets|Minnesota Timberwolves|Utah Jazz|Los Angeles Lakers|Milwaukee Bucks|Detroit Pistons,DEN|MIN|UTA|LAL|MIL|DET,
201563,Michael Beasley,Miami Heat|Minnesota Timberwolves|Phoenix Suns|Houston Rockets|Milwaukee Bucks|New York Knicks|Los Angeles Lakers,MIA|MIN|PHX|HOU|MIL|NYK|LAL,
76133,Zelmo Beaty,Atlanta Hawks|Los Angeles Lakers,ATL|LAL,
201958,Rodrigue Beaubois,Dallas Mavericks,DAL,
1630699,MarJon Beauchamp,Milwaukee Bucks|LA Clippers|New York Knicks|Philadelphia 76ers,MIL|LAC|NYK|PHI,
1133,Corey Beck,Charlotte Hornets|Detroit Pistons,CHA|DET,
76136,Ernie Beck,Golden State Warriors|Atlanta Hawks,GSW|ATL,
76137,Moe Becker,Boston Celtics,BOS,
76138,William Bedford,Phoenix Suns|Detroit Pistons|San Antonio Spurs,PHX|DET|SAS,
1641736,Reece Beekman,Golden State Warriors|Brooklyn Nets,GSW|BKN,
76139,Hank Beenders,Golden State Warriors|Boston Celtics,GSW|BOS,
76140,Ron Behagen,Sacramento Kings|Utah Jazz|Atlanta Hawks|Houston Rockets|Indiana Pacers|Detroit Pistons|New York Knicks|Washington Wizards,SAC|UTA|ATL|HOU|IND|DET|NYK|WAS,
201158,Marco Belinelli,Golden State Warriors|Toronto Raptors|New Orleans Pelicans|Chicago Bulls|San Antonio Spurs|Sacramento Kings|Charlotte Hornets|Atlanta Hawks|Philadelphia 76ers,GSW|TOR|NOP|CHI|SAS|SAC|CHA|ATL|PHI,
2294,Charlie Bell,Phoenix Suns|Dallas Mavericks|Milwaukee Bucks|Golden State Warriors,PHX|DAL|MIL|GSW,
76142,Dennis Bell,New York Knicks,NYK,
1628395,Jordan Bell,Golden State Warriors|Minnesota Timberwolves|Memphis Grizzlies|Washington Wizards|Chicago Bulls,GSW|MIN|MEM|WAS|CHI,
1952,Raja Bell,Philadelphia 76ers|Dallas Mavericks|Utah Jazz|Phoenix Suns|Charlotte Hornets|Golden State Warriors,PHI|DAL|UTA|PHX|CHA|GSW,
76143,William Bell,New York Knicks,NYK,
76144,Walt Bellamy,Washington Wizards|New York Knicks|Detroit Pistons|Atlanta Hawks|Utah Jazz,WAS|NYK|DET|ATL|UTA,
1627761,DeAndre' Bembry,Atlanta Hawks|Toronto Raptors|Brooklyn Nets|Milwaukee Bucks,ATL|TOR|BKN|MIL,
76145,Irv Bemoras,Atlanta Hawks,ATL,
76146,Leon Benbow,Chicago Bulls,CHI,
1627733,Dragan Bender,Phoenix Suns|Milwaukee Bucks|Golden State Warriors,PHX|MIL|GSW,
1886,Jonathan Bender,Indiana Pacers|New York Knicks,IND|NYK,
104,Benoit Benjamin,LA Clippers|Oklahoma City Thunder|Los Angeles Lakers|Brooklyn Nets|Memphis Grizzlies|Milwaukee Bucks|Toronto Raptors|Philadelphia 76ers|Cleveland Cavaliers,LAC|OKC|LAL|BKN|MEM|MIL|TOR|PHI|CLE,
1736,Corey Benjamin,Chicago Bulls|Atlanta Hawks,CHI|ATL,
203461,Anthony Bennett,Cleveland Cavaliers|Minnesota Timberwolves|Toronto Raptors|Brooklyn Nets,CLE|MIN|TOR|BKN,
1120,Elmer Bennett,Cleveland Cavaliers|Philadelphia 76ers|Houston Rockets|Denver Nuggets,CLE|PHI|HOU|DEN,
712,Mario Bennett,Phoenix Suns|Los Angeles Lakers|Chicago Bulls|LA Clippers,PHX|LAL|CHI|LAC,
76151,Mel Bennett,Indiana Pacers|Utah Jazz|Cleveland Cavaliers,IND|UTA|CLE,
76148,Tony Bennett,Charlotte Hornets,CHA,
76152,Winston Bennett,Cleveland Cavaliers|Miami Heat,CLE|MIA,
128,David Benoit,Utah Jazz|Brooklyn Nets|Orlando Magic,UTA|BKN|ORL,
76154,Kent Benson,Milwaukee Bucks|Detroit Pistons|Utah Jazz|Cleveland Cavaliers,MIL|DET|UTA|CLE,
76158,Walter Berry,Portland Trail Blazers|San Antonio Spurs|Brooklyn Nets|Houston Rockets,POR|SAS|BKN|HOU,
202722,Davis Bertans,San Antonio Spurs|Washington Wizards|Dallas Mavericks|Oklahoma City Thunder|Charlotte Hornets,SAS|WAS|DAL|OKC|CHA,
76159,Del Beshore,Milwaukee Bucks|Chicago Bulls,MIL|CHI,
696,Travis Best,Indiana Pacers|Chicago Bulls|Miami Heat|Dallas Mavericks|Brooklyn Nets,IND|CHI|MIA|DAL|BKN,
201976,Patrick Beverley,Houston Rockets|LA Clippers|Minnesota Timberwolves|Los Angeles Lakers|Chicago Bulls|Philadelphia 76ers|Milwaukee Bucks,HOU|LAC|MIN|LAL|CHI|PHI|MIL,
1630180,Saddiq Bey,Detroit Pistons|Atlanta Hawks|New Orleans Pelicans,DET|ATL|NOP,
76160,Al Bianchi,Philadelphia 76ers,PHI,
76162,Henry Bibby,New York Knicks|Utah Jazz|Philadelphia 76ers|LA Clippers,NYK|UTA|PHI|LAC,
1710,Mike Bibby,Memphis Grizzlies|Sacramento Kings|Atlanta Hawks|Washington Wizards|Miami Heat|New York Knicks,MEM|SAC|ATL|WAS|MIA|NYK,
2740,Andris Biedrins,Golden State Warriors|Utah Jazz,GSW|UTA,
76165,Bob Bigelow,Sacramento Kings|Boston Celtics|LA Clippers,SAC|BOS|LAC,
1497,Chauncey Billups,Boston Celtics|Toronto Raptors|Denver Nuggets|Minnesota Timberwolves|Detroit Pistons|New York Knicks|LA Clippers,BOS|TOR|DEN|MIN|DET|NYK|LAC,
76166,Dave Bing,Detroit Pistons|Washington Wizards|Boston Celtics,DET|WAS|BOS,
203920,Khem Birch,Orlando Magic|Toronto Raptors,ORL|TOR,
1449,Larry Bird,Boston Celtics,BOS,
76170,Otis Birdsong,Sacramento Kings|Brooklyn Nets|Boston Celtics,SAC|BKN|BOS,
1629048,Goga Bitadze,Indiana Pacers|Orlando Magic,IND|ORL,
202687,Bismack Biyombo,Charlotte Hornets|Toronto Raptors|Orlando Magic|Phoenix Suns|Memphis Grizzlies|Oklahoma City Thunder|San Antonio Spurs,CHA|TOR|ORL|PHX|MEM|OKC|SAS,
202357,Nemanja Bjelica,Minnesota Timberwolves|Sacramento Kings|Miami Heat|Golden State Warriors,MIN|SAC|MIA|GSW,
76172,Uwe Blab,Dallas Mavericks|Golden State Warriors|San Antonio Spurs,DAL|GSW|SAS,
1641710,Anthony Black,Orlando Magic,ORL,
76173,Charlie Black,Detroit Pistons|Atlanta Hawks,DET|ATL,
1641778,Leaky Black,Charlotte Hornets|Washington Wizards,CHA|WAS,
204028,Tarik Black,Houston Rockets|Los Angeles Lakers,HOU|LAL,
76175,Tom Black,Oklahoma City Thunder|Sacramento Kings,OKC|SAC,
76176,Rolando Blackman,Dallas Mavericks|New York Knicks,DAL|NYK,
1806,James Blackwell,Charlotte Hornets|Boston Celtics,CHA|BOS,
201971,DeJuan Blair,San Antonio Spurs|Dallas Mavericks|Washington Wizards,SAS|DAL|WAS,
2581,Steve Blake,Washington Wizards|Portland Trail Blazers|Milwaukee Bucks|Denver Nuggets|LA Clippers|Los Angeles Lakers|Golden State Warriors|Detroit Pistons,WAS|POR|MIL|DEN|LAC|LAL|GSW|DET,
1628469,Antonio Blakeney,Chicago Bulls,CHI,
76183,Lance Blanks,Detroit Pistons|Minnesota Timberwolves,DET|MIN,
101154,Andray Blatche,Washington Wizards|Brooklyn Nets,WAS|BKN,
302,Mookie Blaylock,Brooklyn Nets|Atlanta Hawks|Golden State Warriors,BKN|ATL|GSW,
202339,Eric Bledsoe,LA Clippers|Phoenix Suns|Milwaukee Bucks|New Orleans Pelicans,LAC|PHX|MIL|NOP,
1629833,Keljin Blevins,Portland Trail Blazers,POR,
76187,John Block,Los Angeles Lakers|Houston Rockets|Milwaukee Bucks|Philadelphia 76ers|Sacramento Kings|Chicago Bulls|Utah Jazz,LAL|HOU|MIL|PHI|SAC|CHI|UTA,
76188,Mike Bloom,Boston Celtics|Los Angeles Lakers,BOS|LAL,
916,Corie Blount,Chicago Bulls|Los Angeles Lakers|Cleveland Cavaliers|Phoenix Suns|Golden State Warriors|Philadelphia 76ers|Toronto Raptors,CHI|LAL|CLE|PHX|GSW|PHI|TOR,
1548,Mark Blount,Boston Celtics|Denver Nuggets|Minnesota Timberwolves|Miami Heat,BOS|DEN|MIN|MIA,
203505,Vander Blue,Boston Celtics|Los Angeles Lakers,BOS|LAL,
76190,Nelson Bobb,Golden State Warriors,GSW,
76191,Arlen Bockhorn,Sacramento Kings,SAC,
1631205,Buddy Boeheim,Detroit Pistons|Oklahoma City Thunder,DET|OKC,
76192,Tom Boerwinkle,Chicago Bulls,CHI,
2586,Keith Bogans,Orlando Magic|Charlotte Hornets|Houston Rockets|Milwaukee Bucks|San Antonio Spurs|Chicago Bulls|Brooklyn Nets|Boston Celtics,ORL|CHA|HOU|MIL|SAS|CHI|BKN|BOS,
202711,Bojan Bogdanovic,Brooklyn Nets|Washington Wizards|Indiana Pacers|Utah Jazz|Detroit Pistons|New York Knicks,BKN|WAS|IND|UTA|DET|NYK,
203992,Bogdan Bogdanovi?,Sacramento Kings|Atlanta Hawks|LA Clippers,SAC|ATL|LAC,
177,Muggsy Bogues,Washington Wizards|Charlotte Hornets|Golden State Warriors|Toronto Raptors,WAS|CHA|GSW|TOR,
101106,Andrew Bogut,Milwaukee Bucks|Golden State Warriors|Dallas Mavericks|Cleveland Cavaliers|Los Angeles Lakers,MIL|GSW|DAL|CLE|LAL,
1564,Etdrick Bohannon,Indiana Pacers|Washington Wizards|New York Knicks|LA Clippers|Cleveland Cavaliers,IND|WAS|NYK|LAC|CLE,
1629626,Bol Bol,Denver Nuggets|Orlando Magic|Phoenix Suns,DEN|ORL|PHX,
76195,Manute Bol,Washington Wizards|Golden State Warriors|Philadelphia 76ers|Miami Heat,WAS|GSW|PHI|MIA,
1628413,Jonah Bolden,Philadelphia 76ers|Phoenix Suns,PHI|PHX,
1629716,Marques Bolden,Cleveland Cavaliers|Milwaukee Bucks|Charlotte Hornets,CLE|MIL|CHA,
1630195,Leandro Bolmaro,Minnesota Timberwolves|Utah Jazz,MIN|UTA,
1627762,Joel Bolomboy,Utah Jazz|Milwaukee Bucks,UTA|MIL,
1641737,Adem Bona,Philadelphia 76ers,PHI,
1603,Walter Bond,Dallas Mavericks|Utah Jazz|Detroit Pistons,DAL|UTA|DET,
1629648,Jordan Bone,Detroit Pistons|Orlando Magic,DET|ORL,
1629067,Isaac Bonga,Los Angeles Lakers|Washington Wizards|Toronto Raptors,LAL|WAS|TOR,
76201,Ron Bonham,Boston Celtics,BOS,
41,Anthony Bonner,Sacramento Kings|New York Knicks|Orlando Magic,SAC|NYK|ORL,
2588,Matt Bonner,Toronto Raptors|San Antonio Spurs,TOR|SAS,
1626164,Devin Booker,Phoenix Suns,PHX,
511,Melvin Booker,Houston Rockets|Denver Nuggets|Golden State Warriors,HOU|DEN|GSW,
202344,Trevor Booker,Washington Wizards|Utah Jazz|Brooklyn Nets|Philadelphia 76ers|Indiana Pacers,WAS|UTA|BKN|PHI|IND,
200767,Josh Boone,Brooklyn Nets,BKN,
76204,Ron Boone,Sacramento Kings|Los Angeles Lakers|Utah Jazz,SAC|LAL|UTA,
1916,Calvin Booth,Washington Wizards|Dallas Mavericks|Oklahoma City Thunder|Milwaukee Bucks|Philadelphia 76ers|Minnesota Timberwolves|Sacramento Kings,WAS|DAL|OKC|MIL|PHI|MIN|SAC,
1522,Keith Booth,Chicago Bulls,CHI,
76206,Bob Boozer,Sacramento Kings|New York Knicks|Los Angeles Lakers|Chicago Bulls|Oklahoma City Thunder|Milwaukee Bucks,SAC|NYK|LAL|CHI|OKC|MIL,
2430,Carlos Boozer,Cleveland Cavaliers|Utah Jazz|Chicago Bulls|Los Angeles Lakers,CLE|UTA|CHI|LAL,
2414,Curtis Borchardt,Utah Jazz,UTA,
76207,Jake Bornheimer,Golden State Warriors,GSW,
76210,Vince Boryla,New York Knicks,NYK,
2547,Chris Bosh,Toronto Raptors|Miami Heat,TOR|MIA,
1630527,Brandon Boston,LA Clippers|New Orleans Pelicans,LAC|NOP,
76213,Tom Boswell,Boston Celtics|Denver Nuggets|Utah Jazz,BOS|DEN|UTA,
1628449,Chris Boucher,Golden State Warriors|Toronto Raptors|Boston Celtics,GSW|TOR|BOS,
1630547,James Bouknight,Charlotte Hornets,CHA,
2257,Ruben Boumtje-Boumtje,Portland Trail Blazers,POR,
1631123,Jamaree Bouyea,Miami Heat|Washington Wizards|Portland Trail Blazers|San Antonio Spurs|Milwaukee Bucks|Phoenix Suns,MIA|WAS|POR|SAS|MIL|PHX,
76214,Don Boven,Atlanta Hawks|Detroit Pistons,ATL|DET,
1898,Cal Bowdler,Atlanta Hawks,ATL,
1477,Bruce Bowen,Miami Heat|Boston Celtics|Philadelphia 76ers|San Antonio Spurs,MIA|BOS|PHI|SAS,
1763,Ryan Bowen,Denver Nuggets|Houston Rockets|New Orleans Pelicans|Oklahoma City Thunder,DEN|HOU|NOP|OKC,
1628968,Brian Bowen II,Indiana Pacers,IND,
194,Anthony Bowie,San Antonio Spurs|Houston Rockets|Orlando Magic|New York Knicks,SAS|HOU|ORL|NYK,
76217,Sam Bowie,Portland Trail Blazers|Brooklyn Nets|Los Angeles Lakers,POR|BKN|LAL,
1085,Ira Bowman,Philadelphia 76ers|Atlanta Hawks,PHI|ATL,
76219,Nate Bowman,Chicago Bulls|New York Knicks|LA Clippers,CHI|NYK|LAC,
671,Donnie Boyce,Atlanta Hawks,ATL,
76222,Fred Boyd,Philadelphia 76ers|Utah Jazz,PHI|UTA,
1863,Earl Boykins,Brooklyn Nets|Cleveland Cavaliers|Orlando Magic|LA Clippers|Golden State Warriors|Denver Nuggets|Milwaukee Bucks|Charlotte Hornets|Washington Wizards|Houston Rockets,BKN|CLE|ORL|LAC|GSW|DEN|MIL|CHA|WAS|HOU,
76224,Harry Boykoff,Atlanta Hawks,ATL,
76225,Winford Boynes,Brooklyn Nets|Dallas Mavericks,BKN|DAL,
76226,Steve Bracey,Atlanta Hawks|Golden State Warriors,ATL|GSW,
202342,Craig Brackins,Philadelphia 76ers,PHI,
76227,Gary Bradds,Washington Wizards,WAS,
76229,Alonzo Bradley,Houston Rockets,HOU,
202340,Avery Bradley,Boston Celtics|Detroit Pistons|LA Clippers|Memphis Grizzlies|Los Angeles Lakers|Miami Heat|Houston Rockets,BOS|DET|LAC|MEM|LAL|MIA|HOU,
76233,Bill Bradley,New York Knicks,NYK,
76230,Charles Bradley,Boston Celtics|Oklahoma City Thunder,BOS|OKC,
76231,Dudley Bradley,Indiana Pacers|Phoenix Suns|Chicago Bulls|Washington Wizards|Milwaukee Bucks|Brooklyn Nets|Atlanta Hawks,IND|PHX|CHI|WAS|MIL|BKN|ATL,
2214,Michael Bradley,Toronto Raptors|Atlanta Hawks|Orlando Magic|Sacramento Kings|Philadelphia 76ers,TOR|ATL|ORL|SAC|PHI,
762,Shawn Bradley,Philadelphia 76ers|Brooklyn Nets|Dallas Mavericks,PHI|BKN|DAL,
1628396,Tony Bradley,Utah Jazz|Philadelphia 76ers|Oklahoma City Thunder|Chicago Bulls|Indiana Pacers|Atlanta Hawks,UTA|PHI|OKC|CHI|IND|ATL,
1765,Torraye Braggs,Houston Rockets|Washington Wizards,HOU|WAS,
76237,Adrian Branch,Los Angeles Lakers|Brooklyn Nets|Portland Trail Blazers|Minnesota Timberwolves,LAL|BKN|POR|MIN,
1882,Elton Brand,Chicago Bulls|LA Clippers|Philadelphia 76ers|Dallas Mavericks|Atlanta Hawks,CHI|LAC|PHI|DAL|ATL,
210,Terrell Brandon,Cleveland Cavaliers|Milwaukee Bucks|Minnesota Timberwolves,CLE|MIL|MIN,
1631103,Malaki Branham,San Antonio Spurs|Washington Wizards,SAS|WAS,
76238,Bob Brannum,Boston Celtics,BOS,
76239,Brad Branson,Cleveland Cavaliers|Indiana Pacers,CLE|IND,
1629714,Jarrell Brantley,Utah Jazz,UTA,
76241,Jim Brasco,Atlanta Hawks|Philadelphia 76ers,ATL|PHI,
76242,Mike Bratz,Phoenix Suns|Cleveland Cavaliers|San Antonio Spurs|Chicago Bulls|Golden State Warriors|Sacramento Kings,PHX|CLE|SAS|CHI|GSW|SAC,
76243,Carl Braun,New York Knicks|Boston Celtics,NYK|BOS,
1631128,Christian Braun,Denver Nuggets,DEN,
1629649,Ignas Brazdeikis,New York Knicks|Philadelphia 76ers|Orlando Magic,NYK|PHI|ORL,
160,Tim Breaux,Houston Rockets|Milwaukee Bucks,HOU|MIL,
2452,J.R. Bremer,Boston Celtics|Cleveland Cavaliers|Golden State Warriors,BOS|CLE|GSW,
76247,Randy Breuer,Milwaukee Bucks|Minnesota Timberwolves|Atlanta Hawks|Sacramento Kings,MIL|MIN|ATL|SAC,
201147,Corey Brewer,Minnesota Timberwolves|Dallas Mavericks|Denver Nuggets|Houston Rockets|Los Angeles Lakers|Oklahoma City Thunder|Philadelphia 76ers|Sacramento Kings,MIN|DAL|DEN|HOU|LAL|OKC|PHI|SAC,
2249,Jamison Brewer,Indiana Pacers|New York Knicks,IND|NYK,
76248,Jim Brewer,Cleveland Cavaliers|Detroit Pistons|Portland Trail Blazers|Los Angeles Lakers,CLE|DET|POR|LAL,
76249,Ron Brewer,Portland Trail Blazers|San Antonio Spurs|Cleveland Cavaliers|Golden State Warriors|Brooklyn Nets|Chicago Bulls,POR|SAS|CLE|GSW|BKN|CHI,
200758,Ronnie Brewer,Utah Jazz|Memphis Grizzlies|Chicago Bulls|New York Knicks|Oklahoma City Thunder|Houston Rockets,UTA|MEM|CHI|NYK|OKC|HOU,
2056,Primoz Brezec,Indiana Pacers|Charlotte Hornets|Detroit Pistons|Toronto Raptors|Philadelphia 76ers|Milwaukee Bucks,IND|CHA|DET|TOR|PHI|MIL,
76250,Frank Brian,Atlanta Hawks|Detroit Pistons,ATL|DET,
783,Frank Brickowski,Oklahoma City Thunder|Los Angeles Lakers|San Antonio Spurs|Milwaukee Bucks|Charlotte Hornets|Boston Celtics,OKC|LAL|SAS|MIL|CHA|BOS,
76252,Junior Bridgeman,Milwaukee Bucks|LA Clippers,MIL|LAC,
76253,Bill Bridges,Atlanta Hawks|Philadelphia 76ers|Los Angeles Lakers|Golden State Warriors,ATL|PHI|LAL|GSW,
1628969,Mikal Bridges,Phoenix Suns|Brooklyn Nets|New York Knicks,PHX|BKN|NYK,
1628970,Miles Bridges,Charlotte Hornets,CHA,
76256,John Brisker,Oklahoma City Thunder,OKC,
1629052,Oshae Brissett,Toronto Raptors|Indiana Pacers|Boston Celtics|Philadelphia 76ers,TOR|IND|BOS|PHI,
76257,Allan Bristow,Philadelphia 76ers|San Antonio Spurs|Utah Jazz|Dallas Mavericks,PHI|SAS|UTA|DAL,
76260,Mike Brittain,San Antonio Spurs,SAS,
201972,Jon Brockman,Sacramento Kings|Milwaukee Bucks,SAC|MIL,
1629151,Ryan Broekhoff,Dallas Mavericks,DAL,
76262,Jim Brogan,LA Clippers,LAC,
1627763,Malcolm Brogdon,Milwaukee Bucks|Indiana Pacers|Boston Celtics|Portland Trail Blazers|Washington Wizards,MIL|IND|BOS|POR|WAS,
76263,Gary Brokaw,Milwaukee Bucks|Cleveland Cavaliers|LA Clippers,MIL|CLE|LAC,
76264,Price Brookfield,Sacramento Kings,SAC,
201166,Aaron Brooks,Houston Rockets|Phoenix Suns|Sacramento Kings|Denver Nuggets|Chicago Bulls|Indiana Pacers|Minnesota Timberwolves,HOU|PHX|SAC|DEN|CHI|IND|MIN,
1629717,Armoni Brooks,Houston Rockets|Toronto Raptors|Brooklyn Nets,HOU|TOR|BKN,
1628415,Dillon Brooks,Memphis Grizzlies|Houston Rockets|Phoenix Suns,MEM|HOU|PHX,
76265,Kevin Brooks,Denver Nuggets,DEN,
202705,MarShon Brooks,Brooklyn Nets|Boston Celtics|Golden State Warriors|Los Angeles Lakers|Memphis Grizzlies,BKN|BOS|GSW|LAL|MEM,
76266,Michael Brooks,LA Clippers|Indiana Pacers|Denver Nuggets,LAC|IND|DEN,
418,Scott Brooks,Philadelphia 76ers|Minnesota Timberwolves|Houston Rockets|Dallas Mavericks|New York Knicks|Cleveland Cavaliers,PHI|MIN|HOU|DAL|NYK|CLE,
2810,Andre Brown,Oklahoma City Thunder|Memphis Grizzlies|Charlotte Hornets,OKC|MEM|CHA,
201628,Bobby Brown,Sacramento Kings|Minnesota Timberwolves|New Orleans Pelicans|LA Clippers|Houston Rockets,SAC|MIN|NOP|LAC|HOU,
1628971,Bruce Brown,Detroit Pistons|Brooklyn Nets|Denver Nuggets|Indiana Pacers|Toronto Raptors|New Orleans Pelicans,DET|BKN|DEN|IND|TOR|NOP,
359,Chucky Brown,Cleveland Cavaliers|Los Angeles Lakers|Brooklyn Nets|Dallas Mavericks|Houston Rockets|Phoenix Suns|Milwaukee Bucks|Atlanta Hawks|Charlotte Hornets|San Antonio Spurs|Golden State Warriors|Sacramento Kings,CLE|LAL|BKN|DAL|HOU|PHX|MIL|ATL|CHA|SAS|GSW|SAC,
2245,Damone Brown,Philadelphia 76ers|Toronto Raptors|Brooklyn Nets|Washington Wizards,PHI|TOR|BKN|WAS,
244,Dee Brown,Boston Celtics|Toronto Raptors|Orlando Magic,BOS|TOR|ORL,
200793,Dee Brown,Utah Jazz|Washington Wizards|Phoenix Suns,UTA|WAS|PHX,
201974,Derrick Brown,Charlotte Hornets|New York Knicks,CHA|NYK,
2484,Devin Brown,San Antonio Spurs|Denver Nuggets|Utah Jazz|New Orleans Pelicans|Cleveland Cavaliers|Chicago Bulls,SAS|DEN|UTA|NOP|CLE|CHI,
76272,Fred Brown,Oklahoma City Thunder,OKC,
1627759,Jaylen Brown,Boston Celtics,BOS,
76276,John Brown,Atlanta Hawks|Chicago Bulls|Utah Jazz,ATL|CHI|UTA,
2208,Kedrick Brown,Boston Celtics|Cleveland Cavaliers|Philadelphia 76ers,BOS|CLE|PHI,
1631112,Kendall Brown,Indiana Pacers,IND,
1641738,Kobe Brown,LA Clippers|Indiana Pacers,LAC|IND,
2198,Kwame Brown,Washington Wizards|Los Angeles Lakers|Memphis Grizzlies|Detroit Pistons|Charlotte Hornets|Golden State Warriors|Philadelphia 76ers,WAS|LAL|MEM|DET|CHA|GSW|PHI,
203485,Lorenzo Brown,Philadelphia 76ers|Minnesota Timberwolves|Phoenix Suns|Toronto Raptors,PHI|MIN|PHX|TOR,
992,Marcus Brown,Portland Trail Blazers|Detroit Pistons,POR|DET,
203900,Markel Brown,Brooklyn Nets|Houston Rockets,BKN|HOU,
1629650,Moses Brown,Portland Trail Blazers|Oklahoma City Thunder|Dallas Mavericks|Cleveland Cavaliers|LA Clippers|Brooklyn Nets|Indiana Pacers,POR|OKC|DAL|CLE|LAC|BKN|IND,
136,P.J. Brown,Brooklyn Nets|Miami Heat|Charlotte Hornets|New Orleans Pelicans|Chicago Bulls|Boston Celtics,BKN|MIA|CHA|NOP|CHI|BOS,
753,Randy Brown,Sacramento Kings|Chicago Bulls|Boston Celtics|Phoenix Suns,SAC|CHI|BOS|PHX,
76283,Rickey Brown,Golden State Warriors|Atlanta Hawks,GSW|ATL,
76286,Roger Brown,Los Angeles Lakers|Detroit Pistons|Chicago Bulls,LAL|DET|CHI,
200769,Shannon Brown,Cleveland Cavaliers|Chicago Bulls|Charlotte Hornets|Los Angeles Lakers|Phoenix Suns|San Antonio Spurs|New York Knicks|Miami Heat,CLE|CHI|CHA|LAL|PHX|SAS|NYK|MIA,
76285,Stan Brown,Golden State Warriors,GSW,
1628425,Sterling Brown,Milwaukee Bucks|Houston Rockets|Dallas Mavericks|Los Angeles Lakers,MIL|HOU|DAL|LAL,
2357,Tierre Brown,Houston Rockets|Cleveland Cavaliers|New Orleans Pelicans|Los Angeles Lakers,HOU|CLE|NOP|LAL,
76268,Tony Brown,Indiana Pacers|Chicago Bulls|Brooklyn Nets|Houston Rockets|Milwaukee Bucks|Los Angeles Lakers|Utah Jazz|LA Clippers|Oklahoma City Thunder,IND|CHI|BKN|HOU|MIL|LAL|UTA|LAC|OKC,
1630535,Greg Brown III,Portland Trail Blazers|Dallas Mavericks,POR|DAL,
1629718,Charlie Brown Jr.,Atlanta Hawks|Oklahoma City Thunder|Dallas Mavericks|Philadelphia 76ers|New York Knicks,ATL|OKC|DAL|PHI|NYK,
1630602,Chaundee Brown Jr.,Los Angeles Lakers|Atlanta Hawks,LAL|ATL,
1628972,Troy Brown Jr.,Washington Wizards|Chicago Bulls|Los Angeles Lakers|Minnesota Timberwolves|Detroit Pistons,WAS|CHI|LAL|MIN|DET,
1628973,Jalen Brunson,Dallas Mavericks|New York Knicks,DAL|NYK,
1594,Rick Brunson,Portland Trail Blazers|New York Knicks|Boston Celtics|Chicago Bulls|Toronto Raptors|LA Clippers|Oklahoma City Thunder|Houston Rockets,POR|NYK|BOS|CHI|TOR|LAC|OKC|HOU,
1627852,Nicolas Brussino,Dallas Mavericks|Atlanta Hawks,DAL|ATL,
76289,Emmette Bryant,New York Knicks|Boston Celtics|LA Clippers,NYK|BOS|LAC,
76290,Joe Bryant,Philadelphia 76ers|LA Clippers|Houston Rockets,PHI|LAC|HOU,
977,Kobe Bryant,Los Angeles Lakers,LAL,
1626148,Anthony Brown,Los Angeles Lakers|New Orleans Pelicans|Orlando Magic|Minnesota Timberwolves,LAL|NOP|ORL|MIN,
1479,Mike Brown,Chicago Bulls|Utah Jazz|Minnesota Timberwolves|Philadelphia 76ers|Phoenix Suns,CHI|UTA|MIN|PHI|PHX,
95,Mark Bryant,Portland Trail Blazers|Houston Rockets|Phoenix Suns|Chicago Bulls|Cleveland Cavaliers|Dallas Mavericks|San Antonio Spurs|Philadelphia 76ers|Denver Nuggets|Boston Celtics,POR|HOU|PHX|CHI|CLE|DAL|SAS|PHI|DEN|BOS,
1628418,Thomas Bryant,Los Angeles Lakers|Washington Wizards|Denver Nuggets|Miami Heat|Indiana Pacers|Cleveland Cavaliers,LAL|WAS|DEN|MIA|IND|CLE,
76291,Wallace Bryant,Chicago Bulls|Dallas Mavericks|LA Clippers,CHI|DAL|LAC,
76293,Joe Buckhalter,Sacramento Kings,SAC,
76295,Cleveland Buckner,New York Knicks,NYK,
1761,Greg Buckner,Dallas Mavericks|Philadelphia 76ers|Denver Nuggets|Minnesota Timberwolves|Memphis Grizzlies,DAL|PHI|DEN|MIN|MEM,
76296,Quinn Buckner,Milwaukee Bucks|Boston Celtics|Indiana Pacers,MIL|BOS|IND,
76297,Dave Budd,New York Knicks,NYK,
201978,Chase Budinger,Houston Rockets|Minnesota Timberwolves|Indiana Pacers|Phoenix Suns,HOU|MIN|IND|PHX,
76298,Walter Budko,Golden State Warriors,GSW,
146,Jud Buechler,Brooklyn Nets|San Antonio Spurs|Golden State Warriors|Chicago Bulls|Detroit Pistons|Phoenix Suns|Orlando Magic,BKN|SAS|GSW|CHI|DET|PHX|ORL,
1641723,Kobe Bufkin,Atlanta Hawks|Los Angeles Lakers,ATL|LAL,
1934,Rodney Buford,Miami Heat|Philadelphia 76ers|Memphis Grizzlies|Sacramento Kings|Brooklyn Nets,MIA|PHI|MEM|SAC|BKN,
672,Matt Bullard,Houston Rockets|Atlanta Hawks|Charlotte Hornets,HOU|ATL|CHA,
203493,Reggie Bullock Jr.,LA Clippers|Phoenix Suns|Detroit Pistons|Los Angeles Lakers|New York Knicks|Dallas Mavericks|Houston Rockets,LAC|PHX|DET|LAL|NYK|DAL|HOU,
76303,Luther Burden,New York Knicks,NYK,
2469,Pat Burke,Orlando Magic|Phoenix Suns,ORL|PHX,
203504,Trey Burke,Utah Jazz|Washington Wizards|New York Knicks|Dallas Mavericks|Philadelphia 76ers,UTA|WAS|NYK|DAL|PHI,
202692,Alec Burks,Utah Jazz|Cleveland Cavaliers|Sacramento Kings|Golden State Warriors|Philadelphia 76ers|New York Knicks|Detroit Pistons|Miami Heat,UTA|CLE|SAC|GSW|PHI|NYK|DET|MIA,
2766,Antonio Burks,Memphis Grizzlies,MEM,
76305,Tom Burleson,Oklahoma City Thunder|Sacramento Kings|Atlanta Hawks,OKC|SAC|ATL,
76307,David Burns,Brooklyn Nets|Denver Nuggets,BKN|DEN,
197,Scott Burrell,Charlotte Hornets|Golden State Warriors|Chicago Bulls|Brooklyn Nets,CHA|GSW|CHI|BKN,
76313,Bob Burrow,Sacramento Kings|Los Angeles Lakers,SAC|LAL,
1629126,Deonte Burton,Oklahoma City Thunder|Sacramento Kings,OKC|SAC,
76314,Ed Burton,New York Knicks|Atlanta Hawks,NYK|ATL,
416,Willie Burton,Miami Heat|Philadelphia 76ers|Atlanta Hawks|San Antonio Spurs|Charlotte Hornets,MIA|PHI|ATL|SAS|CHA,
76316,Steve Burtt,Golden State Warriors|LA Clippers|Phoenix Suns|Washington Wizards,GSW|LAC|PHX|WAS,
76317,Don Buse,Indiana Pacers|Phoenix Suns|Portland Trail Blazers|Sacramento Kings,IND|PHX|POR|SAC,
76318,Donnie Butcher,New York Knicks|Detroit Pistons,NYK|DET,
76319,Al Butler,New York Knicks|Washington Wizards,NYK|WAS,
2406,Caron Butler,Miami Heat|Los Angeles Lakers|Washington Wizards|Dallas Mavericks|LA Clippers|Milwaukee Bucks|Oklahoma City Thunder|Detroit Pistons|Sacramento Kings,MIA|LAL|WAS|DAL|LAC|MIL|OKC|DET|SAC,
76320,Greg Butler,New York Knicks|LA Clippers,NYK|LAC,
2866,Jackie Butler,New York Knicks|San Antonio Spurs,NYK|SAS,
1630215,Jared Butler,Utah Jazz|Oklahoma City Thunder|Washington Wizards|Philadelphia 76ers,UTA|OKC|WAS|PHI,
348,Mitchell Butler,Washington Wizards|Portland Trail Blazers|Cleveland Cavaliers,WAS|POR|CLE,
2446,Rasual Butler,Miami Heat|New Orleans Pelicans|LA Clippers|Chicago Bulls|Toronto Raptors|Indiana Pacers|Washington Wizards|San Antonio Spurs,MIA|NOP|LAC|CHI|TOR|IND|WAS|SAS,
202710,Jimmy Butler III,Chicago Bulls|Minnesota Timberwolves|Philadelphia 76ers|Miami Heat|Golden State Warriors,CHI|MIN|PHI|MIA|GSW,
202779,Dwight Buycks,Toronto Raptors|Los Angeles Lakers|Detroit Pistons,TOR|LAL|DET,
1641824,Matas Buzelis,Chicago Bulls,CHI,
101115,Andrew Bynum,Los Angeles Lakers|Cleveland Cavaliers|Indiana Pacers,LAL|CLE|IND,
101198,Will Bynum,Golden State Warriors|Detroit Pistons|Washington Wizards,GSW|DET|WAS,
76321,Marty Byrnes,Phoenix Suns|Utah Jazz|Los Angeles Lakers|Dallas Mavericks|Indiana Pacers,PHX|UTA|LAL|DAL|IND,
76322,Tommy Byrnes,New York Knicks|Atlanta Hawks,NYK|ATL,
2560,Zarko Cabarkapa,Phoenix Suns|Golden State Warriors,PHX|GSW,
76324,Barney Cable,Detroit Pistons|Philadelphia 76ers|Atlanta Hawks|Washington Wizards,DET|PHI|ATL|WAS,
203998,Bruno Caboclo,Toronto Raptors|Sacramento Kings|Memphis Grizzlies|Houston Rockets,TOR|SAC|MEM|HOU,
1629719,Devontae Cacok,Los Angeles Lakers|San Antonio Spurs,LAL|SAS,
679,Jason Caffey,Chicago Bulls|Golden State Warriors|Milwaukee Bucks,CHI|GSW|MIL,
262,Michael Cage,LA Clippers|Oklahoma City Thunder|Cleveland Cavaliers|Philadelphia 76ers|Brooklyn Nets,LAC|OKC|CLE|PHI|BKN,
1631288,Jamal Cain,Miami Heat|New Orleans Pelicans|Orlando Magic,MIA|NOP|ORL,
76326,Gerry Calabrese,Philadelphia 76ers,PHI,
201979,Nick Calathes,Memphis Grizzlies,MEM,
101181,Jose Calderon,Toronto Raptors|Detroit Pistons|Dallas Mavericks|New York Knicks|Los Angeles Lakers|Atlanta Hawks|Cleveland Cavaliers,TOR|DET|DAL|NYK|LAL|ATL|CLE,
154,Adrian Caldwell,Houston Rockets|Indiana Pacers|Brooklyn Nets|Philadelphia 76ers|Dallas Mavericks,HOU|IND|BKN|PHI|DAL,
76329,Joe Caldwell,Detroit Pistons|Atlanta Hawks,DET|ATL,
203484,Kentavious Caldwell-Pope,Detroit Pistons|Los Angeles Lakers|Washington Wizards|Denver Nuggets|Orlando Magic|Memphis Grizzlies,DET|LAL|WAS|DEN|ORL|MEM,
76331,Bill Calhoun,Sacramento Kings|Atlanta Hawks,SAC|ATL,
76330,Corky Calhoun,Phoenix Suns|Los Angeles Lakers|Portland Trail Blazers|Indiana Pacers,PHX|LAL|POR|IND,
76336,Mack Calvin,Los Angeles Lakers|San Antonio Spurs|Denver Nuggets|Utah Jazz|Cleveland Cavaliers,LAL|SAS|DEN|UTA|CLE,
1641739,Toumani Camara,Portland Trail Blazers,POR,
948,Marcus Camby,Toronto Raptors|New York Knicks|Denver Nuggets|LA Clippers|Portland Trail Blazers|Houston Rockets,TOR|NYK|DEN|LAC|POR|HOU,
1630267,Facundo Campazzo,Denver Nuggets|Dallas Mavericks,DEN|DAL,
922,Elden Campbell,Los Angeles Lakers|Charlotte Hornets|New Orleans Pelicans|Oklahoma City Thunder|Detroit Pistons|Brooklyn Nets,LAL|CHA|NOP|OKC|DET|BKN,
76338,Tony Campbell,Detroit Pistons|Los Angeles Lakers|Minnesota Timberwolves|New York Knicks|Dallas Mavericks|Cleveland Cavaliers,DET|LAL|MIN|NYK|DAL|CLE,
203477,Isaiah Canaan,Houston Rockets|Philadelphia 76ers|Chicago Bulls|Phoenix Suns|Minnesota Timberwolves|Milwaukee Bucks,HOU|PHI|CHI|PHX|MIN|MIL,
1629962,Devin Cannady,Orlando Magic,ORL,
203991,Clint Capela,Houston Rockets|Atlanta Hawks,HOU|ATL,
2073,Brian Cardinal,Detroit Pistons|Washington Wizards|Golden State Warriors|Memphis Grizzlies|Minnesota Timberwolves|Dallas Mavericks,DET|WAS|GSW|MEM|MIN|DAL,
1630176,Vernon Carey Jr.,Charlotte Hornets|Washington Wizards,CHA|WAS,
76342,Rick Carlisle,Boston Celtics|New York Knicks|Brooklyn Nets,BOS|NYK|BKN,
1642382,Branden Carlson,Oklahoma City Thunder,OKC,
76344,Don Carlson,Los Angeles Lakers,LAL,
200760,Rodney Carney,Philadelphia 76ers|Minnesota Timberwolves|Golden State Warriors|Memphis Grizzlies,PHI|MIN|GSW|MEM,
76346,Bob Carpenter,Detroit Pistons|Atlanta Hawks,DET|ATL,
156,Antoine Carr,Atlanta Hawks|Sacramento Kings|San Antonio Spurs|Utah Jazz|Houston Rockets|Memphis Grizzlies,ATL|SAC|SAS|UTA|HOU|MEM,
76348,Austin Carr,Cleveland Cavaliers|Dallas Mavericks|Washington Wizards,CLE|DAL|WAS,
713,Chris Carr,Phoenix Suns|Minnesota Timberwolves|Brooklyn Nets|Golden State Warriors|Chicago Bulls|Boston Celtics,PHX|MIN|BKN|GSW|CHI|BOS,
76350,Kenny Carr,Los Angeles Lakers|Cleveland Cavaliers|Detroit Pistons|Portland Trail Blazers,LAL|CLE|DET|POR,
76351,M.L. Carr,Detroit Pistons|Boston Celtics,DET|BOS,
76352,Bob Carrington,Brooklyn Nets|Indiana Pacers|LA Clippers,BKN|IND|LAC,
1642267,Bub Carrington,Washington Wizards,WAS,
201960,DeMarre Carroll,Memphis Grizzlies|Houston Rockets|Denver Nuggets|Utah Jazz|Atlanta Hawks|Toronto Raptors|Brooklyn Nets|San Antonio Spurs,MEM|HOU|DEN|UTA|ATL|TOR|BKN|SAS,
76353,Joe Barry Carroll,Golden State Warriors|Houston Rockets|Brooklyn Nets|Denver Nuggets|Phoenix Suns,GSW|HOU|BKN|DEN|PHX,
2679,Matt Carroll,Portland Trail Blazers|San Antonio Spurs|Charlotte Hornets|Dallas Mavericks,POR|SAS|CHA|DAL,
1853,Anthony Carter,Miami Heat|San Antonio Spurs|Minnesota Timberwolves|Denver Nuggets|New York Knicks|Toronto Raptors,MIA|SAS|MIN|DEN|NYK|TOR,
76355,Butch Carter,Los Angeles Lakers|Indiana Pacers|New York Knicks|Philadelphia 76ers,LAL|IND|NYK|PHI,
1642269,Devin Carter,Sacramento Kings,SAC,
76356,Fred Carter,Washington Wizards|Philadelphia 76ers|Milwaukee Bucks,WAS|PHI|MIL,
76358,Howard Carter,Denver Nuggets|Dallas Mavericks,DEN|DAL,
1628975,Jevon Carter,Memphis Grizzlies|Phoenix Suns|Brooklyn Nets|Milwaukee Bucks|Chicago Bulls|Orlando Magic,MEM|PHX|BKN|MIL|CHI|ORL,
2466,Maurice Carter,Los Angeles Lakers|New Orleans Pelicans,LAL|NOP,
76360,Reggie Carter,New York Knicks,NYK,
76361,Ron Carter,Los Angeles Lakers|Indiana Pacers,LAL|IND,
1713,Vince Carter,Toronto Raptors|Brooklyn Nets|Orlando Magic|Phoenix Suns|Dallas Mavericks|Memphis Grizzlies|Sacramento Kings|Atlanta Hawks,TOR|BKN|ORL|PHX|DAL|MEM|SAC|ATL,
1628976,Wendell Carter Jr.,Chicago Bulls|Orlando Magic,CHI|ORL,
203487,Michael Carter-Williams,Philadelphia 76ers|Milwaukee Bucks|Chicago Bulls|Charlotte Hornets|Houston Rockets|Orlando Magic,PHI|MIL|CHI|CHA|HOU|ORL,
1630618,D.J. Carton,Toronto Raptors,TOR,
76362,Bill Cartwright,New York Knicks|Chicago Bulls|Oklahoma City Thunder,NYK|CHI|OKC,
1627936,Alex Caruso,Los Angeles Lakers|Chicago Bulls|Oklahoma City Thunder,LAL|CHI|OKC,
208,Sam Cassell,Houston Rockets|Phoenix Suns|Dallas Mavericks|Brooklyn Nets|Milwaukee Bucks|Minnesota Timberwolves|LA Clippers|Boston Celtics,HOU|PHX|DAL|BKN|MIL|MIN|LAC|BOS,
201956,Omri Casspi,Sacramento Kings|Cleveland Cavaliers|Houston Rockets|New Orleans Pelicans|Minnesota Timberwolves|Golden State Warriors|Memphis Grizzlies,SAC|CLE|HOU|NOP|MIN|GSW|MEM,
1642264,Stephon Castle,San Antonio Spurs,SAS,
1630658,Colin Castleton,Los Angeles Lakers|Memphis Grizzlies|Philadelphia 76ers|Toronto Raptors|Orlando Magic,LAL|MEM|PHI|TOR|ORL,
76365,Harvey Catchings,Philadelphia 76ers|Brooklyn Nets|Milwaukee Bucks|LA Clippers,PHI|BKN|MIL|LAC,
767,Terry Catledge,Philadelphia 76ers|Washington Wizards|Orlando Magic,PHI|WAS|ORL,
1509,Kelvin Cato,Portland Trail Blazers|Houston Rockets|Orlando Magic|Detroit Pistons|New York Knicks,POR|HOU|ORL|DET|NYK,
76368,Bobby Cattage,Utah Jazz|Brooklyn Nets,UTA|BKN,
1626161,Willie Cauley-Stein,Sacramento Kings|Golden State Warriors|Dallas Mavericks|Philadelphia 76ers,SAC|GSW|DAL|PHI,
190,Duane Causwell,Sacramento Kings|Miami Heat,SAC|MIA,
1628463,Tyler Cavanaugh,Atlanta Hawks|Utah Jazz,ATL|UTA,
76370,Ron Cavenall,New York Knicks|Brooklyn Nets,NYK|BKN,
76,Cedric Ceballos,Phoenix Suns|Los Angeles Lakers|Dallas Mavericks|Detroit Pistons|Miami Heat,PHX|LAL|DAL|DET|MIA,
76373,Al Cervi,Philadelphia 76ers,PHI,
201596,Mario Chalmers,Miami Heat|Memphis Grizzlies,MIA|MEM,
76375,Wilt Chamberlain,Golden State Warriors|Philadelphia 76ers|Los Angeles Lakers,GSW|PHI|LAL,
76376,Jerry Chambers,Los Angeles Lakers|Phoenix Suns|Atlanta Hawks|LA Clippers,LAL|PHX|ATL|LAC,
1472,Tom Chambers,LA Clippers|Oklahoma City Thunder|Phoenix Suns|Utah Jazz|Charlotte Hornets|Philadelphia 76ers,LAC|OKC|PHX|UTA|CHA|PHI,
1630577,Julian Champagnie,Philadelphia 76ers|San Antonio Spurs,PHI|SAS,
1630551,Justin Champagnie,Toronto Raptors|Boston Celtics|Washington Wizards,TOR|BOS|WAS,
1631113,Kennedy Chandler,Memphis Grizzlies|Utah Jazz,MEM|UTA,
2199,Tyson Chandler,Chicago Bulls|New Orleans Pelicans|Charlotte Hornets|Dallas Mavericks|New York Knicks|Phoenix Suns|Los Angeles Lakers|Houston Rockets,CHI|NOP|CHA|DAL|NYK|PHX|LAL|HOU,
201163,Wilson Chandler,New York Knicks|Denver Nuggets|Philadelphia 76ers|LA Clippers|Brooklyn Nets,NYK|DEN|PHI|LAC|BKN,
76379,Don Chaney,Boston Celtics|Los Angeles Lakers,BOS|LAL,
76380,John Chaney,Atlanta Hawks,ATL,
364,Rex Chapman,Charlotte Hornets|Washington Wizards|Miami Heat|Phoenix Suns,CHA|WAS|MIA|PHX,
76382,Len Chappell,Philadelphia 76ers|New York Knicks|Sacramento Kings|Chicago Bulls|Detroit Pistons|Milwaukee Bucks|Cleveland Cavaliers|Atlanta Hawks,PHI|NYK|SAC|CHI|DET|MIL|CLE|ATL,
76383,Ken Charles,LA Clippers|Atlanta Hawks,LAC|ATL,
1629147,Joe Chealey,Charlotte Hornets,CHA,
384,Calbert Cheaney,Washington Wizards|Boston Celtics|Denver Nuggets|Utah Jazz|Golden State Warriors,WAS|BOS|DEN|UTA|GSW,
1629597,Zylan Cheatham,New Orleans Pelicans|Utah Jazz,NOP|UTA,
76385,Maurice Cheeks,Philadelphia 76ers|San Antonio Spurs|New York Knicks|Atlanta Hawks|Brooklyn Nets,PHI|SAS|NYK|ATL|BKN,
76386,Phil Chenier,Washington Wizards|Indiana Pacers|Golden State Warriors,WAS|IND|GSW,
76387,Derrick Chievous,Houston Rockets|Cleveland Cavaliers,HOU|CLE,
432,Pete Chilcutt,Sacramento Kings|Detroit Pistons|Houston Rockets|Memphis Grizzlies|Utah Jazz|Cleveland Cavaliers|LA Clippers,SAC|DET|HOU|MEM|UTA|CLE|LAC,
2735,Josh Childress,Atlanta Hawks|Phoenix Suns|Brooklyn Nets|New Orleans Pelicans,ATL|PHX|BKN|NOP,
719,Randolph Childress,Portland Trail Blazers|Detroit Pistons,POR|DET,
164,Chris Childs,Brooklyn Nets|New York Knicks|Toronto Raptors,BKN|NYK|TOR,
76311,Art Burris,Detroit Pistons|Atlanta Hawks,DET|ATL,
1629185,Chris Chiozza,Houston Rockets|Washington Wizards|Brooklyn Nets|Golden State Warriors,HOU|WAS|BKN|GSW,
76391,Leroy Chollet,Philadelphia 76ers,PHI,
76392,Jim Chones,Cleveland Cavaliers|Los Angeles Lakers|Washington Wizards,CLE|LAL|WAS,
1627737,Marquese Chriss,Phoenix Suns|Houston Rockets|Cleveland Cavaliers|Golden State Warriors|Dallas Mavericks,PHX|HOU|CLE|GSW|DAL,
76394,Cal Christensen,Atlanta Hawks|Sacramento Kings,ATL|SAC,
76395,Bob Christian,Atlanta Hawks|Phoenix Suns,ATL|PHX,
1642353,Cam Christie,LA Clippers,LAC,
57,Doug Christie,Los Angeles Lakers|New York Knicks|Toronto Raptors|Sacramento Kings|Orlando Magic|Dallas Mavericks|LA Clippers,LAL|NYK|TOR|SAC|ORL|DAL|LAC,
1631108,Max Christie,Los Angeles Lakers|Dallas Mavericks,LAL|DAL,
1626176,Rakeem Christmas,Indiana Pacers,IND,
1630528,Josh Christopher,Houston Rockets|Miami Heat,HOU|MIA,
1631321,Sidy Cissoko,San Antonio Spurs|Portland Trail Blazers,SAS|POR,
76397,Archie Clark,Los Angeles Lakers|Philadelphia 76ers|Washington Wizards|Oklahoma City Thunder|Detroit Pistons,LAL|PHI|WAS|OKC|DET,
76398,Carlos Clark,Boston Celtics,BOS,
201947,Earl Clark,Phoenix Suns|Orlando Magic|Los Angeles Lakers|Cleveland Cavaliers|New York Knicks|Brooklyn Nets,PHX|ORL|LAL|CLE|NYK|BKN,
1629109,Gary Clark,Houston Rockets|Orlando Magic|Denver Nuggets|Philadelphia 76ers|New Orleans Pelicans,HOU|ORL|DEN|PHI|NOP,
203546,Ian Clark,Utah Jazz|Denver Nuggets|Golden State Warriors|New Orleans Pelicans,UTA|DEN|GSW|NOP,
1641740,Jaylen Clark,Minnesota Timberwolves,MIN,
1721,Keon Clark,Denver Nuggets|Toronto Raptors|Sacramento Kings|Utah Jazz,DEN|TOR|SAC|UTA,
1629634,Brandon Clarke,Memphis Grizzlies,MEM,
203903,Jordan Clarkson,Los Angeles Lakers|Cleveland Cavaliers|Utah Jazz|New York Knicks,LAL|CLE|UTA|NYK,
201964,Victor Claver,Portland Trail Blazers,POR,
1629651,Nic Claxton,Brooklyn Nets,BKN,
2049,Speedy Claxton,Philadelphia 76ers|San Antonio Spurs|Golden State Warriors|New Orleans Pelicans|Atlanta Hawks,PHI|SAS|GSW|NOP|ATL,
1642383,Walter Clayton Jr.,Utah Jazz|Memphis Grizzlies,UTA|MEM,
76402,Jim Cleamons,Los Angeles Lakers|Cleveland Cavaliers|New York Knicks|Washington Wizards,LAL|CLE|NYK|WAS,
2043,Mateen Cleaves,Detroit Pistons|Sacramento Kings|Cleveland Cavaliers|Oklahoma City Thunder,DET|SAC|CLE|OKC,
76403,John Clemens,New York Knicks|Chicago Bulls|Oklahoma City Thunder|Cleveland Cavaliers|Portland Trail Blazers,NYK|CHI|OKC|CLE|POR,
1628499,Antonius Cleveland,Dallas Mavericks|Atlanta Hawks,DAL|ATL,
76404,Nat Clifton,New York Knicks|Detroit Pistons,NYK|DET,
1642270,Donovan Clingan,Portland Trail Blazers,POR,
76406,Bill Closs,Golden State Warriors|Detroit Pistons,GSW|DET,
1569,Keith Closs,LA Clippers,LAC,
1641730,Noah Clowney,Brooklyn Nets,BKN,
1629599,Amir Coffey,LA Clippers|Milwaukee Bucks|Phoenix Suns,LAC|MIL|PHX,
76411,Fred Cofield,New York Knicks|Chicago Bulls,NYK|CHI,
715,John Coker,Phoenix Suns|Washington Wizards|Golden State Warriors,PHX|WAS|GSW,
202708,Norris Cole,Miami Heat|New Orleans Pelicans|Oklahoma City Thunder,MIA|NOP|OKC,
76412,Ben Coleman,Brooklyn Nets|Philadelphia 76ers|Milwaukee Bucks|Detroit Pistons,BKN|PHI|MIL|DET,
934,Derrick Coleman,Brooklyn Nets|Philadelphia 76ers|Charlotte Hornets|Detroit Pistons,BKN|PHI|CHA|DET,
76413,E.C. Coleman,Houston Rockets|Utah Jazz|Golden State Warriors,HOU|UTA|GSW,
76414,Jack Coleman,Sacramento Kings|Atlanta Hawks,SAC|ATL,
902,Bimbo Coles,Miami Heat|Golden State Warriors|Atlanta Hawks|Cleveland Cavaliers|Boston Celtics,MIA|GSW|ATL|CLE|BOS,
1642268,Isaiah Collier,Utah Jazz,UTA,
2044,Jason Collier,Houston Rockets|Atlanta Hawks,HOU|ATL,
76418,Don Collins,Atlanta Hawks|Washington Wizards|Golden State Warriors|Milwaukee Bucks,ATL|WAS|GSW|MIL,
76421,Doug Collins,Philadelphia 76ers,PHI,
2260,Jarron Collins,Utah Jazz|Phoenix Suns|LA Clippers|Portland Trail Blazers,UTA|PHX|LAC|POR,
2215,Jason Collins,Brooklyn Nets|Memphis Grizzlies|Minnesota Timberwolves|Atlanta Hawks|Boston Celtics|Washington Wizards,BKN|MEM|MIN|ATL|BOS|WAS,
76419,Jimmy Collins,Chicago Bulls,CHI,
1628381,John Collins,Atlanta Hawks|Utah Jazz|LA Clippers,ATL|UTA|LAC,
200776,Mardy Collins,New York Knicks|LA Clippers,NYK|LAC,
1628380,Zach Collins,Portland Trail Blazers|San Antonio Spurs|Chicago Bulls,POR|SAS|CHI,
201954,Darren Collison,New Orleans Pelicans|Indiana Pacers|Dallas Mavericks|LA Clippers|Sacramento Kings|Los Angeles Lakers,NOP|IND|DAL|LAC|SAC|LAL,
2555,Nick Collison,Oklahoma City Thunder,OKC,
2173,Sean Colson,Atlanta Hawks|Houston Rockets,ATL|HOU,
306,Steve Colter,Portland Trail Blazers|Chicago Bulls|Philadelphia 76ers|Washington Wizards|Sacramento Kings|Cleveland Cavaliers,POR|CHI|PHI|WAS|SAC|CLE,
76426,Dallas Comegys,Brooklyn Nets|San Antonio Spurs,BKN|SAS,
76428,Gene Conley,Boston Celtics|New York Knicks,BOS|NYK,
201144,Mike Conley,Memphis Grizzlies|Utah Jazz|Minnesota Timberwolves,MEM|UTA|MIN,
76429,Ed Conlin,Philadelphia 76ers|Detroit Pistons|Golden State Warriors,PHI|DET|GSW,
55,Marty Conlon,Oklahoma City Thunder|Sacramento Kings|Charlotte Hornets|Washington Wizards|Milwaukee Bucks|Boston Celtics|Miami Heat|LA Clippers,OKC|SAC|CHA|WAS|MIL|BOS|MIA|LAC,
1626192,Pat Connaughton,Portland Trail Blazers|Milwaukee Bucks|Charlotte Hornets,POR|MIL|CHA,
76431,Lester Conner,Golden State Warriors|Houston Rockets|Brooklyn Nets|Milwaukee Bucks|LA Clippers|Indiana Pacers|Los Angeles Lakers,GSW|HOU|BKN|MIL|LAC|IND|LAL,
76432,Chuck Connors,Boston Celtics,BOS,
101215,Will Conroy,Memphis Grizzlies|LA Clippers|Houston Rockets|Minnesota Timberwolves,MEM|LAC|HOU|MIN,
76433,Anthony Cook,Denver Nuggets|Orlando Magic|Milwaukee Bucks|Portland Trail Blazers,DEN|ORL|MIL|POR,
2567,Brian Cook,Los Angeles Lakers|Orlando Magic|Houston Rockets|LA Clippers|Washington Wizards,LAL|ORL|HOU|LAC|WAS,
201161,Daequan Cook,Miami Heat|Oklahoma City Thunder|Houston Rockets|Chicago Bulls,MIA|OKC|HOU|CHI,
76435,Darwin Cook,Brooklyn Nets|Washington Wizards|San Antonio Spurs|Denver Nuggets,BKN|WAS|SAS|DEN,
76436,Jeff Cook,Phoenix Suns|Cleveland Cavaliers|San Antonio Spurs|Utah Jazz,PHX|CLE|SAS|UTA,
76437,Norm Cook,Boston Celtics|Denver Nuggets,BOS|DEN,
2241,Omar Cook,Portland Trail Blazers|Toronto Raptors,POR|TOR,
1626188,Quinn Cook,Dallas Mavericks|New Orleans Pelicans|Golden State Warriors|Los Angeles Lakers|Cleveland Cavaliers,DAL|NOP|GSW|LAL|CLE,
1629076,Tyler Cook,Cleveland Cavaliers|Denver Nuggets|Brooklyn Nets|Detroit Pistons|Chicago Bulls,CLE|DEN|BKN|DET|CHI,
204022,Jack Cooley,Utah Jazz|Sacramento Kings,UTA|SAC,
76442,Chuck Cooper,Boston Celtics|Atlanta Hawks|Detroit Pistons,BOS|ATL|DET,
1030,Duane Cooper,Los Angeles Lakers|Phoenix Suns,LAL|PHX,
76443,Joe Cooper,Brooklyn Nets|Los Angeles Lakers|Washington Wizards|LA Clippers|Oklahoma City Thunder,BKN|LAL|WAS|LAC|OKC,
76444,Michael Cooper,Los Angeles Lakers,LAL,
1630536,Sharife Cooper,Atlanta Hawks|Washington Wizards,ATL|WAS,
76441,Wayne Cooper,Golden State Warriors|Utah Jazz|Dallas Mavericks|Portland Trail Blazers|Denver Nuggets,GSW|UTA|DAL|POR|DEN,
203142,Chris Copeland,New York Knicks|Indiana Pacers|Milwaukee Bucks,NYK|IND|MIL,
76447,Hollis Copeland,New York Knicks,NYK,
76448,Lanard Copeland,Philadelphia 76ers|LA Clippers,PHI|LAC,
895,Tyrone Corbin,San Antonio Spurs|Cleveland Cavaliers|Phoenix Suns|Minnesota Timberwolves|Utah Jazz|Atlanta Hawks|Sacramento Kings|Miami Heat|Toronto Raptors,SAS|CLE|PHX|MIN|UTA|ATL|SAC|MIA|TOR,
76450,Chris Corchiani,Orlando Magic|Washington Wizards|Boston Celtics,ORL|WAS|BOS,
76452,Ray Corley,Philadelphia 76ers|Atlanta Hawks|Detroit Pistons,PHI|ATL|DET,
76453,Dave Corzine,Washington Wizards|San Antonio Spurs|Chicago Bulls|Orlando Magic|Oklahoma City Thunder,WAS|SAS|CHI|ORL|OKC,
76454,Larry Costello,Golden State Warriors|Philadelphia 76ers,GSW|PHI,
203955,Bryce Cotton,Utah Jazz|Phoenix Suns|Memphis Grizzlies,UTA|PHX|MEM,
1526,James Cotton,Oklahoma City Thunder,OKC,
1641731,Bilal Coulibaly,Washington Wizards,WAS,
1641741,Ricky Council IV,Philadelphia 76ers,PHI,
76458,Mel Counts,Boston Celtics|Los Angeles Lakers|Washington Wizards|Phoenix Suns|Philadelphia 76ers|Utah Jazz,BOS|LAL|WAS|PHX|PHI|UTA,
1432,Joe Courtney,Chicago Bulls|Golden State Warriors|Phoenix Suns|Milwaukee Bucks|Cleveland Cavaliers|Philadelphia 76ers|San Antonio Spurs,CHI|GSW|PHX|MIL|CLE|PHI|SAS,
202326,DeMarcus Cousins,Sacramento Kings|New Orleans Pelicans|Golden State Warriors|Houston Rockets|LA Clippers|Milwaukee Bucks|Denver Nuggets,SAC|NOP|GSW|HOU|LAC|MIL|DEN,
600003,Bob Cousy,Boston Celtics|Sacramento Kings,BOS|SAC,
203496,Robert Covington,Houston Rockets|Philadelphia 76ers|Minnesota Timberwolves|Portland Trail Blazers|LA Clippers,HOU|PHI|MIN|POR|LAC,
76462,Dave Cowens,Boston Celtics|Milwaukee Bucks,BOS|MIL,
76465,Wesley Cox,Golden State Warriors,GSW,
203459,Allen Crabbe,Portland Trail Blazers|Brooklyn Nets|Atlanta Hawks|Minnesota Timberwolves,POR|BKN|ATL|MIN,
1628470,Torrey Craig,Denver Nuggets|Milwaukee Bucks|Phoenix Suns|Indiana Pacers|Chicago Bulls|Boston Celtics,DEN|MIL|PHX|IND|CHI|BOS,
1544,Chris Crawford,Atlanta Hawks,ATL,
76466,Freddie Crawford,New York Knicks|Los Angeles Lakers|Milwaukee Bucks|Philadelphia 76ers|LA Clippers,NYK|LAL|MIL|PHI|LAC,
1642384,Isaiah Crawford,Sacramento Kings|Houston Rockets,SAC|HOU,
2037,Jamal Crawford,Chicago Bulls|New York Knicks|Golden State Warriors|Atlanta Hawks|Portland Trail Blazers|LA Clippers|Minnesota Timberwolves|Phoenix Suns|Brooklyn Nets,CHI|NYK|GSW|ATL|POR|LAC|MIN|PHX|BKN,
202348,Jordan Crawford,Atlanta Hawks|Washington Wizards|Boston Celtics|Golden State Warriors|New Orleans Pelicans,ATL|WAS|BOS|GSW|NOP,
1628249,Mitchell Creek,Brooklyn Nets|Minnesota Timberwolves,BKN|MIN,
76469,Ron Crevier,Golden State Warriors|Detroit Pistons,GSW|DET,
2343,Joe Crispin,Los Angeles Lakers|Phoenix Suns,LAL|PHX,
76471,Charlie Criss,Atlanta Hawks|LA Clippers|Milwaukee Bucks,ATL|LAC|MIL,
76472,Winston Crite,Phoenix Suns,PHX,
201159,Javaris Crittenton,Los Angeles Lakers|Memphis Grizzlies|Washington Wizards,LAL|MEM|WAS,
76473,Dillard Crocker,Detroit Pistons|Atlanta Hawks,DET|ATL,
76474,Jeffrey Crompton,Denver Nuggets|Portland Trail Blazers|Milwaukee Bucks|San Antonio Spurs|Cleveland Cavaliers,DEN|POR|MIL|SAS|CLE,
1506,Austin Croshere,Indiana Pacers|Dallas Mavericks|Golden State Warriors|Milwaukee Bucks|San Antonio Spurs,IND|DAL|GSW|MIL|SAS,
76477,Pete Cross,Oklahoma City Thunder|Sacramento Kings,OKC|SAC,
76479,Francis Crossin,Golden State Warriors,GSW,
180,John Crotty,Utah Jazz|Cleveland Cavaliers|Miami Heat|Portland Trail Blazers|Oklahoma City Thunder|Detroit Pistons|Denver Nuggets,UTA|CLE|MIA|POR|OKC|DET|DEN,
76482,Corey Crowder,Utah Jazz|San Antonio Spurs,UTA|SAS,
203109,Jae Crowder,Dallas Mavericks|Boston Celtics|Cleveland Cavaliers|Utah Jazz|Memphis Grizzlies|Miami Heat|Phoenix Suns|Milwaukee Bucks|Sacramento Kings,DAL|BOS|CLE|UTA|MEM|MIA|PHX|MIL|SAC,
1629633,Jarrett Culver,Minnesota Timberwolves|Memphis Grizzlies|Atlanta Hawks,MIN|MEM|ATL,
76483,Pat Cummings,Milwaukee Bucks|Dallas Mavericks|New York Knicks|Miami Heat|Utah Jazz,MIL|DAL|NYK|MIA|UTA,
187,Terry Cummings,LA Clippers|Milwaukee Bucks|San Antonio Spurs|Oklahoma City Thunder|Philadelphia 76ers|New York Knicks|Golden State Warriors,LAC|MIL|SAS|OKC|PHI|NYK|GSW,
1907,Vonteego Cummings,Golden State Warriors|Philadelphia 76ers,GSW|PHI,
76487,Billy Cunningham,Philadelphia 76ers,PHI,
1630595,Cade Cunningham,Detroit Pistons,DET,
201967,Dante Cunningham,Portland Trail Blazers|Charlotte Hornets|Memphis Grizzlies|Minnesota Timberwolves|New Orleans Pelicans|Brooklyn Nets|San Antonio Spurs,POR|CHA|MEM|MIN|NOP|BKN|SAS,
76485,Dick Cunningham,Milwaukee Bucks|Houston Rockets,MIL|HOU,
203099,Jared Cunningham,Dallas Mavericks|Atlanta Hawks|Sacramento Kings|LA Clippers|Cleveland Cavaliers|Milwaukee Bucks,DAL|ATL|SAC|LAC|CLE|MIL,
1061,William Cunningham,Utah Jazz|Philadelphia 76ers|Toronto Raptors|Brooklyn Nets,UTA|PHI|TOR|BKN,
940,Earl Cureton,Philadelphia 76ers|Detroit Pistons|Chicago Bulls|LA Clippers|Charlotte Hornets|Houston Rockets|Toronto Raptors,PHI|DET|CHI|LAC|CHA|HOU|TOR,
223,Bill Curley,Detroit Pistons|Minnesota Timberwolves|Houston Rockets|Golden State Warriors|Dallas Mavericks,DET|MIN|HOU|GSW|DAL,
76492,Fran Curran,Sacramento Kings,SAC,
209,Dell Curry,Utah Jazz|Cleveland Cavaliers|Charlotte Hornets|Milwaukee Bucks|Toronto Raptors,UTA|CLE|CHA|MIL|TOR,
2201,Eddy Curry,Chicago Bulls|New York Knicks|Miami Heat|Dallas Mavericks,CHI|NYK|MIA|DAL,
688,Michael Curry,Philadelphia 76ers|Washington Wizards|Detroit Pistons|Milwaukee Bucks|Toronto Raptors|Indiana Pacers,PHI|WAS|DET|MIL|TOR|IND,
203552,Seth Curry,Memphis Grizzlies|Cleveland Cavaliers|Phoenix Suns|Sacramento Kings|Dallas Mavericks|Portland Trail Blazers|Philadelphia 76ers|Brooklyn Nets|Charlotte Hornets|Golden State Warriors,MEM|CLE|PHX|SAC|DAL|POR|PHI|BKN|CHA|GSW,
201939,Stephen Curry,Golden State Warriors,GSW,
76505,Mike D'Antoni,Sacramento Kings|San Antonio Spurs,SAC|SAS,
1642359,Pac?me Dadiet,New York Knicks,NYK,
76497,Quintin Dailey,Chicago Bulls|LA Clippers|Oklahoma City Thunder,CHI|LAC|OKC,
2223,Samuel Dalembert,Philadelphia 76ers|Sacramento Kings|Houston Rockets|Milwaukee Bucks|Dallas Mavericks|New York Knicks,PHI|SAC|HOU|MIL|DAL|NYK,
76498,Howie Dallmar,Golden State Warriors,GSW,
956,Erick Dampier,Indiana Pacers|Golden State Warriors|Dallas Mavericks|Miami Heat|Atlanta Hawks,IND|GSW|DAL|MIA|ATL,
76499,Lou Dampier,San Antonio Spurs,SAS,
76500,Bob Dandridge,Milwaukee Bucks|Washington Wizards,MIL|WAS,
1498,Antonio Daniels,Memphis Grizzlies|San Antonio Spurs|Portland Trail Blazers|Oklahoma City Thunder|Washington Wizards|New Orleans Pelicans|Philadelphia 76ers,MEM|SAS|POR|OKC|WAS|NOP|PHI,
1630700,Dyson Daniels,New Orleans Pelicans|Atlanta Hawks,NOP|ATL,
1380,Lloyd Daniels,San Antonio Spurs|Philadelphia 76ers|Los Angeles Lakers|Sacramento Kings|Brooklyn Nets|Toronto Raptors,SAS|PHI|LAL|SAC|BKN|TOR,
2605,Marquis Daniels,Dallas Mavericks|Indiana Pacers|Boston Celtics|Milwaukee Bucks,DAL|IND|BOS|MIL,
203584,Troy Daniels,Houston Rockets|Minnesota Timberwolves|Charlotte Hornets|Memphis Grizzlies|Phoenix Suns|Los Angeles Lakers|Denver Nuggets,HOU|MIN|CHA|MEM|PHX|LAL|DEN,
390,Sasha Danilovic,Miami Heat|Dallas Mavericks,MIA|DAL,
1642368,N'Faly Dante,Houston Rockets|Atlanta Hawks,HOU|ATL,
76504,Adrian Dantley,LA Clippers|Indiana Pacers|Los Angeles Lakers|Utah Jazz|Detroit Pistons|Dallas Mavericks|Milwaukee Bucks,LAC|IND|LAL|UTA|DET|DAL|MIL,
212,Yinka Dare,Brooklyn Nets,BKN,
203540,Gigi Datome,Detroit Pistons|Boston Celtics,DET|BOS,
921,Brad Daugherty,Cleveland Cavaliers,CLE,
1600,Kornel David,Chicago Bulls|Cleveland Cavaliers|Toronto Raptors|Detroit Pistons,CHI|CLE|TOR|DET,
201176,Jermareo Davidson,Charlotte Hornets|Golden State Warriors,CHA|GSW,
76514,Bob Davies,Sacramento Kings,SAC,
203561,Brandon Davies,Philadelphia 76ers|Brooklyn Nets,PHI|BKN,
203076,Anthony Davis,New Orleans Pelicans|Los Angeles Lakers|Dallas Mavericks,NOP|LAL|DAL,
213,Antonio Davis,Indiana Pacers|Toronto Raptors|Chicago Bulls|New York Knicks,IND|TOR|CHI|NYK,
1884,Baron Davis,Charlotte Hornets|New Orleans Pelicans|Golden State Warriors|LA Clippers|Cleveland Cavaliers|New York Knicks,CHA|NOP|GSW|LAC|CLE|NYK,
989,Ben Davis,Phoenix Suns|New York Knicks,PHX|NYK,
76516,Brad Davis,Los Angeles Lakers|Indiana Pacers|Utah Jazz|Dallas Mavericks,LAL|IND|UTA|DAL,
76518,Charlie Davis,Washington Wizards|Milwaukee Bucks|San Antonio Spurs|Chicago Bulls,WAS|MIL|SAS|CHI,
905,Dale Davis,Indiana Pacers|Portland Trail Blazers|Golden State Warriors|Detroit Pistons,IND|POR|GSW|DET,
1627738,Deyonta Davis,Memphis Grizzlies|Atlanta Hawks,MEM|ATL,
76521,Double D Davis,Cleveland Cavaliers|Golden State Warriors,CLE|GSW,
202334,Ed Davis,Toronto Raptors|Memphis Grizzlies|Los Angeles Lakers|Portland Trail Blazers|Brooklyn Nets|Utah Jazz|Minnesota Timberwolves|Cleveland Cavaliers,TOR|MEM|LAL|POR|BKN|UTA|MIN|CLE,
76522,Edward Davis,Milwaukee Bucks,MIL,
1023,Emanual Davis,Houston Rockets|Oklahoma City Thunder|Atlanta Hawks,HOU|OKC|ATL,
201175,Glen Davis,Boston Celtics|Orlando Magic|LA Clippers,BOS|ORL|LAC,
76523,Harry Davis,Cleveland Cavaliers|San Antonio Spurs,CLE|SAS,
93,Hubert Davis,New York Knicks|Toronto Raptors|Dallas Mavericks|Washington Wizards|Detroit Pistons|Brooklyn Nets,NYK|TOR|DAL|WAS|DET|BKN,
76525,Jim Davis,Atlanta Hawks|Houston Rockets|Detroit Pistons,ATL|HOU|DET,
76526,Johnny Davis,Portland Trail Blazers|Indiana Pacers|Atlanta Hawks|Cleveland Cavaliers,POR|IND|ATL|CLE,
1631098,Johnny Davis,Washington Wizards,WAS,
2668,Josh Davis,Atlanta Hawks|Philadelphia 76ers|Milwaukee Bucks|Houston Rockets|Phoenix Suns|Memphis Grizzlies,ATL|PHI|MIL|HOU|PHX|MEM,
707,Mark Davis,Minnesota Timberwolves|Philadelphia 76ers|Miami Heat|Golden State Warriors,MIN|PHI|MIA|GSW,
76528,Mark Davis,Milwaukee Bucks|Phoenix Suns,MIL|PHX,
76529,Mel Davis,New York Knicks|Brooklyn Nets,NYK|BKN,
76531,Mike Davis,Washington Wizards|LA Clippers,WAS|LAC,
76520,Monti Davis,Philadelphia 76ers|Dallas Mavericks,PHI|DAL,
200781,Paul Davis,LA Clippers|Washington Wizards,LAC|WAS,
76532,Ralph Davis,Sacramento Kings|Washington Wizards,SAC|WAS,
76519,Charlie Davis,Cleveland Cavaliers|Portland Trail Blazers,CLE|POR,
1729,Ricky Davis,Charlotte Hornets|Miami Heat|Cleveland Cavaliers|Boston Celtics|Minnesota Timberwolves|LA Clippers,CHA|MIA|CLE|BOS|MIN|LAC,
76534,Ron Davis,Atlanta Hawks|LA Clippers,ATL|LAC,
1629056,Terence Davis,Toronto Raptors|Sacramento Kings,TOR|SAC,
426,Terry Davis,Miami Heat|Dallas Mavericks|Washington Wizards|Denver Nuggets,MIA|DAL|WAS|DEN,
76536,Walt Davis,Golden State Warriors,GSW,
1453,Walter Davis,Phoenix Suns|Denver Nuggets|Portland Trail Blazers,PHX|DEN|POR,
1631120,JD Davison,Boston Celtics|Houston Rockets,BOS|HOU,
76539,Darryl Dawkins,Philadelphia 76ers|Brooklyn Nets|Utah Jazz|Detroit Pistons,PHI|BKN|UTA|DET,
1008,Johnny Dawkins,San Antonio Spurs|Philadelphia 76ers|Detroit Pistons,SAS|PHI|DET,
76542,Tony Dawson,Sacramento Kings|Boston Celtics,SAC|BOS,
103,Todd Day,Milwaukee Bucks|Boston Celtics|Miami Heat|Phoenix Suns|Minnesota Timberwolves,MIL|BOS|MIA|PHX|MIN,
201948,Austin Daye,Detroit Pistons|Memphis Grizzlies|Toronto Raptors|San Antonio Spurs|Atlanta Hawks,DET|MEM|TOR|SAS|ATL,
76543,Darren Daye,Washington Wizards|Chicago Bulls|Boston Celtics,WAS|CHI|BOS,
1630620,Darius Days,,,
201986,Nando De Colo,San Antonio Spurs|Toronto Raptors,SAS|TOR,
76545,Dave DeBusschere,Detroit Pistons|New York Knicks,DET|NYK,
692,Andrew DeClercq,Golden State Warriors|Boston Celtics|Cleveland Cavaliers|Orlando Magic,GSW|BOS|CLE|ORL,
1629602,Javin DeLaurier,,,
76551,Nate DeLong,,,
201942,DeMar DeRozan,Toronto Raptors|San Antonio Spurs|Chicago Bulls|Sacramento Kings,TOR|SAS|CHI|SAC,
1630466,Gabriel Deck,Oklahoma City Thunder,OKC,
203473,Dewayne Dedmon,Golden State Warriors|Philadelphia 76ers|Orlando Magic|San Antonio Spurs|Atlanta Hawks|Sacramento Kings|Miami Heat,GSW|PHI|ORL|SAS|ATL|SAC|MIA,
76546,Archie Dees,Sacramento Kings|Detroit Pistons|Washington Wizards,SAC|DET|WAS,
143,Terry Dehere,LA Clippers|Sacramento Kings|Memphis Grizzlies,LAC|SAC|MEM,
1626155,Sam Dekker,Houston Rockets|LA Clippers|Cleveland Cavaliers|Washington Wizards|Toronto Raptors,HOU|LAC|CLE|WAS|TOR,
219,Vinny Del Negro,Sacramento Kings|San Antonio Spurs|Milwaukee Bucks|Golden State Warriors|Phoenix Suns,SAC|SAS|MIL|GSW|PHX,
1627098,Malcolm Delaney,Atlanta Hawks,ATL,
183,Bison Dele,Orlando Magic|Denver Nuggets|LA Clippers|Chicago Bulls|Detroit Pistons,ORL|DEN|LAC|CHI|DET,
2568,Carlos Delfino,Detroit Pistons|Toronto Raptors|Milwaukee Bucks|Houston Rockets,DET|TOR|MIL|HOU,
960,Tony Delk,Charlotte Hornets|Golden State Warriors|Sacramento Kings|Phoenix Suns|Boston Celtics|Dallas Mavericks|Atlanta Hawks|Detroit Pistons,CHA|GSW|SAC|PHX|BOS|DAL|ATL|DET,
203521,Matthew Dellavedova,Cleveland Cavaliers|Milwaukee Bucks|Sacramento Kings,CLE|MIL|SAC,
76553,Larry Demic,New York Knicks,NYK,
725,Dell Demps,Golden State Warriors|San Antonio Spurs|Orlando Magic,GSW|SAS|ORL,
76555,George Dempsey,Golden State Warriors|Philadelphia 76ers,GSW|PHI,
2736,Luol Deng,Chicago Bulls|Cleveland Cavaliers|Miami Heat|Los Angeles Lakers|Minnesota Timberwolves,CHI|CLE|MIA|LAL|MIN,
76556,Kenny Dennard,Sacramento Kings|Denver Nuggets,SAC|DEN,
1642484,RayJ Dennis,Indiana Pacers|LA Clippers|Atlanta Hawks,IND|LAC|ATL,
202458,Justin Dentmon,San Antonio Spurs|Toronto Raptors|Dallas Mavericks,SAS|TOR|DAL,
76559,Rod Derline,Oklahoma City Thunder,OKC,
76561,Walter Devlin,Detroit Pistons|Los Angeles Lakers,DET|LAL,
76568,Ernie DiGregorio,LA Clippers|Los Angeles Lakers|Boston Celtics,LAC|LAL|BOS,
1628978,Donte DiVincenzo,Milwaukee Bucks|Sacramento Kings|Golden State Warriors|New York Knicks|Minnesota Timberwolves,MIL|SAC|GSW|NYK|MIN,
1631217,Moussa Diabaté,LA Clippers|Charlotte Hornets,LAC|CHA,
1629603,Mamadi Diakite,Milwaukee Bucks|Oklahoma City Thunder|Cleveland Cavaliers|San Antonio Spurs|New York Knicks,MIL|OKC|CLE|SAS|NYK,
1760,Derrick Dial,San Antonio Spurs|Brooklyn Nets|Toronto Raptors|Orlando Magic,SAS|BKN|TOR|ORL,
1627767,Cheick Diallo,New Orleans Pelicans|Phoenix Suns|Detroit Pistons,NOP|PHX|DET,
1628977,Hamidou Diallo,Oklahoma City Thunder|Detroit Pistons|Washington Wizards,OKC|DET|WAS,
2564,Boris Diaw,Atlanta Hawks|Phoenix Suns|Charlotte Hornets|San Antonio Spurs|Utah Jazz,ATL|PHX|CHA|SAS|UTA,
200821,Yakhouba Diawara,Denver Nuggets|Miami Heat,DEN|MIA,
1641711,Gradey Dick,Toronto Raptors,TOR,
2424,Dan Dickau,Atlanta Hawks|Portland Trail Blazers|Dallas Mavericks|New Orleans Pelicans|Boston Celtics|LA Clippers,ATL|POR|DAL|NOP|BOS|LAC,
2079,Kaniel Dickens,Portland Trail Blazers|Brooklyn Nets|Cleveland Cavaliers,POR|BKN|CLE,
76563,Henry Dickerson,Detroit Pistons|Atlanta Hawks,DET|ATL,
1722,Michael Dickerson,Houston Rockets|Memphis Grizzlies,HOU|MEM,
76564,Derrek Dickey,Golden State Warriors|Chicago Bulls,GSW|CHI,
101143,Travis Diener,Orlando Magic|Indiana Pacers|Portland Trail Blazers,ORL|IND|POR,
203476,Gorgui Dieng,Minnesota Timberwolves|Memphis Grizzlies|San Antonio Spurs|Atlanta Hawks,MIN|MEM|SAS|ATL,
1631172,Ousmane Dieng,Oklahoma City Thunder|Milwaukee Bucks,OKC|MIL,
76566,Connie Dierking,Philadelphia 76ers|Golden State Warriors|Sacramento Kings,PHI|GSW|SAC,
76567,Coby Dietrick,San Antonio Spurs|Chicago Bulls,SAS|CHI,
1642265,Rob Dillingham,Minnesota Timberwolves|Chicago Bulls,MIN|CHI,
76574,Byron Dinkins,Houston Rockets|San Antonio Spurs|Indiana Pacers,HOU|SAS|IND,
76576,Bill Dinwiddie,Sacramento Kings|Boston Celtics|Milwaukee Bucks,SAC|BOS|MIL,
203915,Spencer Dinwiddie,Detroit Pistons|Brooklyn Nets|Washington Wizards|Dallas Mavericks|Los Angeles Lakers,DET|BKN|WAS|DAL|LAL,
101113,Ike Diogu,Golden State Warriors|Indiana Pacers|Portland Trail Blazers|Sacramento Kings|LA Clippers|San Antonio Spurs,GSW|IND|POR|SAC|LAC|SAS,
2205,DeSagana Diop,Cleveland Cavaliers|Dallas Mavericks|Brooklyn Nets|Charlotte Hornets,CLE|DAL|BKN|CHA,
76577,Terry Dischinger,Washington Wizards|Detroit Pistons|Portland Trail Blazers,WAS|DET|POR,
124,Vlade Divac,Los Angeles Lakers|Charlotte Hornets|Sacramento Kings,LAL|CHA|SAC,
2413,Juan Dixon,Washington Wizards|Portland Trail Blazers|Toronto Raptors|Detroit Pistons,WAS|POR|TOR|DET,
1720,Michael Doleac,Orlando Magic|Cleveland Cavaliers|New York Knicks|Denver Nuggets|Miami Heat|Minnesota Timberwolves,ORL|CLE|NYK|DEN|MIA|MIN,
76582,Bob Doll,Boston Celtics,BOS,
76583,James Donaldson,Oklahoma City Thunder|LA Clippers|Dallas Mavericks|New York Knicks|Utah Jazz,OKC|LAC|DAL|NYK|UTA,
76584,Bob Donham,Boston Celtics,BOS,
1629029,Luka Don?i?,Dallas Mavericks|Los Angeles Lakers,DAL|LAL,
2039,Keyon Dooling,LA Clippers|Miami Heat|Orlando Magic|Brooklyn Nets|Milwaukee Bucks|Boston Celtics|Memphis Grizzlies,LAC|MIA|ORL|BKN|MIL|BOS|MEM,
76587,Jacky Dorsey,Denver Nuggets|Portland Trail Blazers|Houston Rockets|Oklahoma City Thunder,DEN|POR|HOU|OKC,
201595,Joey Dorsey,Houston Rockets|Sacramento Kings|Toronto Raptors,HOU|SAC|TOR,
1628416,Tyler Dorsey,Atlanta Hawks|Memphis Grizzlies|Dallas Mavericks,ATL|MEM|DAL,
1629652,Luguentz Dort,Oklahoma City Thunder,OKC,
1630245,Ayo Dosunmu,Chicago Bulls|Minnesota Timberwolves,CHI|MIN,
1628422,Damyean Dotson,New York Knicks|Cleveland Cavaliers,NYK|CLE,
1629653,Devon Dotson,Chicago Bulls|Washington Wizards,CHI|WAS,
200763,Quincy Douby,Sacramento Kings|Toronto Raptors,SAC|TOR,
76589,John Douglas,LA Clippers,LAC,
76590,Leon Douglas,Detroit Pistons|Sacramento Kings,DET|SAC,
428,Sherman Douglas,Miami Heat|Boston Celtics|Milwaukee Bucks|Brooklyn Nets|LA Clippers,MIA|BOS|MIL|BKN|LAC,
201962,Toney Douglas,New York Knicks|Houston Rockets|Sacramento Kings|Golden State Warriors|Miami Heat|New Orleans Pelicans|Memphis Grizzlies,NYK|HOU|SAC|GSW|MIA|NOP|MEM,
201604,Chris Douglas-Roberts,Brooklyn Nets|Milwaukee Bucks|Dallas Mavericks|Charlotte Hornets|LA Clippers,BKN|MIL|DAL|CHA|LAC,
1629635,Sekou Doumbouya,Detroit Pistons|Los Angeles Lakers,DET|LAL,
76592,Lloyd Dove,Detroit Pistons,DET,
76594,Steve Downing,Boston Celtics,BOS,
1630288,Jeff Dowtin Jr.,Golden State Warriors|Milwaukee Bucks|Orlando Magic|Toronto Raptors|Philadelphia 76ers,GSW|MIL|ORL|TOR|PHI,
1628408,PJ Dozier,Oklahoma City Thunder|Boston Celtics|Denver Nuggets|Sacramento Kings|Minnesota Timberwolves,OKC|BOS|DEN|SAC|MIN,
201609,Goran Dragic,Phoenix Suns|Houston Rockets|Miami Heat|Toronto Raptors|Brooklyn Nets|Chicago Bulls|Milwaukee Bucks,PHX|HOU|MIA|TOR|BKN|CHI|MIL,
204054,Zoran Dragic,Phoenix Suns|Miami Heat,PHX|MIA,
1068,Greg Dreiling,Indiana Pacers|Dallas Mavericks|Cleveland Cavaliers,IND|DAL|CLE,
1724,Bryce Drew,Houston Rockets|Chicago Bulls|Charlotte Hornets|New Orleans Pelicans,HOU|CHI|CHA|NOP,
76598,John Drew,Atlanta Hawks|Utah Jazz,ATL|UTA,
76599,Larry Drew,Detroit Pistons|Sacramento Kings|LA Clippers|Los Angeles Lakers,DET|SAC|LAC|LAL,
203580,Larry Drew II,Philadelphia 76ers|New Orleans Pelicans,PHI|NOP,
17,Clyde Drexler,Portland Trail Blazers|Houston Rockets,POR|HOU,
76603,Terry Driscoll,Detroit Pistons|Washington Wizards|Milwaukee Bucks,DET|WAS|MIL,
1542,Predrag Drobnjak,Oklahoma City Thunder|LA Clippers|Atlanta Hawks,OKC|LAC|ATL,
203083,Andre Drummond,Detroit Pistons|Cleveland Cavaliers|Los Angeles Lakers|Philadelphia 76ers|Brooklyn Nets|Chicago Bulls,DET|CLE|LAL|PHI|BKN|CHI,
76623,Dennis DuVal,Washington Wizards|Atlanta Hawks,WAS|ATL,
1630537,Chris Duarte,Indiana Pacers|Sacramento Kings|Chicago Bulls,IND|SAC|CHI,
404,Kevin Duckworth,San Antonio Spurs|Portland Trail Blazers|Washington Wizards|Milwaukee Bucks|LA Clippers,SAS|POR|WAS|MIL|LAC,
76607,Charles Dudley,Oklahoma City Thunder|Golden State Warriors|Chicago Bulls,OKC|GSW|CHI,
201,Chris Dudley,Cleveland Cavaliers|Brooklyn Nets|Portland Trail Blazers|New York Knicks|Phoenix Suns,CLE|BKN|POR|NYK|PHX,
201162,Jared Dudley,Charlotte Hornets|Phoenix Suns|LA Clippers|Milwaukee Bucks|Washington Wizards|Brooklyn Nets|Los Angeles Lakers,CHA|PHX|LAC|MIL|WAS|BKN|LAL,
76608,Terry Duerod,Detroit Pistons|Boston Celtics|Dallas Mavericks|Golden State Warriors,DET|BOS|DAL|GSW,
76609,Bob Duffy,Boston Celtics,BOS,
76610,Bob Duffy,Atlanta Hawks|Detroit Pistons,ATL|DET,
2768,Chris Duhon,Chicago Bulls|New York Knicks|Orlando Magic|Los Angeles Lakers,CHI|NYK|ORL|LAL,
1630561,David Duke Jr.,Brooklyn Nets|San Antonio Spurs,BKN|SAS,
76611,Walter Dukes,New York Knicks|Los Angeles Lakers|Detroit Pistons,NYK|LAL|DET,
247,Joe Dumars,Detroit Pistons,DET,
30,Richard Dumas,Phoenix Suns|Philadelphia 76ers,PHX|PHI,
434,Tony Dumas,Dallas Mavericks|Phoenix Suns|Cleveland Cavaliers,DAL|PHX|CLE,
76615,Andy Duncan,Sacramento Kings|Boston Celtics,SAC|BOS,
1495,Tim Duncan,San Antonio Spurs,SAS,
2399,Mike Dunleavy,Golden State Warriors|Indiana Pacers|Milwaukee Bucks|Chicago Bulls|Cleveland Cavaliers|Atlanta Hawks,GSW|IND|MIL|CHI|CLE|ATL,
76616,Mike Dunleavy,Philadelphia 76ers|Houston Rockets|San Antonio Spurs|Milwaukee Bucks,PHI|HOU|SAS|MIL,
1627739,Kris Dunn,Minnesota Timberwolves|Chicago Bulls|Atlanta Hawks|Portland Trail Blazers|Utah Jazz|LA Clippers,MIN|CHI|ATL|POR|UTA|LAC,
1642346,Ryan Dunn,Phoenix Suns,PHX,
76618,T.R. Dunn,Portland Trail Blazers|Denver Nuggets|Phoenix Suns,POR|DEN|PHX,
2648,Ronald Dupree,Chicago Bulls|Detroit Pistons|Minnesota Timberwolves|Oklahoma City Thunder|Toronto Raptors,CHI|DET|MIN|OKC|TOR,
201142,Kevin Durant,Oklahoma City Thunder|Golden State Warriors|Brooklyn Nets|Phoenix Suns|Houston Rockets,OKC|GSW|BKN|PHX|HOU,
1631105,Jalen Duren,Detroit Pistons,DET,
76619,John Duren,Utah Jazz|Indiana Pacers,UTA|IND,
1090,Pat Durham,Golden State Warriors|Minnesota Timberwolves,GSW|MIN,
76621,Devin Durrant,Indiana Pacers|Phoenix Suns,IND|PHX,
76622,Ken Durrett,Sacramento Kings|Philadelphia 76ers,SAC|PHI,
289,Ledell Eackles,Washington Wizards|Miami Heat,WAS|MIA,
76628,Jim Eakins,Sacramento Kings|Milwaukee Bucks|San Antonio Spurs,SAC|MIL|SAS,
768,Acie Earl,Boston Celtics|Toronto Raptors|Milwaukee Bucks,BOS|TOR|MIL,
203921,Cleanthony Early,New York Knicks,NYK,
1631106,Tari Eason,Houston Rockets,HOU,
76631,Mark Eaton,Utah Jazz,UTA,
76632,Jerry Eaves,Utah Jazz|Atlanta Hawks|Sacramento Kings,UTA|ATL|SAC,
202365,Devin Ebanks,Los Angeles Lakers,LAL,
76634,Al Eberhard,Detroit Pistons,DET,
2569,Ndudi Ebi,Minnesota Timberwolves,MIN,
204067,Jarell Eddie,Washington Wizards|Phoenix Suns|Boston Celtics|Chicago Bulls,WAS|PHX|BOS|CHI,
76636,Thomas Eddleman,Atlanta Hawks|Detroit Pistons,ATL|DET,
1641744,Zach Edey,Memphis Grizzlies,MEM,
76638,Keith Edmonson,Atlanta Hawks|San Antonio Spurs|Denver Nuggets,ATL|SAS|DEN,
721,Tyus Edney,Sacramento Kings|Boston Celtics|Indiana Pacers,SAC|BOS|IND,
1630162,Anthony Edwards,Minnesota Timberwolves,MIN,
898,Blue Edwards,Utah Jazz|Milwaukee Bucks|Boston Celtics|Memphis Grizzlies|Miami Heat,UTA|MIL|BOS|MEM|MIA,
1629035,Carsen Edwards,Boston Celtics|Detroit Pistons,BOS|DET,
346,Doug Edwards,Atlanta Hawks|Memphis Grizzlies,ATL|MEM,
76641,Franklin Edwards,Philadelphia 76ers|LA Clippers|Sacramento Kings,PHI|LAC|SAC,
229,James Edwards,Los Angeles Lakers|Indiana Pacers|Cleveland Cavaliers|Phoenix Suns|Detroit Pistons|LA Clippers|Portland Trail Blazers|Chicago Bulls,LAL|IND|CLE|PHX|DET|LAC|POR|CHI,
2823,John Edwards,Indiana Pacers|Atlanta Hawks,IND|ATL,
1642348,Justin Edwards,Philadelphia 76ers,PHI,
1630556,Kessler Edwards,Brooklyn Nets|Sacramento Kings|Dallas Mavericks,BKN|SAC|DAL,
236,Kevin Edwards,Miami Heat|Brooklyn Nets|Orlando Magic|Memphis Grizzlies,MIA|BKN|ORL|MEM,
76647,Johnny Egan,Detroit Pistons|New York Knicks|Washington Wizards|Los Angeles Lakers|Cleveland Cavaliers|Houston Rockets,DET|NYK|WAS|LAL|CLE|HOU,
76649,Eddie Ehlers,Boston Celtics,BOS,
378,Craig Ehlo,Houston Rockets|Cleveland Cavaliers|Atlanta Hawks|Oklahoma City Thunder,HOU|CLE|ATL|OKC,
458,Howard Eisley,Minnesota Timberwolves|San Antonio Spurs|Utah Jazz|Dallas Mavericks|New York Knicks|Phoenix Suns|LA Clippers|Denver Nuggets,MIN|SAS|UTA|DAL|NYK|PHX|LAC|DEN,
1918,Obinna Ekezie,Memphis Grizzlies|Washington Wizards|Dallas Mavericks|LA Clippers|Atlanta Hawks,MEM|WAS|DAL|LAC|ATL,
53,Mario Elie,Philadelphia 76ers|Golden State Warriors|Portland Trail Blazers|Houston Rockets|San Antonio Spurs|Phoenix Suns,PHI|GSW|POR|HOU|SAS|PHX,
1629604,CJ Elleby,Portland Trail Blazers,POR,
76655,Ray Ellefson,Los Angeles Lakers|New York Knicks,LAL|NYK,
1627740,Henry Ellenson,Detroit Pistons|New York Knicks|Brooklyn Nets|Toronto Raptors,DET|NYK|BKN|TOR,
201961,Wayne Ellington,Minnesota Timberwolves|Memphis Grizzlies|Cleveland Cavaliers|Dallas Mavericks|Los Angeles Lakers|Brooklyn Nets|Miami Heat|Detroit Pistons|New York Knicks,MIN|MEM|CLE|DAL|LAL|BKN|MIA|DET|NYK,
76656,Bob Elliott,Brooklyn Nets,BKN,
251,Sean Elliott,San Antonio Spurs|Detroit Pistons,SAS|DET,
76658,Alexander Ellis,Los Angeles Lakers,LAL,
76664,Bo Ellis,Denver Nuggets,DEN,
107,Dale Ellis,Dallas Mavericks|Oklahoma City Thunder|Milwaukee Bucks|San Antonio Spurs|Denver Nuggets|Charlotte Hornets,DAL|OKC|MIL|SAS|DEN|CHA,
1677,Harold Ellis,LA Clippers|Denver Nuggets,LAC|DEN,
76661,Joe Ellis,Golden State Warriors,GSW,
1631165,Keon Ellis,Sacramento Kings|Cleveland Cavaliers,SAC|CLE,
111,LaPhonso Ellis,Denver Nuggets|Atlanta Hawks|Minnesota Timberwolves|Miami Heat,DEN|ATL|MIN|MIA,
1034,LeRon Ellis,LA Clippers|Charlotte Hornets|Miami Heat,LAC|CHA|MIA,
76663,Leroy Ellis,Los Angeles Lakers|Washington Wizards|Portland Trail Blazers|Philadelphia 76ers,LAL|WAS|POR|PHI,
101145,Monta Ellis,Golden State Warriors|Milwaukee Bucks|Dallas Mavericks|Indiana Pacers,GSW|MIL|DAL|IND,
442,Pervis Ellison,Sacramento Kings|Washington Wizards|Boston Celtics|Oklahoma City Thunder,SAC|WAS|BOS|OKC,
600010,Len Elmore,Indiana Pacers|Sacramento Kings|Milwaukee Bucks|Brooklyn Nets|New York Knicks,IND|SAC|MIL|BKN|NYK,
1922,Francisco Elson,Denver Nuggets|San Antonio Spurs|Oklahoma City Thunder|Milwaukee Bucks|Philadelphia 76ers|Utah Jazz,DEN|SAS|OKC|MIL|PHI|UTA,
2408,Melvin Ely,LA Clippers|Charlotte Hornets|San Antonio Spurs|New Orleans Pelicans|Denver Nuggets,LAC|CHA|SAS|NOP|DEN,
203954,Joel Embiid,Philadelphia 76ers,PHI,
76668,Wayne Embry,Sacramento Kings|Boston Celtics|Milwaukee Bucks,SAC|BOS|MIL,
2765,Andre Emmett,Memphis Grizzlies|Brooklyn Nets,MEM|BKN,
76670,Chris Engler,Golden State Warriors|Brooklyn Nets|Chicago Bulls|Milwaukee Bucks|Portland Trail Blazers,GSW|BKN|CHI|MIL|POR,
76672,A.J. English,Washington Wizards,WAS,
76673,Alex English,Milwaukee Bucks|Indiana Pacers|Denver Nuggets|Dallas Mavericks,MIL|IND|DEN|DAL,
76676,Jojo English,Chicago Bulls,CHI,
76677,Gene Englund,Atlanta Hawks|Boston Celtics,ATL|BOS,
203898,Tyler Ennis,Phoenix Suns|Milwaukee Bucks|Houston Rockets|Los Angeles Lakers,PHX|MIL|HOU|LAL,
203516,James Ennis III,Miami Heat|Memphis Grizzlies|New Orleans Pelicans|Detroit Pistons|Houston Rockets|Philadelphia 76ers|Orlando Magic|Brooklyn Nets|LA Clippers|Denver Nuggets,MIA|MEM|NOP|DET|HOU|PHI|ORL|BKN|LAC|DEN,
201623,Semih Erden,Boston Celtics|Cleveland Cavaliers,BOS|CLE,
76680,Keith Erickson,Golden State Warriors|Chicago Bulls|Los Angeles Lakers|Phoenix Suns,GSW|CHI|LAL|PHX,
76681,Julius Erving,Philadelphia 76ers,PHI,
1915,Evan Eschmeyer,Brooklyn Nets|Dallas Mavericks,BKN|DAL,
1630623,Tyson Etienne,Brooklyn Nets,BKN,
1629234,Drew Eubanks,San Antonio Spurs|Portland Trail Blazers|Phoenix Suns|Utah Jazz|LA Clippers|Sacramento Kings,SAS|POR|PHX|UTA|LAC|SAC,
967,Brian Evans,Orlando Magic|Brooklyn Nets|Minnesota Timberwolves,ORL|BKN|MIN,
1628980,Jacob Evans,Golden State Warriors|Minnesota Timberwolves,GSW|MIN,
1628393,Jawun Evans,LA Clippers|Phoenix Suns|Oklahoma City Thunder,LAC|PHX|OKC,
202379,Jeremy Evans,Utah Jazz|Dallas Mavericks|Atlanta Hawks,UTA|DAL|ATL,
2230,Maurice Evans,Minnesota Timberwolves|Sacramento Kings|Detroit Pistons|Los Angeles Lakers|Orlando Magic|Atlanta Hawks|Washington Wizards,MIN|SAC|DET|LAL|ORL|ATL|WAS,
76686,Mike Evans,San Antonio Spurs|Milwaukee Bucks|Cleveland Cavaliers|Denver Nuggets,SAS|MIL|CLE|DEN,
2501,Reggie Evans,Oklahoma City Thunder|Denver Nuggets|Philadelphia 76ers|Toronto Raptors|LA Clippers|Brooklyn Nets|Sacramento Kings,OKC|DEN|PHI|TOR|LAC|BKN|SAC,
201936,Tyreke Evans,Sacramento Kings|New Orleans Pelicans|Memphis Grizzlies|Indiana Pacers,SAC|NOP|MEM|IND,
1641787,Tosan Evbuomwan,Memphis Grizzlies|Detroit Pistons|Brooklyn Nets|New York Knicks,MEM|DET|BKN|NYK,
101137,Daniel Ewing,LA Clippers,LAC,
121,Patrick Ewing,New York Knicks|Oklahoma City Thunder|Orlando Magic,NYK|OKC|ORL,
203957,Dante Exum,Utah Jazz|Cleveland Cavaliers|Dallas Mavericks,UTA|CLE|DAL,
201963,Christian Eyenga,Cleveland Cavaliers|Los Angeles Lakers,CLE|LAL,
203105,Festus Ezeli,Golden State Warriors,GSW,
76689,Johnny Ezersky,Boston Celtics,BOS,
1629605,Tacko Fall,Boston Celtics|Cleveland Cavaliers,BOS|CLE,
76692,Phil Farbman,Golden State Warriors|Boston Celtics,GSW|BOS,
202702,Kenneth Faried,Denver Nuggets|Brooklyn Nets|Houston Rockets,DEN|BKN|HOU,
76693,Dick Farley,Philadelphia 76ers|Detroit Pistons,PHI|DET,
200770,Jordan Farmar,Los Angeles Lakers|Brooklyn Nets|LA Clippers|Memphis Grizzlies|Sacramento Kings,LAL|BKN|LAC|MEM|SAC,
2824,Desmon Farmer,Oklahoma City Thunder|San Antonio Spurs,OKC|SAS,
76695,Jim Farmer,Dallas Mavericks|Utah Jazz|Oklahoma City Thunder|Philadelphia 76ers|Denver Nuggets,DAL|UTA|OKC|PHI|DEN,
76694,Mike Farmer,New York Knicks|Sacramento Kings|Atlanta Hawks,NYK|SAC|ATL,
1108,Tony Farmer,Charlotte Hornets|Golden State Warriors,CHA|GSW,
202324,Derrick Favors,Brooklyn Nets|Utah Jazz|New Orleans Pelicans|Oklahoma City Thunder,BKN|UTA|NOP|OKC,
201174,Nick Fazekas,Dallas Mavericks|LA Clippers,DAL|LAC,
994,Jamie Feick,Charlotte Hornets|San Antonio Spurs|Milwaukee Bucks|Brooklyn Nets,CHA|SAS|MIL|BKN,
76702,George Feigenbaum,Atlanta Hawks,ATL,
76703,Dave Feitl,Houston Rockets|Golden State Warriors|Washington Wizards|Brooklyn Nets,HOU|GSW|WAS|BKN,
1627770,Kay Felder,Cleveland Cavaliers|Chicago Bulls|Detroit Pistons,CLE|CHI|DET,
1626245,Cristiano Felicio,Chicago Bulls,CHI,
76704,Ray Felix,New York Knicks|Los Angeles Lakers,NYK|LAL,
101109,Raymond Felton,Charlotte Hornets|New York Knicks|Denver Nuggets|Portland Trail Blazers|Dallas Mavericks|LA Clippers|Oklahoma City Thunder,CHA|NYK|DEN|POR|DAL|LAC|OKC,
76705,Jake Fendley,Detroit Pistons,DET,
1628390,Terrance Ferguson,Oklahoma City Thunder|Philadelphia 76ers,OKC|PHI,
201164,Rudy Fernandez,Portland Trail Blazers|Denver Nuggets,POR|DEN,
1628981,Bruno Fernando,Atlanta Hawks|Boston Celtics|Houston Rockets|Toronto Raptors,ATL|BOS|HOU|TOR,
76707,Eric Fernsten,Cleveland Cavaliers|Chicago Bulls|Boston Celtics|New York Knicks,CLE|CHI|BOS|NYK,
76708,Al Ferrari,Atlanta Hawks|Washington Wizards,ATL|WAS,
273,Duane Ferrell,Atlanta Hawks|Indiana Pacers|Golden State Warriors,ATL|IND|GSW,
1627812,Yogi Ferrell,Brooklyn Nets|Dallas Mavericks|Sacramento Kings|Cleveland Cavaliers|LA Clippers,BKN|DAL|SAC|CLE|LAC,
76711,Arnie Ferrin,Los Angeles Lakers,LAL,
76712,Bob Ferry,Atlanta Hawks|Detroit Pistons|Washington Wizards,ATL|DET|WAS,
198,Danny Ferry,Cleveland Cavaliers|San Antonio Spurs,CLE|SAS,
201178,Kyrylo Fesenko,Utah Jazz|Indiana Pacers,UTA|IND,
76713,Kenny Fields,Milwaukee Bucks|LA Clippers,MIL|LAC,
202361,Landry Fields,New York Knicks|Toronto Raptors,NYK|TOR,
1642271,Kyle Filipowski,Utah Jazz,UTA,
76715,Greg Fillmore,New York Knicks,NYK,
76716,Hank Finkel,Los Angeles Lakers|Houston Rockets|Boston Celtics,LAL|HOU|BOS,
714,Michael Finley,Phoenix Suns|Dallas Mavericks|San Antonio Spurs|Boston Celtics,PHX|DAL|SAS|BOS,
76717,Danny Finn,Golden State Warriors,GSW,
1627827,Dorian Finney-Smith,Dallas Mavericks|Brooklyn Nets|Los Angeles Lakers|Houston Rockets,DAL|BKN|LAL|HOU,
900,Matt Fish,LA Clippers|New York Knicks|Denver Nuggets|Washington Wizards|Miami Heat,LAC|NYK|DEN|WAS|MIA,
965,Derek Fisher,Los Angeles Lakers|Golden State Warriors|Utah Jazz|Oklahoma City Thunder|Dallas Mavericks,LAL|GSW|UTA|OKC|DAL,
1630238,Malik Fitts,LA Clippers|Utah Jazz|Boston Celtics,LAC|UTA|BOS,
76720,Bob Fitzgerald,New York Knicks|Sacramento Kings,NYK|SAC,
2033,Marcus Fizer,Chicago Bulls|Milwaukee Bucks|New Orleans Pelicans,CHI|MIL|NOP,
1641745,Adam Flagler,Oklahoma City Thunder,OKC,
76721,Jerry Fleishman,Golden State Warriors,GSW,
76723,Ed Fleming,Sacramento Kings|Los Angeles Lakers,SAC|LAL,
313,Vern Fleming,Indiana Pacers|Brooklyn Nets,IND|BKN,
2784,Luis Flores,Golden State Warriors|Denver Nuggets,GSW|DEN,
1642280,Trentyn Flowers,LA Clippers|Chicago Bulls,LAC|CHI,
76726,Sleepy Floyd,Brooklyn Nets|Golden State Warriors|Houston Rockets|San Antonio Spurs,BKN|GSW|HOU|SAS,
201938,Jonny Flynn,Minnesota Timberwolves|Houston Rockets|Portland Trail Blazers,MIN|HOU|POR,
1630201,Malachi Flynn,Toronto Raptors|New York Knicks|Detroit Pistons|Charlotte Hornets,TOR|NYK|DET|CHA,
76727,Mike Flynn,Indiana Pacers,IND,
1631323,Simone Fontecchio,Utah Jazz|Detroit Pistons|Miami Heat,UTA|DET|MIA,
201814,Gary Forbes,Denver Nuggets|Toronto Raptors,DEN|TOR,
76732,Alphonso Ford,Oklahoma City Thunder|Philadelphia 76ers,OKC|PHI,
2228,Alton Ford,Phoenix Suns|Houston Rockets,PHX|HOU,
76733,Chris Ford,Detroit Pistons|Boston Celtics,DET|BOS,
76734,Don Ford,Los Angeles Lakers|Cleveland Cavaliers,LAL|CLE,
76735,Jake Ford,Oklahoma City Thunder,OKC,
76736,Phil Ford,Sacramento Kings|Brooklyn Nets|Milwaukee Bucks|Houston Rockets,SAC|BKN|MIL|HOU,
2551,T.J. Ford,Milwaukee Bucks|Toronto Raptors|Indiana Pacers|San Antonio Spurs,MIL|TOR|IND|SAS,
76739,Bayard Forrest,Phoenix Suns,PHX,
1630235,Trent Forrest,Utah Jazz|Atlanta Hawks,UTA|ATL,
2218,Joseph Forte,Boston Celtics|Oklahoma City Thunder,BOS|OKC,
202622,Courtney Fortson,LA Clippers|Houston Rockets,LAC|HOU,
1504,Danny Fortson,Denver Nuggets|Boston Celtics|Golden State Warriors|Dallas Mavericks|Oklahoma City Thunder,DEN|BOS|GSW|DAL|OKC,
76740,Fred Foster,Sacramento Kings|Philadelphia 76ers|Detroit Pistons|Cleveland Cavaliers|LA Clippers,SAC|PHI|DET|CLE|LAC,
323,Greg Foster,Washington Wizards|Atlanta Hawks|Milwaukee Bucks|Chicago Bulls|Minnesota Timberwolves|Utah Jazz|Oklahoma City Thunder|Los Angeles Lakers|Toronto Raptors,WAS|ATL|MIL|CHI|MIN|UTA|OKC|LAL|TOR,
1902,Jeff Foster,Indiana Pacers,IND,
76742,Rod Foster,Phoenix Suns,PHX,
203095,Evan Fournier,Denver Nuggets|Orlando Magic|Boston Celtics|New York Knicks|Detroit Pistons,DEN|ORL|BOS|NYK|DET,
76744,Larry Foust,Detroit Pistons|Los Angeles Lakers|Atlanta Hawks,DET|LAL|ATL,
1762,Tremaine Fowlkes,LA Clippers|Detroit Pistons|Indiana Pacers,LAC|DET|IND,
1628368,De'Aaron Fox,Sacramento Kings|San Antonio Spurs,SAC|SAS,
76747,Jim Fox,Detroit Pistons|Sacramento Kings|Phoenix Suns|Chicago Bulls|Oklahoma City Thunder|Milwaukee Bucks|Brooklyn Nets,DET|SAC|PHX|CHI|OKC|MIL|BKN,
296,Rick Fox,Boston Celtics|Los Angeles Lakers,BOS|LAL,
200751,Randy Foye,Minnesota Timberwolves|Washington Wizards|LA Clippers|Utah Jazz|Denver Nuggets|Oklahoma City Thunder|Brooklyn Nets,MIN|WAS|LAC|UTA|DEN|OKC|BKN,
1502,Adonal Foyle,Golden State Warriors|Orlando Magic|Memphis Grizzlies,GSW|ORL|MEM,
2499,Richie Frahm,Oklahoma City Thunder|Portland Trail Blazers|Minnesota Timberwolves|Houston Rockets|LA Clippers,OKC|POR|MIN|HOU|LAC,
1883,Steve Francis,Houston Rockets|Orlando Magic|New York Knicks,HOU|ORL|NYK,
76748,Tellis Frank,Golden State Warriors|Miami Heat|Minnesota Timberwolves,GSW|MIA|MIN,
203479,Jamaal Franklin,Memphis Grizzlies|Denver Nuggets,MEM|DEN,
204025,Tim Frazier,Philadelphia 76ers|Portland Trail Blazers|New Orleans Pelicans|Washington Wizards|Milwaukee Bucks|Detroit Pistons|Memphis Grizzlies|Orlando Magic|Cleveland Cavaliers,PHI|POR|NOP|WAS|MIL|DET|MEM|ORL|CLE,
76750,Walt Frazier,New York Knicks|Cleveland Cavaliers,NYK|CLE,
1628982,Melvin Frazier Jr.,Orlando Magic|Oklahoma City Thunder,ORL|OKC,
76752,Anthony Frederick,Indiana Pacers|Sacramento Kings|Charlotte Hornets,IND|SAC|CHA,
202690,Jimmer Fredette,Sacramento Kings|Chicago Bulls|New Orleans Pelicans|New York Knicks|Phoenix Suns,SAC|CHI|NOP|NYK|PHX,
76753,World Free,Philadelphia 76ers|LA Clippers|Golden State Warriors|Cleveland Cavaliers|Houston Rockets,PHI|LAC|GSW|CLE|HOU,
202683,Enes Freedom,Utah Jazz|Oklahoma City Thunder|New York Knicks|Portland Trail Blazers|Boston Celtics,UTA|OKC|NYK|POR|BOS,
200777,Joel Freeland,Portland Trail Blazers,POR,
1642402,Enrique Freeman,Indiana Pacers|Minnesota Timberwolves,IND|MIN,
76755,Gary Freeman,Milwaukee Bucks|Cleveland Cavaliers,MIL|CLE,
2782,Matt Freije,New Orleans Pelicans|Atlanta Hawks,NOP|ATL,
76760,Jim Fritsche,Detroit Pistons,DET,
101112,Channing Frye,New York Knicks|Portland Trail Blazers|Phoenix Suns|Orlando Magic|Cleveland Cavaliers|Los Angeles Lakers,NYK|POR|PHX|ORL|CLE|LAL,
76761,Bernie Fryer,Portland Trail Blazers|Utah Jazz,POR|UTA,
1641788,Alex Fudge,Los Angeles Lakers|Dallas Mavericks,LAL|DAL,
76764,Joe Fulks,Golden State Warriors,GSW,
957,Todd Fuller,Golden State Warriors|Utah Jazz|Charlotte Hornets|Miami Heat,GSW|UTA|CHA|MIA,
1628365,Markelle Fultz,Philadelphia 76ers|Orlando Magic|Sacramento Kings|Toronto Raptors,PHI|ORL|SAC|TOR,
1444,Lawrence Funderburke,Sacramento Kings|Chicago Bulls,SAC|CHI,
76767,Terry Furlow,Philadelphia 76ers|Cleveland Cavaliers|Atlanta Hawks|Utah Jazz,PHI|CLE|ATL|UTA,
1642277,Johnny Furphy,Indiana Pacers,IND,
76768,Billy Gabor,Philadelphia 76ers,PHI,
1629117,Wenyen Gabriel,Sacramento Kings|Portland Trail Blazers|New Orleans Pelicans|Brooklyn Nets|LA Clippers|Los Angeles Lakers|Memphis Grizzlies,SAC|POR|NOP|BKN|LAC|LAL|MEM,
2429,Dan Gadzuric,Milwaukee Bucks|Golden State Warriors|Brooklyn Nets|New York Knicks,MIL|GSW|BKN|NYK,
1629655,Daniel Gafford,Chicago Bulls|Washington Wizards|Dallas Mavericks,CHI|WAS|DAL,
76770,Corey Gaines,Brooklyn Nets|Philadelphia 76ers|Denver Nuggets|New York Knicks,BKN|PHI|DEN|NYK,
2558,Reece Gaines,Orlando Magic|Houston Rockets|Milwaukee Bucks,ORL|HOU|MIL,
202178,Sundiata Gaines,Utah Jazz|Minnesota Timberwolves|Toronto Raptors|Brooklyn Nets,UTA|MIN|TOR|BKN,
76771,Mike Gale,San Antonio Spurs|Portland Trail Blazers|Golden State Warriors,SAS|POR|GSW,
76773,Harry Gallatin,New York Knicks|Detroit Pistons,NYK|DET,
201568,Danilo Gallinari,New York Knicks|Denver Nuggets|LA Clippers|Oklahoma City Thunder|Atlanta Hawks|Washington Wizards|Detroit Pistons|Milwaukee Bucks,NYK|DEN|LAC|OKC|ATL|WAS|DET|MIL,
204038,Langston Galloway,New York Knicks|New Orleans Pelicans|Sacramento Kings|Detroit Pistons|Phoenix Suns|Brooklyn Nets|Milwaukee Bucks,NYK|NOP|SAC|DET|PHX|BKN|MIL,
76774,Dave Gambee,Atlanta Hawks|Philadelphia 76ers|Houston Rockets|Milwaukee Bucks|Detroit Pistons|Golden State Warriors,ATL|PHI|HOU|MIL|DET|GSW,
333,Kevin Gamble,Portland Trail Blazers|Boston Celtics|Miami Heat|Sacramento Kings,POR|BOS|MIA|SAC,
200816,Jorge Garbajosa,Toronto Raptors,TOR,
2092,Ruben Garces,Phoenix Suns|Golden State Warriors,PHX|GSW,
2682,Alex Garcia,San Antonio Spurs|New Orleans Pelicans,SAS|NOP,
101128,Francisco Garcia,Sacramento Kings|Houston Rockets,SAC|HOU,
201242,Thomas Gardner,Chicago Bulls|Atlanta Hawks,CHI|ATL,
76779,Vern Gardner,Golden State Warriors,GSW,
76780,Jack Garfinkel,Boston Celtics,BOS,
76006,Forest Able,,,
76007,John Abramovic,,,
76008,Donald Ackerman,,,
76010,Charles Acton,,,
1629061,Deng Adel,,,
203006,Josh Akognon,,,
1629152,DeVaughn Akoon-Purcell,,,
203128,Furkan Aldemir,,,
76021,Chuck Aleksinas,,,
1626146,Cliff Alexander,,,
1629734,Kyle Alexander,,,
1630234,Ty-Shon Alexander,,,
1628959,Rawle Alkins,,,
76028,Bob Allen,,,
1641851,Timmy Allen,,,
76029,Odis Allison,,,
200984,Lance Allred,,,
76030,Darrell Allums,,,
1824,Peter Aluma,,,
76034,Bob Anderegg,,,
202079,Antonio Anderson,,,
76037,Dwight Anderson,,,
76041,Kim Anderson,,,
76042,Michael Anderson,,,
76048,Wally Anderzunas,,,
101149,Martynas Andriuskevicius,,,
76049,Don Anielak,,,
1630828,Alex Antetokounmpo,,,
203951,Keith Appling,,,
76053,Stacey Arceneaux,,,
76057,Joe Arlauckas,,,
76061,Bob Armstrong,,,
1642379,Taran Armstrong,,,
76062,Jesse Arnelle,,,
76064,Bob Arnzen,,,
76065,John Arthurs,,,
1628503,Jamel Artis,,,
76068,Don Asmonga,,,
76071,Chet Aubuchon,,,
76073,John Austin,,,
76074,Ken Austin,,,
1630555,Joel Ayayi,,,
203569,Chris Babb,,,
76080,Johnny Bach,,,
1630641,Ibou Badji,,,
1630542,Marcus Bagley,,,
1642846,Ace Bailey,,,
1641735,Amari Bailey,,,
76084,Carl Bailey,,,
1858,Mark Baker,,,
76089,Norm Baker,,,
1642380,Adama Bal,,,
76090,Cedric Ball,,,
76092,Herschel Baltimore,,,
1627760,Cat Barber,,,
76096,John Barber,,,
76098,Cliff Barker,,,
76103,Harry Barnes,,,
76109,Norton Barnhill,,,
1642964,Brooks Barnhizer,,,
76111,John Barr,,,
76112,Mike Barr,,,
76113,Thomas Barr,,,
76118,Vic Bartolome,,,
101188,Eddie Basden,,,
76119,Jerry Baskerville,,,
1628238,Paris Bass,,,
2471,Mike Batiste,,,
1641878,Damion Baugh,,,
76126,Frankie Baumholtz,,,
76128,Sergei Bazarevich,,,
76129,Ed Beach,,,
76131,Ralph Beard,,,
2602,Jerome Beasley,,,
76134,Byron Beck,,,
76141,Elmer Behnke,,,
2559,Troy Bell,,,
203968,Jerrelle Benimon,,,
202728,Keith Benson,,,
1627791,Ben Bentil,,,
76155,Gene Berce,,,
76156,Gary Bergen,,,
1642866,Joan Beringer,,,
1631262,Jules Bernard,,,
76157,Ricky Berry,,,
1629541,Dairis Bertans,,,
1630189,Tyler Bey,,,
204021,Sim Bhullar,,,
76161,Hank Biasatti,,,
76163,Ed Biedenbach,,,
76164,Don Bielke,,,
76167,Joe Binion,,,
1628444,Jabari Bird,,,
76168,Jerry Bird,,,
76171,Gale Bishop,,,
1641931,Onuralp Bitim,,,
76174,Norman Black,,,
76180,Alex Blackwell,,,
76177,Cory Blackwell,,,
76179,Nate Blackwell,,,
202392,Marqus Blakely,,,
200807,Will Blalock,,,
76182,George Blaney,,,
76184,Ricky Blanton,,,
76186,Leon Blevins,,,
1628417,Jaron Blossomgame,,,
1629129,Trevon Bluiett,,,
76189,Ray Blume,,,
2800,Tony Bobbitt,,,
76196,Bill Bolger,,,
76197,Doug Bolstorff,,,
76203,George H. Bon Salle,,,
76198,Phil Bond,,,
1121,Dexter Boney,,,
1953,Lazaro Borrell,,,
76209,Costic Borsavage,,,
76211,Jim Bostic,,,
76212,Lawrence Boston,,,
1629065,Ky Bowman,,,
76221,Dennis Boyd,,,
76223,Ken Boyd,,,
200841,Cedric Bozeman,,,
76228,Alex Bradley,,,
76232,Joe Bradley,,,
1361,Mark Bradtke,,,
66,Marques Bragg,,,
1920,A.J. Bramlett,,,
76240,Jesse Branson,,,
1642886,Koby Brea,,,
76245,Pete Brennan,,,
76246,Tom Brennan,,,
1641779,Jalen Bridges,,,
76254,Al Brightman,,,
1628578,Amida Brimah,,,
76255,Audley Brindley,,,
1628515,Isaiah Briscoe,,,
76258,Tyrone Britt,,,
76259,Wayman Britt,,,
76261,David Britton,,,
1631167,Izaiah Brockington,,,
1631232,Keion Brooks Jr.,,,
1641780,Johni Broome,,,
76284,Bob Brown,,,
1642468,Darius Brown,,,
76270,Darrell Brown,,,
2081,Ernest Brown,,,
76273,George Brown,,,
1871,Gerald Brown,,,
76275,Harold Brown,,,
203913,Jabari Brown,,,
76278,Leon Brown,,,
76279,Lewis Brown,,,
76277,Myron Brown,,,
76282,Raymond Brown,,,
76287,Jim Browne,,,
76288,Stanley Brundy,,,
1642868,Carter Bryant,,,
1629091,Elijah Bryant,,,
76292,Torgeir Bryn,,,
1629783,Shaq Buchanan,,,
76294,Steve Bucknall,,,
76300,Greg Bunch,,,
76301,Dick Bunt,,,
76302,Bill Buntin,,,
76304,Roger Burkman,,,
101207,Kevin Burleson,,,
76306,Jack Burmaster,,,
76308,Evers Burns,,,
76309,Jim Burns,,,
675,Junior Burrough,,,
1631174,Tyler Burton,,,
202221,Brian Butch,,,
202364,Da'Sean Butler,,,
1631219,John Butler Jr.,,,
201182,Derrick Byars,,,
76323,Mike Bytzura,,,
76328,Jim Caldwell,,,
76332,Demetrius Calip,,,
76333,Tom Callahan,,,
76334,Rick Calloway,,,
76335,Ernie Calverley,,,
76337,Dexter Cambridge,,,
76339,Larry Cannon,,,
202382,Derrick Caracter,,,
1642928,Dylan Cardwell,,,
76340,Howie Carl,,,
76341,Chet Carlisle,,,
2367,Geno Carlisle,,,
76343,Al Carlson,,,
76345,Bob Carney,,,
1757,Cory Carr,,,
1131,Jimmy Carruth,,,
76357,George Carter,,,
76359,Jake Carter,,,
76363,Jay Carty,,,
76364,Cornelius Cash,,,
76367,Sid Catlett,,,
1628505,Troy Caupain,,,
1629958,Ahmad Caver,,,
1630608,Malcolm Cazalon,,,
1911,John Celestand,,,
2763,Lionel Chalmers,,,
76374,Bill Chamberlain,,,
76378,Mike Champion,,,
76384,Lorenzo Charles,,,
203805,Will Cherry,,,
1642279,Ulrich Chomche,,,
76393,Fred Christ,,,
202091,Dionte Christmas,,,
203902,Semaj Christon,,,
203565,Patrick Christopher,,,
928,Robert Churchwell,,,
1630619,Moussa Cisse,,,
1626262,Coty Clarke,,,
1628492,Gian Clavell,,,
1127,Charles Claxton,,,
1629598,Chris Clemons,,,
1642363,Nique Clifford,,,
76407,Paul Cloyd,,,
76408,Marion Cluggish,,,
76409,Ben Clyde,,,
76410,Richard Coffey,,,
76415,Norris Coleman,,,
76416,Art Collins,,,
1530,James Collins,,,
202395,Sherron Collins,,,
1641879,Yuri Collins,,,
1627858,Kyle Collinsworth,,,
76422,Joe Colone,,,
1629045,Bonzie Colson,,,
1628435,Chance Comanche,,,
76425,Leroy Combs,,,
76427,Larry Comley,,,
76434,Bert Cook,,,
76438,Bobby Cook,,,
1628429,Charles Cooke,,,
76439,David Cooke,,,
1631451,Javonte Cooke,,,
76440,Joe Cooke,,,
1641645,Xavier Cooks,,,
76446,Tom Copa,,,
76451,Ken Corley,,,
1627822,Petr Cornelie,,,
1627856,Matt Costello,,,
76456,Jack Cotton,,,
76457,John Coughran,,,
76459,Steve Courtin,,,
202408,Marcus Cousin,,,
1642907,Cedric Coward,,,
76463,John Cox,,,
76464,Johnny Cox,,,
201621,Joe Crawford,,,
76468,Jim Creighton,,,
76470,Hal Crisler,,,
76475,Terry Crosby,,,
76476,Jeff Cross,,,
76478,Russell Cross,,,
76481,Mark Crow,,,
1630622,Jalen Crutcher,,,
1643018,LJ Cryer,,,
1642385,Cui Yongxi,,,
1629600,Jarron Cumberland,,,
76488,Radisav Curcic,,,
76489,Armand Cure,,,
201191,JamesOn Curry,,,
687,Rastko Cvetkovic,,,
76496,Ed Dahler,,,
2845,Erik Daniels,,,
76502,Mel Daniels,,,
76506,Henry Darcey,,,
76507,Jimmy Darden,,,
76509,Jesse Dark,,,
1630268,Nate Darling,,,
76511,Jimmy Darrow,,,
76515,Aubrey Davis,,,
76538,Bill Davis,,,
76533,Bob Davis,,,
76517,Brian Davis,,,
76524,James Davis,,,
76530,Michael Davis,,,
1629093,Tyler Davis,,,
203958,Andre Dawkins,,,
76541,Paul Dawkins,,,
1626183,Branden Dawson,,,
201286,Eric Dawson,,,
76562,Hank DeZonie,,,
76544,Greg Deane,,,
76548,Red Dehnert,,,
1626214,Bryce Dejean-Jones,,,
1629116,Angel Delgado,,,
76552,Fennis Dembo,,,
76557,Blaine Denning,,,
1641926,Dexter Dennis,,,
76558,Randy Denton,,,
1629094,Marcus Derrickson,,,
76560,Dave Deutsch,,,
1642885,Mohamed Diawara,,,
200799,Guillermo Diaz,,,
76565,Dick Dickey,,,
1630621,Hunter Dickinson,,,
76569,Mickey Dillard,,,
76570,Bob Dille,,,
76571,John Dillon,,,
76575,Jackie Dinkins,,,
76578,Fred Diute,,,
1059,Aleksandar Djordjevic,,,
76580,Earl Dodd,,,
76581,Joe Dolhon,,,
76586,Billy Donovan,,,
76585,Harry Donovan,,,
76588,Bruce Douglas,,,
202220,Zabian Dowdell,,,
76593,Bill Downey,,,
76595,Danny Doyle,,,
1628495,Milton Doyle,,,
76596,Terry Dozier,,,
1630929,Henri Drell,,,
1041,Nate Driggers,,,
76604,Ralph Drollinger,,,
1642505,Alex Ducas,,,
76605,Dick Duckett,,,
1626251,Duje Dukan,,,
76617,Pat Dunn,,,
1628979,Trevon Duval,,,
76624,Jack Dwan,,,
76625,Craig Dykema,,,
76626,Gene Dyker,,,
202406,Jerome Dyson,,,
1642856,Egor D?min,,,
76630,Ed Earle,,,
76633,Bill Ebben,,,
1630693,Jaime Echenique,,,
76635,Patrick Eddie,,,
76637,Kent Edelin,,,
1642845,VJ Edgecombe,,,
76646,Bill Edwards,,,
2451,Corsley Edwards,,,
76643,Jay Edwards,,,
1642399,Jesse Edwards,,,
1630306,Rob Edwards,,,
202197,Shane Edwards,,,
1629053,Vincent Edwards,,,
76648,Lonnie Eggleston,,,
76651,Dick Eichhorst,,,
2064,Khalid El-Amin,,,
76653,Don Eliason,,,
76667,Darrell Elston,,,
1642400,Tristan Enaruna,,,
76669,Ned Endress,,,
76671,Wayne Englestad,,,
76674,Claude English,,,
203119,Kim English,,,
76675,Scott English,,,
76678,Ray Epps,,,
76679,Bo Erias,,,
76682,Jack Eskridge,,,
76683,Vincenzo Esposito,,,
1642855,Noa Essengue,,,
76687,Bob Evans,,,
76685,Earl Evans,,,
201607,Patrick Ewing,,,
76690,Joe Fabel,,,
76691,John Fairchild,,,
76696,Bob Faught,,,
203543,Vitor Faverani,,,
1642847,Jeremiah Fears,,,
76697,Dave Fedor,,,
76698,Bob Feerick,,,
76699,Butch Feher,,,
76701,Ron Feiereisel,,,
203467,Carrick Felix,,,
101230,Noel Felix,,,
76706,Bill Fenley,,,
2724,Desmond Ferguson,,,
76709,Rolando Ferreira,,,
76714,Ron Filipek,,,
2809,Gerald Fitch,,,
76719,Dick Fitzgerald,,,
1642843,Cooper Flagg,,,
76722,Al Fleming,,,
1642853,Rasheer Fleming,,,
76725,Bruce Flowers,,,
76728,Larry Fogle,,,
76729,Jack Foley,,,
1829,Ike Fontaine,,,
76731,Levi Fontaine,,,
202880,Jeff Foote,,,
1627854,Bryn Forbes,San Antonio Spurs|Milwaukee Bucks|Denver Nuggets|Minnesota Timberwolves,SAS|MIL|DEN|MIN,
1630758,Aleem Ford,,,
1630259,Jordan Ford,,,
101213,Sharrod Ford,,,
726,Sherell Ford,,,
76738,Donnie Forman,,,
1630701,Michael Foster Jr.,,,
2238,Antonis Fotsis,,,
76745,Jerry Fowler,,,
76746,Harold Fox,,,
76749,Nat Frankel,,,
1629606,Robert Franks,,,
76751,Will Frazier,,,
1626187,Michael Frazier II,,,
76754,Donnie Freeman,,,
76756,Rod Freeman,,,
1631241,Javon Freeman-Liberty,,,
76757,Frido Frey,,,
76758,Larry Friend,,,
76759,Pat Frink,,,
76762,Frank Fucarino,,,
76763,Herm Fuetsch,,,
2673,Hiram Fuller,,,
76765,Tony Fuller,,,
1641847,Andrew Funk,,,
202070,Tony Gaffney,,,
101184,Deng Gai,,,
76769,Elmer R. Gainer,,,
76772,Chad Gallagher,,,
1641945,Jaylin Galloway,,,
76776,Bob Gantt,,,
1643158,Andersson Garcia,,,
76778,Earl Gardner,,,
1642066,Myron Gardner,,,
1627868,Patricio Garino,,,
1629636,Darius Garland,Cleveland Cavaliers|LA Clippers,CLE|LAC,
76781,Gary Garland,,,
76782,Winston Garland,Golden State Warriors|LA Clippers|Denver Nuggets|Houston Rockets|Minnesota Timberwolves,GSW|LAC|DEN|HOU|MIN,
76783,Dick Garmaker,Los Angeles Lakers|New York Knicks,LAL|NYK,
1612,Chris Garner,Toronto Raptors|Golden State Warriors,TOR|GSW,
76785,Bill Garnett,Dallas Mavericks|Indiana Pacers,DAL|IND,
708,Kevin Garnett,Minnesota Timberwolves|Boston Celtics|Brooklyn Nets,MIN|BOS|BKN,
1831,Marlon Garnett,,,
1628656,Billy Garrett,,,
76786,Calvin Garrett,Houston Rockets|Los Angeles Lakers,HOU|LAL,
1051,Dean Garrett,Minnesota Timberwolves|Denver Nuggets|Golden State Warriors,MIN|DEN|GSW,
203197,Diante Garrett,Phoenix Suns|Utah Jazz,PHX|UTA,
76788,Eldo Garrett,Los Angeles Lakers|LA Clippers|Milwaukee Bucks|New York Knicks,LAL|LAC|MIL|NYK,
1630585,Marcus Garrett,Miami Heat|Charlotte Hornets,MIA|CHA,
76789,Rowland Garrett,Chicago Bulls|Cleveland Cavaliers|Milwaukee Bucks,CHI|CLE|MIL,
76790,Tom Garrick,LA Clippers|San Antonio Spurs|Minnesota Timberwolves|Dallas Mavericks,LAC|SAS|MIN|DAL,
76791,John Garris,,,
1619,Kiwane Garris,Denver Nuggets|Orlando Magic,DEN|ORL,
1727,Pat Garrity,Phoenix Suns|Orlando Magic,PHX|ORL,
1630586,Usman Garuba,Houston Rockets|Golden State Warriors,HOU|GSW,
76793,Jim Garvin,,,
1630568,Luka Garza,Detroit Pistons|Minnesota Timberwolves|Boston Celtics,DET|MIN|BOS,
201188,Marc Gasol,Memphis Grizzlies|Toronto Raptors|Los Angeles Lakers,MEM|TOR|LAL,
2200,Pau Gasol,Memphis Grizzlies|Los Angeles Lakers|Chicago Bulls|San Antonio Spurs|Milwaukee Bucks,MEM|LAL|CHI|SAS|MIL,
76794,Frank Gates,,,
1629232,Kaiser Gates,,,
423,Chris Gatling,Golden State Warriors|Miami Heat|Dallas Mavericks|Brooklyn Nets|Milwaukee Bucks|Orlando Magic|Denver Nuggets|Cleveland Cavaliers,GSW|MIA|DAL|BKN|MIL|ORL|DEN|CLE,
930,Kenny Gattison,Phoenix Suns|Charlotte Hornets|Memphis Grizzlies,PHX|CHA|MEM,
200752,Rudy Gay,Memphis Grizzlies|Toronto Raptors|Sacramento Kings|San Antonio Spurs|Utah Jazz,MEM|TOR|SAC|SAS|UTA,
1845,Andrew Gaze,Washington Wizards|San Antonio Spurs,WAS|SAS,
1002,Reggie Geary,Cleveland Cavaliers|San Antonio Spurs,CLE|SAS,
202087,Alonzo Gee,Washington Wizards|San Antonio Spurs|Cleveland Cavaliers|Denver Nuggets|Portland Trail Blazers|New Orleans Pelicans,WAS|SAS|CLE|DEN|POR|NOP,
761,Matt Geiger,Miami Heat|Charlotte Hornets|Philadelphia 76ers,MIA|CHA|PHI,
101153,Mickael Gelabale,Oklahoma City Thunder|Minnesota Timberwolves,OKC|MIN,
1904,Devean George,Los Angeles Lakers|Dallas Mavericks|Golden State Warriors,LAL|DAL|GSW,
76800,Jack George,Golden State Warriors|New York Knicks,GSW|NYK,
1641718,Keyonte George,Utah Jazz,UTA,
1642273,Kyshawn George,Washington Wizards,WAS,
202331,Paul George,Indiana Pacers|Oklahoma City Thunder|LA Clippers|Philadelphia 76ers,IND|OKC|LAC|PHI,
76801,Tate George,Brooklyn Nets|Milwaukee Bucks,BKN|MIL,
1627875,Marcus Georges-Hunt,Orlando Magic|Minnesota Timberwolves,ORL|MIN,
76802,Gus Gerard,Denver Nuggets|LA Clippers|Detroit Pistons|Sacramento Kings|San Antonio Spurs,DEN|LAC|DET|SAC|SAS,
76803,Derrick Gervin,Brooklyn Nets,BKN,
76804,George Gervin,San Antonio Spurs|Chicago Bulls,SAS|CHI,
76806,John Gianelli,New York Knicks|LA Clippers|Milwaukee Bucks|Utah Jazz,NYK|LAC|MIL|UTA,
76807,Dick Gibbs,Houston Rockets|Sacramento Kings|Oklahoma City Thunder|Washington Wizards|LA Clippers,HOU|SAC|OKC|WAS|LAC,
200789,Daniel Gibson,Cleveland Cavaliers,CLE,
1626780,Jonathan Gibson,Dallas Mavericks|Boston Celtics,DAL|BOS,
76810,Mike Gibson,Washington Wizards|Detroit Pistons,WAS|DET,
201959,Taj Gibson,Chicago Bulls|Oklahoma City Thunder|Minnesota Timberwolves|New York Knicks|Washington Wizards|Detroit Pistons|Charlotte Hornets|Memphis Grizzlies,CHI|OKC|MIN|NYK|WAS|DET|CHA|MEM,
76811,Ward Gibson,Boston Celtics,BOS,
201592,J.R. Giddens,Boston Celtics|New York Knicks,BOS|NYK,
1630581,Josh Giddey,Oklahoma City Thunder|Chicago Bulls,OKC|CHI,
1642933,Keshon Gilbert,Washington Wizards|Atlanta Hawks,WAS|ATL,
1628385,Harry Giles III,Sacramento Kings|Portland Trail Blazers|Brooklyn Nets|Los Angeles Lakers,SAC|POR|BKN|LAL,
1628983,Shai Gilgeous-Alexander,LA Clippers|Oklahoma City Thunder,LAC|OKC,
1630264,Anthony Gill,Washington Wizards,WAS,
2109,Eddie Gill,Brooklyn Nets|Memphis Grizzlies|Portland Trail Blazers|Indiana Pacers|Oklahoma City Thunder|Milwaukee Bucks,BKN|MEM|POR|IND|OKC|MIL,
383,Kendall Gill,Charlotte Hornets|Oklahoma City Thunder|Brooklyn Nets|Miami Heat|Minnesota Timberwolves|Chicago Bulls|Milwaukee Bucks,CHA|OKC|BKN|MIA|MIN|CHI|MIL,
1631221,Collin Gillespie,Denver Nuggets|Phoenix Suns,DEN|PHX,
1630273,Freddie Gillespie,Toronto Raptors|Orlando Magic,TOR|ORL,
288,Armen Gilliam,Phoenix Suns|Charlotte Hornets|Philadelphia 76ers|Brooklyn Nets|Milwaukee Bucks|Utah Jazz,PHX|CHA|PHI|BKN|MIL|UTA,
76815,Herm Gilliam,Sacramento Kings|LA Clippers|Atlanta Hawks|Oklahoma City Thunder|Portland Trail Blazers,SAC|LAC|ATL|OKC|POR,
600014,Artis Gilmore,Chicago Bulls|San Antonio Spurs|Boston Celtics,CHI|SAS|BOS,
1631367,Jacob Gilyard,Memphis Grizzlies|Brooklyn Nets,MEM|BKN,
1938,Manu Ginobili,San Antonio Spurs,SAS,
1921,Gordan Giricek,Memphis Grizzlies|Orlando Magic|Utah Jazz|Philadelphia 76ers|Phoenix Suns,MEM|ORL|UTA|PHI|PHX,
76819,Jack Givens,Atlanta Hawks,ATL,
202148,Mickell Gladness,Miami Heat|Golden State Warriors,MIA|GSW,
76821,Gerald Glass,Minnesota Timberwolves|Detroit Pistons|Brooklyn Nets|Charlotte Hornets,MIN|DET|BKN|CHA,
76822,Mike Glenn,LA Clippers|New York Knicks|Atlanta Hawks|Milwaukee Bucks,LAC|NYK|ATL|MIL,
1901,Dion Glover,Atlanta Hawks|Toronto Raptors|San Antonio Spurs,ATL|TOR|SAS,
76826,Mike Gminski,Brooklyn Nets|Philadelphia 76ers|Charlotte Hornets|Milwaukee Bucks,BKN|PHI|CHA|MIL,
203497,Rudy Gobert,Utah Jazz|Minnesota Timberwolves,UTA|MIN,
76827,Dan Godfread,Minnesota Timberwolves|Houston Rockets,MIN|HOU,
76828,Tom Gola,Golden State Warriors|New York Knicks,GSW|NYK,
924,Anthony Goldwire,Charlotte Hornets|Denver Nuggets|San Antonio Spurs|Washington Wizards|Minnesota Timberwolves|Brooklyn Nets|Detroit Pistons|Milwaukee Bucks|LA Clippers,CHA|DEN|SAS|WAS|MIN|BKN|DET|MIL|LAC,
101155,Ryan Gomes,Boston Celtics|Minnesota Timberwolves|LA Clippers|Oklahoma City Thunder,BOS|MIN|LAC|OKC,
76830,Glen Gondrezick,New York Knicks|Denver Nuggets,NYK|DEN,
76831,Grant Gondrezick,Phoenix Suns|LA Clippers,PHX|LAC,
2400,Drew Gooden,Memphis Grizzlies|Orlando Magic|Cleveland Cavaliers|Chicago Bulls|Sacramento Kings|San Antonio Spurs|Dallas Mavericks|LA Clippers|Milwaukee Bucks|Washington Wizards,MEM|ORL|CLE|CHI|SAC|SAS|DAL|LAC|MIL|WAS,
76832,Gail Goodrich,Los Angeles Lakers|Phoenix Suns|Utah Jazz,LAL|PHX|UTA,
1864,Steve Goodrich,Chicago Bulls|Brooklyn Nets,CHI|BKN,
203462,Archie Goodwin,Phoenix Suns|New Orleans Pelicans|Brooklyn Nets,PHX|NOP|BKN,
1629164,Brandon Goodwin,Denver Nuggets|Atlanta Hawks|Cleveland Cavaliers,DEN|ATL|CLE,
1630692,Jordan Goodwin,Washington Wizards|Phoenix Suns|Memphis Grizzlies|Los Angeles Lakers,WAS|PHX|MEM|LAL,
203932,Aaron Gordon,Orlando Magic|Denver Nuggets,ORL|DEN,
2732,Ben Gordon,Chicago Bulls|Detroit Pistons|Charlotte Hornets|Orlando Magic,CHI|DET|CHA|ORL,
201569,Eric Gordon,LA Clippers|New Orleans Pelicans|Houston Rockets|Phoenix Suns|Philadelphia 76ers,LAC|NOP|HOU|PHX|PHI,
76834,Lancaster Gordon,LA Clippers,LAC,
101162,Marcin Gortat,Orlando Magic|Phoenix Suns|Washington Wizards|LA Clippers,ORL|PHX|WAS|LAC,
76836,Leo Gottlieb,New York Knicks,NYK,
202726,Andrew Goudelock,Los Angeles Lakers|Houston Rockets,LAL|HOU,
76838,Joe Graboski,Golden State Warriors|Philadelphia 76ers,GSW|PHI,
1628984,Devonte' Graham,Charlotte Hornets|New Orleans Pelicans|San Antonio Spurs,CHA|NOP|SAS,
37,Greg Graham,Philadelphia 76ers|Brooklyn Nets|Oklahoma City Thunder|Cleveland Cavaliers,PHI|BKN|OKC|CLE,
101121,Joey Graham,Toronto Raptors|Denver Nuggets|Cleveland Cavaliers,TOR|DEN|CLE,
76843,Mal Graham,Boston Celtics,BOS,
76842,Paul Graham,Atlanta Hawks,ATL,
101211,Stephen Graham,Houston Rockets|Chicago Bulls|Cleveland Cavaliers|Portland Trail Blazers|Indiana Pacers|Charlotte Hornets|Brooklyn Nets,HOU|CHI|CLE|POR|IND|CHA|BKN,
1626203,Treveon Graham,Charlotte Hornets|Brooklyn Nets|Minnesota Timberwolves|Atlanta Hawks,CHA|BKN|MIN|ATL,
97,Ronnie Grandison,Boston Celtics|Charlotte Hornets|New York Knicks|Miami Heat|Atlanta Hawks,BOS|CHA|NYK|MIA|ATL,
101122,Danny Granger,Indiana Pacers|LA Clippers|Miami Heat,IND|LAC|MIA,
76847,Stewart Granger,Cleveland Cavaliers|Atlanta Hawks|New York Knicks,CLE|ATL|NYK,
258,Brian Grant,Sacramento Kings|Portland Trail Blazers|Miami Heat|Los Angeles Lakers|Phoenix Suns,SAC|POR|MIA|LAL|PHX,
76850,Bud Grant,Los Angeles Lakers,LAL,
202,Gary Grant,LA Clippers|New York Knicks|Miami Heat|Portland Trail Blazers,LAC|NYK|MIA|POR,
285,Greg Grant,Phoenix Suns|New York Knicks|Charlotte Hornets|Philadelphia 76ers|Denver Nuggets|Washington Wizards,PHX|NYK|CHA|PHI|DEN|WAS,
265,Harvey Grant,Washington Wizards|Portland Trail Blazers|Philadelphia 76ers,WAS|POR|PHI,
270,Horace Grant,Chicago Bulls|Orlando Magic|Oklahoma City Thunder|Los Angeles Lakers,CHI|ORL|OKC|LAL,
203924,Jerami Grant,Philadelphia 76ers|Oklahoma City Thunder|Denver Nuggets|Detroit Pistons|Portland Trail Blazers,PHI|OKC|DEN|DET|POR,
1626170,Jerian Grant,New York Knicks|Chicago Bulls|Orlando Magic|Washington Wizards,NYK|CHI|ORL|WAS,
1514,Paul Grant,Minnesota Timberwolves|Milwaukee Bucks|Utah Jazz,MIN|MIL|UTA,
76853,Travis Grant,Los Angeles Lakers,LAL,
201189,Aaron Gray,Chicago Bulls|New Orleans Pelicans|Toronto Raptors|Sacramento Kings,CHI|NOP|TOR|SAC,
1070,Devin Gray,Sacramento Kings|San Antonio Spurs|Houston Rockets,SAC|SAS|HOU,
1516,Ed Gray,Atlanta Hawks,ATL,
1627982,Josh Gray,Phoenix Suns|New Orleans Pelicans,PHX|NOP,
76860,Leonard Gray,Oklahoma City Thunder|Washington Wizards,OKC|WAS,
1630564,RaiQuan Gray,Brooklyn Nets|San Antonio Spurs,BKN|SAS,
76861,Stuart Gray,Indiana Pacers|Charlotte Hornets|New York Knicks,IND|CHA|NYK,
76863,Wyndol Gray,Boston Celtics,BOS,
81,Jeff Grayer,Milwaukee Bucks|Golden State Warriors|Philadelphia 76ers|Sacramento Kings|Charlotte Hornets,MIL|GSW|PHI|SAC|CHA,
76865,Bob Greacen,Milwaukee Bucks,MIL,
920,A.C. Green,Los Angeles Lakers|Phoenix Suns|Dallas Mavericks|Miami Heat,LAL|PHX|DAL|MIA,
1631260,AJ Green,Milwaukee Bucks,MIL,
201980,Danny Green,Cleveland Cavaliers|San Antonio Spurs|Toronto Raptors|Los Angeles Lakers|Philadelphia 76ers|Memphis Grizzlies,CLE|SAS|TOR|LAL|PHI|MEM,
203110,Draymond Green,Golden State Warriors,GSW,
203475,Erick Green,Denver Nuggets|Utah Jazz,DEN|UTA,
101123,Gerald Green,Boston Celtics|Minnesota Timberwolves|Houston Rockets|Dallas Mavericks|Brooklyn Nets|Indiana Pacers|Phoenix Suns|Miami Heat,BOS|MIN|HOU|DAL|BKN|IND|PHX|MIA,
203210,JaMychal Green,San Antonio Spurs|Memphis Grizzlies|LA Clippers|Denver Nuggets|Golden State Warriors,SAS|MEM|LAC|DEN|GSW,
1630224,Jalen Green,Houston Rockets|Phoenix Suns,HOU|PHX,
1629750,Javonte Green,Boston Celtics|Chicago Bulls|New Orleans Pelicans|Cleveland Cavaliers|Detroit Pistons,BOS|CHI|NOP|CLE|DET,
201145,Jeff Green,Oklahoma City Thunder|Boston Celtics|Memphis Grizzlies|LA Clippers|Orlando Magic|Cleveland Cavaliers|Washington Wizards|Utah Jazz|Houston Rockets|Brooklyn Nets|Denver Nuggets,OKC|BOS|MEM|LAC|ORL|CLE|WAS|UTA|HOU|BKN|DEN,
76867,Johnny Green,New York Knicks|Washington Wizards|Philadelphia 76ers|Houston Rockets|Sacramento Kings,NYK|WAS|PHI|HOU|SAC,
1630182,Josh Green,Dallas Mavericks|Charlotte Hornets,DAL|CHA,
76869,Kenny Green,Philadelphia 76ers|Washington Wizards,PHI|WAS,
600011,Lamar Green,Phoenix Suns|Utah Jazz,PHX|UTA,
1036,Litterial Green,Orlando Magic|Detroit Pistons|Milwaukee Bucks|Cleveland Cavaliers,ORL|DET|MIL|CLE,
76873,Mike Green,Oklahoma City Thunder|San Antonio Spurs|Sacramento Kings,OKC|SAS|SAC,
76874,Rickey Green,Golden State Warriors|Detroit Pistons|Utah Jazz|Charlotte Hornets|Milwaukee Bucks|Indiana Pacers|Philadelphia 76ers|Boston Celtics,GSW|DET|UTA|CHA|MIL|IND|PHI|BOS,
76875,Sean Green,Indiana Pacers|Philadelphia 76ers|Utah Jazz,IND|PHI|UTA,
76877,Si Green,Sacramento Kings|Atlanta Hawks|Washington Wizards|Boston Celtics,SAC|ATL|WAS|BOS,
76876,Sidney Green,Chicago Bulls|Detroit Pistons|New York Knicks|Orlando Magic|San Antonio Spurs|Charlotte Hornets,CHI|DET|NYK|ORL|SAS|CHA,
76878,Steve Green,Indiana Pacers,IND,
201192,Taurean Green,Portland Trail Blazers|Denver Nuggets,POR|DEN,
2584,Willie Green,Philadelphia 76ers|New Orleans Pelicans|Atlanta Hawks|LA Clippers|Orlando Magic,PHI|NOP|ATL|LAC|ORL,
201590,Donte Greene,Sacramento Kings,SAC,
101158,Orien Greene,Boston Celtics|Indiana Pacers|Sacramento Kings|Brooklyn Nets,BOS|IND|SAC|BKN,
76880,Jerry Greenspan,Philadelphia 76ers,PHI,
76881,David Greenwood,Chicago Bulls|San Antonio Spurs|Denver Nuggets|Detroit Pistons,CHI|SAS|DEN|DET,
76882,Hal Greer,Philadelphia 76ers,PHI,
76883,Gary Gregor,Phoenix Suns|Atlanta Hawks|Portland Trail Blazers|Milwaukee Bucks,PHX|ATL|POR|MIL,
76884,Claude Gregory,Washington Wizards|LA Clippers,WAS|LAC,
76887,Kevin Grevey,Washington Wizards|Milwaukee Bucks,WAS|MIL,
1631100,AJ Griffin,Atlanta Hawks,ATL,
1559,Adrian Griffin,Boston Celtics|Dallas Mavericks|Houston Rockets|Chicago Bulls|Oklahoma City Thunder,BOS|DAL|HOU|CHI|OKC,
201933,Blake Griffin,LA Clippers|Detroit Pistons|Brooklyn Nets|Boston Celtics,LAC|DET|BKN|BOS,
2204,Eddie Griffin,Houston Rockets|Minnesota Timberwolves,HOU|MIN,
76889,Paul Griffin,Utah Jazz|San Antonio Spurs,UTA|SAS,
76890,Darrell Griffith,Utah Jazz,UTA,
1629656,Quentin Grimes,New York Knicks|Detroit Pistons|Dallas Mavericks|Philadelphia 76ers,NYK|DET|DAL|PHI,
76895,Bob Gross,Portland Trail Blazers|LA Clippers,POR|LAC,
76899,Ernie Grunfeld,Milwaukee Bucks|Sacramento Kings|New York Knicks,MIL|SAC|NYK,
76900,Gene Guarilia,Boston Celtics,BOS,
76901,Petur Gudmundsson,Portland Trail Blazers|Los Angeles Lakers|San Antonio Spurs,POR|LAL|SAS,
76902,Richie Guerin,New York Knicks|Atlanta Hawks,NYK|ATL,
1631338,Mouhamadou Gueye,Toronto Raptors|Chicago Bulls,TOR|CHI,
1631243,Mouhamed Gueye,Atlanta Hawks,ATL,
339,Tom Gugliotta,Washington Wizards|Golden State Warriors|Minnesota Timberwolves|Phoenix Suns|Utah Jazz|Boston Celtics|Atlanta Hawks,WAS|GSW|MIN|PHX|UTA|BOS|ATL,
76903,Andres Guibert,Minnesota Timberwolves,MIN,
76904,Jay Guidinger,Cleveland Cavaliers,CLE,
76907,Al Guokas,Golden State Warriors,GSW,
76908,Matt Guokas,Philadelphia 76ers|Chicago Bulls|Sacramento Kings|Houston Rockets|LA Clippers,PHI|CHI|SAC|HOU|LAC,
203268,Jorge Gutierrez,Brooklyn Nets|Milwaukee Bucks|Charlotte Hornets,BKN|MIL|CHA,
1629657,Kyle Guy,Sacramento Kings|Miami Heat,SAC|MIA,
2062,A.J. Guyton,Chicago Bulls|Golden State Warriors,CHI|GSW,
2775,Ha Ha,Portland Trail Blazers,POR,
1629060,Rui Hachimura,Washington Wizards|Los Angeles Lakers,WAS|LAL,
76910,Rudy Hackett,Brooklyn Nets|Indiana Pacers,BKN|IND,
201632,Hamed Haddadi,Memphis Grizzlies|Phoenix Suns,MEM|PHX,
76911,Scott Haffner,Miami Heat|Charlotte Hornets,MIA|CHA,
76912,Cliff Hagan,Atlanta Hawks,ATL,
1630204,Ashton Hagans,Minnesota Timberwolves|Portland Trail Blazers,MIN|POR,
76915,Al Hairston,Oklahoma City Thunder,OKC,
76916,Happy Hairston,Sacramento Kings|Detroit Pistons|Los Angeles Lakers,SAC|DET|LAL,
201612,Malik Hairston,San Antonio Spurs,SAS,
203798,PJ Hairston,Charlotte Hornets|Memphis Grizzlies,CHA|MEM,
2409,Marcus Haislip,Milwaukee Bucks|Indiana Pacers|San Antonio Spurs,MIL|IND|SAS,
76918,Chuck Halbert,Golden State Warriors|Boston Celtics,GSW|BOS,
76919,Harvey Halbrook,Philadelphia 76ers,PHI,
76920,Bruce Hale,Detroit Pistons,DET,
917,Jack Haley,Chicago Bulls|Brooklyn Nets|Los Angeles Lakers|San Antonio Spurs,CHI|BKN|LAL|SAS,
1630169,Tyrese Haliburton,Sacramento Kings|Indiana Pacers,SAC|IND,
76922,Shaler Halimon,Philadelphia 76ers|Chicago Bulls|Portland Trail Blazers|Atlanta Hawks,PHI|CHI|POR|ATL,
1629743,Donta Hall,Detroit Pistons|Brooklyn Nets|Orlando Magic,DET|BKN|ORL,
1641790,PJ Hall,Denver Nuggets|Memphis Grizzlies|Charlotte Hornets,DEN|MEM|CHA,
76923,Jeff Halliburton,Atlanta Hawks|Philadelphia 76ers,ATL|PHI,
1032,Darvin Ham,Denver Nuggets|Indiana Pacers|Washington Wizards|Milwaukee Bucks|Atlanta Hawks|Detroit Pistons,DEN|IND|WAS|MIL|ATL|DET,
1627772,Daniel Hamilton,Oklahoma City Thunder|Atlanta Hawks,OKC|ATL,
76926,Dennis Hamilton,Los Angeles Lakers|Atlanta Hawks,LAL|ATL,
202706,Jordan Hamilton,Denver Nuggets|Houston Rockets|LA Clippers|New Orleans Pelicans,DEN|HOU|LAC|NOP,
203120,Justin Hamilton,Charlotte Hornets|Miami Heat|Minnesota Timberwolves|Brooklyn Nets,CHA|MIA|MIN|BKN,
76927,Ralph Hamilton,Detroit Pistons,DET,
1888,Richard Hamilton,Washington Wizards|Detroit Pistons|Chicago Bulls,WAS|DET|CHI,
76928,Roylee Hamilton,Detroit Pistons|Portland Trail Blazers,DET|POR,
76929,Steve Hamilton,Los Angeles Lakers,LAL,
676,Thomas Hamilton,Boston Celtics|Houston Rockets,BOS|HOU,
1985,Zendon Hamilton,LA Clippers|Denver Nuggets|Toronto Raptors|Philadelphia 76ers|Milwaukee Bucks|Cleveland Cavaliers,LAC|DEN|TOR|PHI|MIL|CLE,
903,Geert Hammink,Orlando Magic|Golden State Warriors,ORL|GSW,
67,Tom Hammonds,Washington Wizards|Charlotte Hornets|Denver Nuggets|Minnesota Timberwolves,WAS|CHA|DEN|MIN,
1630181,R.J. Hampton,Denver Nuggets|Orlando Magic|Detroit Pistons|Miami Heat,DEN|ORL|DET|MIA,
241,Darrin Hancock,Charlotte Hornets|Milwaukee Bucks|San Antonio Spurs|Atlanta Hawks,CHA|MIL|SAS|ATL,
1052,Ben Handlogten,Utah Jazz,UTA,
76935,Cecil Hankins,Boston Celtics,BOS,
76936,Phil Hankinson,Boston Celtics,BOS,
1628605,Dusty Hannahs,Memphis Grizzlies,MEM,
76937,Alex Hannum,Philadelphia 76ers|Sacramento Kings|Atlanta Hawks,PHI|SAC|ATL,
201946,Tyler Hansbrough,Indiana Pacers|Toronto Raptors|Charlotte Hornets,IND|TOR|CHA,
76942,Bob Hansen,Utah Jazz|Sacramento Kings|Chicago Bulls,UTA|SAC|CHI,
76940,Glenn Hansen,Sacramento Kings|Chicago Bulls,SAC|CHI,
76944,Bill Hanzlik,Oklahoma City Thunder|Denver Nuggets,OKC|DEN,
202376,Luke Harangody,Boston Celtics|Cleveland Cavaliers,BOS|CLE,
358,Anfernee Hardaway,Orlando Magic|Phoenix Suns|New York Knicks|Miami Heat,ORL|PHX|NYK|MIA,
896,Tim Hardaway,Golden State Warriors|Miami Heat|Dallas Mavericks|Denver Nuggets|Indiana Pacers,GSW|MIA|DAL|DEN|IND,
203501,Tim Hardaway Jr.,New York Knicks|Atlanta Hawks|Dallas Mavericks|Detroit Pistons|Denver Nuggets,NYK|ATL|DAL|DET|DEN,
201935,James Harden,Oklahoma City Thunder|Houston Rockets|Brooklyn Nets|Philadelphia 76ers|LA Clippers|Cleveland Cavaliers,OKC|HOU|BKN|PHI|LAC|CLE,
76945,Reggie Harding,Detroit Pistons|Chicago Bulls,DET|CHI,
76946,Charlie Hardnett,Washington Wizards,WAS,
76947,Alan Hardy,Los Angeles Lakers|Detroit Pistons,LAL|DET,
1630702,Jaden Hardy,Dallas Mavericks|Washington Wizards,DAL|WAS,
76948,James Hardy,Utah Jazz,UTA,
76949,John Hargis,Atlanta Hawks,ATL,
1641989,Elijah Harkless,Utah Jazz,UTA,
203090,Maurice Harkless,Orlando Magic|Portland Trail Blazers|LA Clippers|New York Knicks|Miami Heat|Sacramento Kings,ORL|POR|LAC|NYK|MIA|SAC,
157,Derek Harper,Dallas Mavericks|New York Knicks|Orlando Magic|Los Angeles Lakers,DAL|NYK|ORL|LAL,
1629607,Jared Harper,Phoenix Suns|New York Knicks|New Orleans Pelicans,PHX|NYK|NOP,
202712,Justin Harper,Orlando Magic|Detroit Pistons|Philadelphia 76ers,ORL|DET|PHI,
76954,Mike Harper,Portland Trail Blazers,POR,
166,Ron Harper,Cleveland Cavaliers|LA Clippers|Chicago Bulls|Los Angeles Lakers,CLE|LAC|CHI|LAL,
1631199,Ron Harper Jr.,Toronto Raptors|Detroit Pistons|Boston Celtics,TOR|DET|BOS,
1723,Matt Harpring,Orlando Magic|Cleveland Cavaliers|Philadelphia 76ers|Utah Jazz,ORL|CLE|PHI|UTA,
1626149,Montrezl Harrell,Houston Rockets|LA Clippers|Los Angeles Lakers|Washington Wizards|Charlotte Hornets|Philadelphia 76ers,HOU|LAC|LAL|WAS|CHA|PHI,
202725,Josh Harrellson,New York Knicks|Miami Heat|Detroit Pistons,NYK|MIA|DET,
2492,Adam Harrington,Dallas Mavericks|Denver Nuggets,DAL|DEN,
1733,Al Harrington,Indiana Pacers|Atlanta Hawks|Golden State Warriors|New York Knicks|Denver Nuggets|Orlando Magic|Washington Wizards,IND|ATL|GSW|NYK|DEN|ORL|WAS,
2454,Junior Harrington,Denver Nuggets|New Orleans Pelicans|Memphis Grizzlies,DEN|NOP|MEM,
970,Othella Harrington,Houston Rockets|Memphis Grizzlies|New York Knicks|Chicago Bulls|Charlotte Hornets,HOU|MEM|NYK|CHI|CHA,
76956,Art Harris,Oklahoma City Thunder|Phoenix Suns,OKC|PHX,
76959,Bob Harris,Detroit Pistons|Boston Celtics,DET|BOS,
2734,Devin Harris,Dallas Mavericks|Brooklyn Nets|Utah Jazz|Atlanta Hawks|Denver Nuggets,DAL|BKN|UTA|ATL|DEN,
203914,Gary Harris,Denver Nuggets|Orlando Magic|Milwaukee Bucks,DEN|ORL|MIL,
203925,Joe Harris,Cleveland Cavaliers|Brooklyn Nets|Detroit Pistons,CLE|BKN|DET,
1630284,Kevon Harris,Orlando Magic,ORL,
446,Lucious Harris,Dallas Mavericks|Philadelphia 76ers|Brooklyn Nets|Cleveland Cavaliers,DAL|PHI|BKN|CLE,
202412,Manny Harris,Cleveland Cavaliers|Los Angeles Lakers|Dallas Mavericks,CLE|LAL|DAL,
200839,Mike Harris,Houston Rockets|Washington Wizards|Utah Jazz,HOU|WAS|UTA,
76960,Steve Harris,Houston Rockets|Golden State Warriors|Detroit Pistons|LA Clippers,HOU|GSW|DET|LAC,
202227,Terrel Harris,Miami Heat|New Orleans Pelicans,MIA|NOP,
202699,Tobias Harris,Milwaukee Bucks|Orlando Magic|Detroit Pistons|LA Clippers|Philadelphia 76ers,MIL|ORL|DET|LAC|PHI,
76961,Tony Harris,Philadelphia 76ers|Boston Celtics,PHI|BOS,
1626150,Andrew Harrison,Memphis Grizzlies|Cleveland Cavaliers|New Orleans Pelicans,MEM|CLE|NOP,
76962,Bob Harrison,Los Angeles Lakers|Atlanta Hawks|Philadelphia 76ers,LAL|ATL|PHI,
2758,David Harrison,Indiana Pacers,IND,
1627885,Shaquille Harrison,Phoenix Suns|Chicago Bulls|Utah Jazz|Denver Nuggets|Brooklyn Nets|Portland Trail Blazers|Memphis Grizzlies,PHX|CHI|UTA|DEN|BKN|POR|MEM,
2078,Jason Hart,Milwaukee Bucks|San Antonio Spurs|Charlotte Hornets|Sacramento Kings|LA Clippers|Utah Jazz|Denver Nuggets|Minnesota Timberwolves|New Orleans Pelicans,MIL|SAS|CHA|SAC|LAC|UTA|DEN|MIN|NOP,
1628404,Josh Hart,Los Angeles Lakers|New Orleans Pelicans|Portland Trail Blazers|New York Knicks,LAL|NOP|POR|NYK,
1628392,Isaiah Hartenstein,Houston Rockets|Denver Nuggets|Cleveland Cavaliers|LA Clippers|New York Knicks|Oklahoma City Thunder,HOU|DEN|CLE|LAC|NYK|OKC,
176,Antonio Harvey,Los Angeles Lakers|Memphis Grizzlies|LA Clippers|Oklahoma City Thunder|Portland Trail Blazers|Atlanta Hawks,LAL|MEM|LAC|OKC|POR|ATL,
2051,Donnell Harvey,Dallas Mavericks|Denver Nuggets|Orlando Magic|Phoenix Suns|Brooklyn Nets,DAL|DEN|ORL|PHX|BKN,
76965,Clem Haskins,Chicago Bulls|Phoenix Suns|Washington Wizards,CHI|PHX|WAS,
2617,Udonis Haslem,Miami Heat,MIA,
2239,Trenton Hassell,Chicago Bulls|Minnesota Timberwolves|Dallas Mavericks|Brooklyn Nets,CHI|MIN|DAL|BKN,
76967,Billy Hassett,Los Angeles Lakers|Atlanta Hawks,LAL|ATL,
76966,Joey Hassett,Oklahoma City Thunder|Indiana Pacers|Dallas Mavericks|Golden State Warriors,OKC|IND|DAL|GSW,
76968,Scott Hastings,New York Knicks|Atlanta Hawks|Miami Heat|Detroit Pistons|Denver Nuggets,NYK|ATL|MIA|DET|DEN,
2213,Kirk Haston,Charlotte Hornets|New Orleans Pelicans,CHA|NOP,
76969,Vern Hatton,Golden State Warriors|Atlanta Hawks,GSW|ATL,
1630573,Sam Hauser,Boston Celtics,BOS,
76970,John Havlicek,Boston Celtics,BOS,
201150,Spencer Hawes,Sacramento Kings|Philadelphia 76ers|Cleveland Cavaliers|LA Clippers|Charlotte Hornets|Milwaukee Bucks,SAC|PHI|CLE|LAC|CHA|MIL,
76971,Steve Hawes,Houston Rockets|Portland Trail Blazers|Atlanta Hawks|Oklahoma City Thunder,HOU|POR|ATL|OKC,
76972,Connie Hawkins,Phoenix Suns|Los Angeles Lakers|Atlanta Hawks,PHX|LAL|ATL,
765,Hersey Hawkins,Philadelphia 76ers|Charlotte Hornets|Oklahoma City Thunder|Chicago Bulls,PHI|CHA|OKC|CHI,
1641722,Jordan Hawkins,New Orleans Pelicans,NOP,
1138,Michael Hawkins,Boston Celtics|Sacramento Kings|Charlotte Hornets|Cleveland Cavaliers,BOS|SAC|CHA|CLE,
76975,Robert Hawkins,Golden State Warriors|Brooklyn Nets|Detroit Pistons,GSW|BKN|DET,
76977,Tom Hawkins,Los Angeles Lakers|Sacramento Kings,LAL|SAC,
76978,Nate Hawthorne,Los Angeles Lakers|Phoenix Suns,LAL|PHX,
101236,Chuck Hayes,Houston Rockets|Sacramento Kings|Toronto Raptors,HOU|SAC|TOR,
76979,Elvin Hayes,Houston Rockets|Washington Wizards,HOU|WAS,
2553,Jarvis Hayes,Washington Wizards|Detroit Pistons|Brooklyn Nets,WAS|DET|BKN,
1629637,Jaxson Hayes,New Orleans Pelicans|Los Angeles Lakers,NOP|LAL,
1630165,Killian Hayes,Detroit Pistons|Brooklyn Nets|Sacramento Kings,DET|BKN|SAC,
76980,Steve Hayes,San Antonio Spurs|Detroit Pistons|Cleveland Cavaliers|Oklahoma City Thunder|Philadelphia 76ers|Utah Jazz,SAS|DET|CLE|OKC|PHI|UTA,
1628502,Nigel Hayes-Davis,Los Angeles Lakers|Toronto Raptors|Sacramento Kings|Phoenix Suns,LAL|TOR|SAC|PHX,
202330,Gordon Hayward,Utah Jazz|Boston Celtics|Charlotte Hornets|Oklahoma City Thunder,UTA|BOS|CHA|OKC,
202351,Lazar Hayward,Minnesota Timberwolves|Oklahoma City Thunder,MIN|OKC,
2217,Brendan Haywood,Washington Wizards|Dallas Mavericks|Charlotte Hornets|Cleveland Cavaliers,WAS|DAL|CHA|CLE,
76981,Spencer Haywood,Oklahoma City Thunder|New York Knicks|Utah Jazz|Los Angeles Lakers|Washington Wizards,OKC|NYK|UTA|LAL|WAS,
76983,Walt Hazzard,Los Angeles Lakers|Oklahoma City Thunder|Atlanta Hawks|LA Clippers|Golden State Warriors,LAL|OKC|ATL|LAC|GSW,
101129,Luther Head,Houston Rockets|Miami Heat|Indiana Pacers|Sacramento Kings,HOU|MIA|IND|SAC,
1049,Shane Heal,Minnesota Timberwolves|San Antonio Spurs,MIN|SAS,
76985,Garfield Heard,Oklahoma City Thunder|Chicago Bulls|LA Clippers|Phoenix Suns,OKC|CHI|LAC|PHX,
76988,Tom Heinsohn,Boston Celtics,BOS,
76989,Dick Hemric,Boston Celtics,BOS,
673,Alan Henderson,Atlanta Hawks|Dallas Mavericks|Cleveland Cavaliers|Philadelphia 76ers,ATL|DAL|CLE|PHI,
1538,Cedric Henderson,Cleveland Cavaliers|Golden State Warriors,CLE|GSW,
76990,Cedric Henderson,Atlanta Hawks|Milwaukee Bucks,ATL|MIL,
76993,Gerald Henderson,Boston Celtics|Oklahoma City Thunder|New York Knicks|Philadelphia 76ers|Milwaukee Bucks|Detroit Pistons|Houston Rockets,BOS|OKC|NYK|PHI|MIL|DET|HOU,
201945,Gerald Henderson,Charlotte Hornets|Portland Trail Blazers|Philadelphia 76ers,CHA|POR|PHI,
76992,Jerome Henderson,Los Angeles Lakers|Milwaukee Bucks,LAL|MIL,
76994,Kevin Henderson,Golden State Warriors|Cleveland Cavaliers,GSW|CLE,
1630703,Scoot Henderson,Portland Trail Blazers,POR,
76996,Tom Henderson,Atlanta Hawks|Washington Wizards|Houston Rockets,ATL|WAS|HOU,
1641707,Taylor Hendricks,Utah Jazz|Memphis Grizzlies,UTA|MEM,
971,Mark Hendrickson,Philadelphia 76ers|Sacramento Kings|Brooklyn Nets|Cleveland Cavaliers,PHI|SAC|BKN|CLE,
76999,Don Henriksen,Sacramento Kings,SAC,
77000,Al Henry,Philadelphia 76ers,PHI,
77004,Bill Henry,Detroit Pistons|Atlanta Hawks,DET|ATL,
77002,Conner Henry,Houston Rockets|Boston Celtics|Milwaukee Bucks|Sacramento Kings,HOU|BOS|MIL|SAC,
202333,Xavier Henry,Memphis Grizzlies|New Orleans Pelicans|Los Angeles Lakers,MEM|NOP|LAL,
203089,John Henson,Milwaukee Bucks|Cleveland Cavaliers|Detroit Pistons,MIL|CLE|DET,
1667,Steve Henson,Milwaukee Bucks|Atlanta Hawks|Charlotte Hornets|Portland Trail Blazers|Detroit Pistons,MIL|ATL|CHA|POR|DET,
77007,Clarence Hermsen,Boston Celtics,BOS,
1627823,Juancho Hernangomez,Denver Nuggets|Minnesota Timberwolves|Boston Celtics|San Antonio Spurs|Utah Jazz|Toronto Raptors,DEN|MIN|BOS|SAS|UTA|TOR,
1626195,Willy Hernangomez,New York Knicks|Charlotte Hornets|New Orleans Pelicans,NYK|CHA|NOP,
1914,Chris Herren,Denver Nuggets|Boston Celtics,DEN|BOS,
61,Carl Herrera,Houston Rockets|San Antonio Spurs|Memphis Grizzlies|Denver Nuggets,HOU|SAS|MEM|DEN,
200835,Walter Herrmann,Charlotte Hornets|Detroit Pistons,CHA|DET,
1629639,Tyler Herro,Miami Heat,MIA,
77010,Keith Herron,Atlanta Hawks|Detroit Pistons|Cleveland Cavaliers,ATL|DET|CLE,
77011,Sidney Hertzberg,New York Knicks|Washington Wizards|Boston Celtics,NYK|WAS|BOS,
77012,Fred Hetzel,Golden State Warriors|Milwaukee Bucks|Sacramento Kings|Philadelphia 76ers|Los Angeles Lakers,GSW|MIL|SAC|PHI|LAL,
77013,Bill Hewitt,Los Angeles Lakers|Detroit Pistons|LA Clippers|Chicago Bulls,LAL|DET|LAC|CHI,
77015,Art Heyman,New York Knicks|Sacramento Kings|Philadelphia 76ers,NYK|SAC|PHI,
1626209,Mario Hezonja,Orlando Magic|New York Knicks|Portland Trail Blazers,ORL|NYK|POR,
201579,Roy Hibbert,Indiana Pacers|Los Angeles Lakers|Charlotte Hornets|Denver Nuggets,IND|LAL|CHA|DEN,
1628439,Isaiah Hicks,New York Knicks,NYK,
77017,Phil Hicks,Chicago Bulls|Houston Rockets|Denver Nuggets,CHI|HOU|DEN,
201581,JJ Hickson,Cleveland Cavaliers|Sacramento Kings|Portland Trail Blazers|Denver Nuggets|Washington Wizards,CLE|SAC|POR|DEN|WAS,
1627741,Buddy Hield,New Orleans Pelicans|Sacramento Kings|Indiana Pacers|Philadelphia 76ers|Golden State Warriors|Atlanta Hawks,NOP|SAC|IND|PHI|GSW|ATL,
202809,Cory Higgins,Charlotte Hornets,CHA,
1848,Mike Higgins,Los Angeles Lakers|Denver Nuggets|Sacramento Kings,LAL|DEN|SAC,
77019,Rod Higgins,Chicago Bulls|Oklahoma City Thunder|San Antonio Spurs|Brooklyn Nets|Golden State Warriors|Sacramento Kings|Cleveland Cavaliers,CHI|OKC|SAS|BKN|GSW|SAC|CLE,
925,Sean Higgins,San Antonio Spurs|Orlando Magic|Golden State Warriors|Brooklyn Nets|Philadelphia 76ers|Portland Trail Blazers,SAS|ORL|GSW|BKN|PHI|POR,
77021,Kenny Higgs,Cleveland Cavaliers|Denver Nuggets,CLE|DEN,
77022,Johnny High,Phoenix Suns,PHX,
1629312,Haywood Highsmith,Philadelphia 76ers|Miami Heat|Phoenix Suns,PHI|MIA|PHX,
77023,Wayne Hightower,Golden State Warriors|Washington Wizards|Detroit Pistons,GSW|WAS|DET,
2403,Nene,Denver Nuggets|Washington Wizards|Houston Rockets,DEN|WAS|HOU,
77024,Armond Hill,Atlanta Hawks|Oklahoma City Thunder|LA Clippers|Milwaukee Bucks,ATL|OKC|LAC|MIL,
77026,Gary Hill,Golden State Warriors|Washington Wizards,GSW|WAS,
201588,George Hill,San Antonio Spurs|Indiana Pacers|Utah Jazz|Sacramento Kings|Cleveland Cavaliers|Milwaukee Bucks|Oklahoma City Thunder|Philadelphia 76ers,SAS|IND|UTA|SAC|CLE|MIL|OKC|PHI,
255,Grant Hill,Detroit Pistons|Orlando Magic|Phoenix Suns|LA Clippers,DET|ORL|PHX|LAC,
201941,Jordan Hill,New York Knicks|Houston Rockets|Los Angeles Lakers|Indiana Pacers|Minnesota Timberwolves,NYK|HOU|LAL|IND|MIN,
1630792,Malcolm Hill,Atlanta Hawks|Chicago Bulls,ATL|CHI,
203524,Solomon Hill,Indiana Pacers|New Orleans Pelicans|Memphis Grizzlies|Miami Heat|Atlanta Hawks,IND|NOP|MEM|MIA|ATL,
238,Tyrone Hill,Golden State Warriors|Cleveland Cavaliers|Milwaukee Bucks|Philadelphia 76ers|Miami Heat,GSW|CLE|MIL|PHI|MIA,
77027,Art Hillhouse,Golden State Warriors,GSW,
1626199,Darrun Hilliard,Detroit Pistons|San Antonio Spurs,DET|SAS,
77028,Darnell Hillman,Indiana Pacers|Denver Nuggets|Brooklyn Nets|Sacramento Kings|Golden State Warriors,IND|DEN|BKN|SAC|GSW,
77029,Fred Hilton,LA Clippers,LAC,
2550,Kirk Hinrich,Chicago Bulls|Washington Wizards|Atlanta Hawks,CHI|WAS|ATL,
77030,Roy Hinson,Cleveland Cavaliers|Philadelphia 76ers|Brooklyn Nets,CLE|PHI|BKN,
1630207,Nate Hinton,Dallas Mavericks|Indiana Pacers|Houston Rockets,DAL|IND|HOU,
77032,Lew Hitch,Los Angeles Lakers|Atlanta Hawks|Golden State Warriors,LAL|ATL|GSW,
1629658,Jaylen Hoard,Portland Trail Blazers|Oklahoma City Thunder,POR|OKC,
1106,Donald Hodge,Dallas Mavericks|Charlotte Hornets,DAL|CHA,
101125,Julius Hodge,Denver Nuggets|Milwaukee Bucks,DEN|MIL,
77034,Craig Hodges,LA Clippers|Milwaukee Bucks|Phoenix Suns|Chicago Bulls,LAC|MIL|PHX|CHI,
77035,Adolph Hoefer,Boston Celtics,BOS,
77036,Paul Hoffman,Golden State Warriors,GSW,
77038,Paul Hogue,New York Knicks|Washington Wizards,NYK|WAS,
697,Fred Hoiberg,Indiana Pacers|Chicago Bulls|Minnesota Timberwolves,IND|CHI|MIN,
1628988,Aaron Holiday,Indiana Pacers|Washington Wizards|Phoenix Suns|Atlanta Hawks|Houston Rockets,IND|WAS|PHX|ATL|HOU,
201950,Jrue Holiday,Philadelphia 76ers|New Orleans Pelicans|Milwaukee Bucks|Boston Celtics|Portland Trail Blazers,PHI|NOP|MIL|BOS|POR,
203200,Justin Holiday,Philadelphia 76ers|Golden State Warriors|Atlanta Hawks|Chicago Bulls|New York Knicks|Memphis Grizzlies|Indiana Pacers|Sacramento Kings|Dallas Mavericks|Denver Nuggets,PHI|GSW|ATL|CHI|NYK|MEM|IND|SAC|DAL|DEN,
77040,Brad Holland,Los Angeles Lakers|Milwaukee Bucks|Washington Wizards,LAL|MIL|WAS,
204066,John Holland,Cleveland Cavaliers,CLE,
77042,Wilbur Holland,Atlanta Hawks|Chicago Bulls,ATL|CHI,
1641842,Ronald Holland II,Detroit Pistons,DET,
77043,Lionel Hollins,Portland Trail Blazers|Philadelphia 76ers|LA Clippers|Detroit Pistons|Houston Rockets,POR|PHI|LAC|DET|HOU,
200797,Ryan Hollins,Charlotte Hornets|Dallas Mavericks|Minnesota Timberwolves|Cleveland Cavaliers|Boston Celtics|LA Clippers|Sacramento Kings|Washington Wizards|Memphis Grizzlies,CHA|DAL|MIN|CLE|BOS|LAC|SAC|WAS|MEM,
1626178,Rondae Hollis-Jefferson,Brooklyn Nets|Toronto Raptors|Portland Trail Blazers,BKN|TOR|POR,
1626158,Richaun Holmes,Philadelphia 76ers|Phoenix Suns|Sacramento Kings|Dallas Mavericks|Washington Wizards,PHI|PHX|SAC|DAL|WAS,
1631096,Chet Holmgren,Oklahoma City Thunder,OKC,
77045,Jim Holstein,Los Angeles Lakers|Detroit Pistons,LAL|DET,
77047,Michael Holton,Phoenix Suns|Chicago Bulls|Portland Trail Blazers|Charlotte Hornets,PHX|CHI|POR|CHA,
77049,Joe Holup,Philadelphia 76ers|Detroit Pistons,PHI|DET,
77050,Red Holzman,Sacramento Kings|Atlanta Hawks,SAC|ATL,
1532,Jerald Honeycutt,Milwaukee Bucks|Philadelphia 76ers,MIL|PHI,
202715,Tyler Honeycutt,Sacramento Kings,SAC,
203918,Rodney Hood,Utah Jazz|Cleveland Cavaliers|Portland Trail Blazers|Toronto Raptors|Milwaukee Bucks|LA Clippers,UTA|CLE|POR|TOR|MIL|LAC,
1641720,Jalen Hood-Schifino,Los Angeles Lakers|Philadelphia 76ers,LAL|PHI,
77051,Tom Hoover,New York Knicks|Atlanta Hawks,NYK|ATL,
77052,Bob Hopkins,Philadelphia 76ers,PHI,
77053,Dave Hoppen,Milwaukee Bucks|Golden State Warriors|Charlotte Hornets|Philadelphia 76ers|Brooklyn Nets,MIL|GSW|CHA|PHI|BKN,
77054,Dennis Hopson,Brooklyn Nets|Chicago Bulls|Sacramento Kings,BKN|CHI|SAC,
203816,Scotty Hopson,Cleveland Cavaliers|Dallas Mavericks|Oklahoma City Thunder,CLE|DAL|OKC,
77056,Cedrick Hordges,Denver Nuggets,DEN,
201143,Al Horford,Atlanta Hawks|Boston Celtics|Philadelphia 76ers|Oklahoma City Thunder|Golden State Warriors,ATL|BOS|PHI|OKC|GSW,
77057,Tito Horford,Milwaukee Bucks|Washington Wizards,MIL|WAS,
77058,Ron Horn,Atlanta Hawks|Los Angeles Lakers,ATL|LAL,
204,Jeff Hornacek,Phoenix Suns|Philadelphia 76ers|Utah Jazz,PHX|PHI|UTA,
109,Robert Horry,Houston Rockets|Phoenix Suns|Los Angeles Lakers|San Antonio Spurs,HOU|PHX|LAL|SAS,
1629659,Talen Horton-Tucker,Los Angeles Lakers|Utah Jazz|Chicago Bulls,LAL|UTA|CHI,
77061,Wilmer Hosket,New York Knicks|LA Clippers,NYK|LAC,
77062,Bob Houbregs,Detroit Pistons,DET,
2067,Eddie House,Miami Heat|LA Clippers|Charlotte Hornets|Milwaukee Bucks|Sacramento Kings|Phoenix Suns|Brooklyn Nets|Boston Celtics|New York Knicks,MIA|LAC|CHA|MIL|SAC|PHX|BKN|BOS|NYK,
1627863,Danuel House Jr.,Washington Wizards|Phoenix Suns|Houston Rockets|New York Knicks|Utah Jazz|Philadelphia 76ers,WAS|PHX|HOU|NYK|UTA|PHI,
1631216,Caleb Houstan,Orlando Magic|Atlanta Hawks,ORL|ATL,
275,Allan Houston,Detroit Pistons|New York Knicks,DET|NYK,
780,Byron Houston,Golden State Warriors|Oklahoma City Thunder|Sacramento Kings,GSW|OKC|SAC,
77065,Brian Howard,Dallas Mavericks,DAL,
2730,Dwight Howard,Orlando Magic|Los Angeles Lakers|Houston Rockets|Atlanta Hawks|Charlotte Hornets|Washington Wizards|Philadelphia 76ers,ORL|LAL|HOU|ATL|CHA|WAS|PHI,
77066,Greg Howard,Phoenix Suns|Cleveland Cavaliers,PHX|CLE,
1641724,Jett Howard,Orlando Magic,ORL,
2572,Josh Howard,Dallas Mavericks|Washington Wizards|Utah Jazz|Minnesota Timberwolves,DAL|WAS|UTA|MIN,
436,Juwan Howard,Washington Wizards|Dallas Mavericks|Denver Nuggets|Orlando Magic|Houston Rockets|Charlotte Hornets|Portland Trail Blazers|Miami Heat,WAS|DAL|DEN|ORL|HOU|CHA|POR|MIA,
1630210,Markus Howard,Denver Nuggets,DEN,
77067,Mo Howard,Cleveland Cavaliers|Utah Jazz,CLE|UTA,
77069,Otis Howard,Milwaukee Bucks|Detroit Pistons,MIL|DET,
1128,Stephen Howard,Utah Jazz|San Antonio Spurs|Oklahoma City Thunder,UTA|SAS|OKC,
77070,Bailey Howell,Detroit Pistons|Washington Wizards|Boston Celtics|Philadelphia 76ers,DET|WAS|BOS|PHI,
77071,Phil Hubbard,Detroit Pistons|Cleveland Cavaliers,DET|CLE,
201991,Lester Hudson,Boston Celtics|Memphis Grizzlies|Washington Wizards|Cleveland Cavaliers|LA Clippers,BOS|MEM|WAS|CLE|LAC,
77074,Lou Hudson,Atlanta Hawks|Los Angeles Lakers,ATL|LAL,
1607,Troy Hudson,Utah Jazz|LA Clippers|Orlando Magic|Minnesota Timberwolves|Golden State Warriors,UTA|LAC|ORL|MIN|GSW,
1626273,Marcelo Huertas,Los Angeles Lakers,LAL,
1628989,Kevin Huerter,Atlanta Hawks|Sacramento Kings|Chicago Bulls|Detroit Pistons,ATL|SAC|CHI|DET,
203962,Josh Huestis,Oklahoma City Thunder,OKC,
1630643,Jay Huff,Los Angeles Lakers|Washington Wizards|Denver Nuggets|Memphis Grizzlies|Indiana Pacers,LAL|WAS|DEN|MEM|IND,
77077,Eddie Hughes,Utah Jazz|Denver Nuggets,UTA|DEN,
1630190,Elijah Hughes,Utah Jazz|Portland Trail Blazers,UTA|POR,
77078,Kim Hughes,Brooklyn Nets|Denver Nuggets|Cleveland Cavaliers,BKN|DEN|CLE,
1716,Larry Hughes,Philadelphia 76ers|Golden State Warriors|Washington Wizards|Cleveland Cavaliers|Chicago Bulls|New York Knicks|Charlotte Hornets|Orlando Magic,PHI|GSW|WAS|CLE|CHI|NYK|CHA|ORL,
1630574,Ariel Hukporti,New York Knicks,NYK,
203133,Robbie Hummel,Minnesota Timberwolves,MIN,
77080,John Hummer,LA Clippers|Chicago Bulls|Oklahoma City Thunder,LAC|CHI|OKC,
2415,Ryan Humphrey,Orlando Magic|Memphis Grizzlies,ORL|MEM,
77081,Jay Humphries,Phoenix Suns|Milwaukee Bucks|Utah Jazz|Boston Celtics,PHX|MIL|UTA|BOS,
2743,Kris Humphries,Utah Jazz|Toronto Raptors|Dallas Mavericks|Brooklyn Nets|Boston Celtics|Washington Wizards|Phoenix Suns|Atlanta Hawks,UTA|TOR|DAL|BKN|BOS|WAS|PHX|ATL,
77082,Rod Hundley,Los Angeles Lakers,LAL,
2599,Brandon Hunter,Boston Celtics|Orlando Magic,BOS|ORL,
1629631,De'Andre Hunter,Atlanta Hawks|Cleveland Cavaliers|Sacramento Kings,ATL|CLE|SAC,
283,Lindsey Hunter,Detroit Pistons|Milwaukee Bucks|Los Angeles Lakers|Toronto Raptors|Chicago Bulls,DET|MIL|LAL|TOR|CHI,
201629,Othello Hunter,Atlanta Hawks,ATL,
1626154,RJ Hunter,Boston Celtics|Chicago Bulls|Houston Rockets,BOS|CHI|HOU,
2212,Steven Hunter,Orlando Magic|Phoenix Suns|Philadelphia 76ers|Denver Nuggets|Memphis Grizzlies,ORL|PHX|PHI|DEN|MEM,
310,Bobby Hurley,Sacramento Kings|Memphis Grizzlies,SAC|MEM,
77087,Geoff Huston,New York Knicks|Dallas Mavericks|Cleveland Cavaliers|Golden State Warriors|LA Clippers,NYK|DAL|CLE|GSW|LAC,
77089,Mel Hutchins,Atlanta Hawks|Detroit Pistons|New York Knicks,ATL|DET|NYK,
1628990,Chandler Hutchison,Chicago Bulls|Washington Wizards|Phoenix Suns,CHI|WAS|PHX,
77090,Joe Hutton,Los Angeles Lakers,LAL,
1630538,Bones Hyland,Denver Nuggets|LA Clippers|Minnesota Timberwolves,DEN|LAC|MIN,
77092,Marc Iavaroni,Philadelphia 76ers|San Antonio Spurs|Utah Jazz,PHI|SAS|UTA,
201586,Serge Ibaka,Oklahoma City Thunder|Orlando Magic|Toronto Raptors|LA Clippers|Milwaukee Bucks,OKC|ORL|TOR|LAC|MIL,
1642345,Oso Ighodaro,Phoenix Suns,PHX,
2738,Andre Iguodala,Philadelphia 76ers|Denver Nuggets|Golden State Warriors|Miami Heat,PHI|DEN|GSW|MIA,
980,Zydrunas Ilgauskas,Cleveland Cavaliers|Miami Heat,CLE|MIA,
101141,Ersan Ilyasova,Milwaukee Bucks|Detroit Pistons|Orlando Magic|Oklahoma City Thunder|Philadelphia 76ers|Atlanta Hawks|Utah Jazz,MIL|DET|ORL|OKC|PHI|ATL|UTA,
77093,Darrall Imhoff,New York Knicks|Detroit Pistons|Los Angeles Lakers|Philadelphia 76ers|Sacramento Kings|Portland Trail Blazers,NYK|DET|LAL|PHI|SAC|POR,
204060,Joe Ingles,Utah Jazz|Milwaukee Bucks|Orlando Magic|Minnesota Timberwolves,UTA|MIL|ORL|MIN,
201281,Andre Ingram,Los Angeles Lakers,LAL,
1627742,Brandon Ingram,Los Angeles Lakers|New Orleans Pelicans|Toronto Raptors,LAL|NOP|TOR,
1631127,Harrison Ingram,San Antonio Spurs,SAS,
77096,Byron Irvin,Portland Trail Blazers|Washington Wizards,POR|WAS,
202681,Kyrie Irving,Cleveland Cavaliers|Boston Celtics|Brooklyn Nets|Dallas Mavericks,CLE|BOS|BKN|DAL,
1628371,Jonathan Isaac,Orlando Magic,ORL,
77097,Dan Issel,Denver Nuggets,DEN,
77098,Mike Iuzzolino,Dallas Mavericks,DAL,
947,Allen Iverson,Philadelphia 76ers|Denver Nuggets|Detroit Pistons|Memphis Grizzlies,PHI|DEN|DET|MEM,
1631093,Jaden Ivey,Detroit Pistons|Chicago Bulls,DET|CHI,
2767,Royal Ivey,Atlanta Hawks|Milwaukee Bucks|Philadelphia 76ers|Oklahoma City Thunder,ATL|MIL|PHI|OKC,
1628411,Wes Iwundu,Orlando Magic|Dallas Mavericks|New Orleans Pelicans|Atlanta Hawks,ORL|DAL|NOP|ATL,
101127,Jarrett Jack,Portland Trail Blazers|Indiana Pacers|Toronto Raptors|New Orleans Pelicans|Golden State Warriors|Cleveland Cavaliers|Brooklyn Nets|New York Knicks,POR|IND|TOR|NOP|GSW|CLE|BKN|NYK,
1517,Bobby Jackson,Denver Nuggets|Minnesota Timberwolves|Sacramento Kings|Memphis Grizzlies|New Orleans Pelicans|Houston Rockets,DEN|MIN|SAC|MEM|NOP|HOU,
202132,Cedric Jackson,Cleveland Cavaliers|San Antonio Spurs|Washington Wizards,CLE|SAS|WAS,
201616,Darnell Jackson,Cleveland Cavaliers|Milwaukee Bucks|Sacramento Kings,CLE|MIL|SAC,
1627743,Demetrius Jackson,Boston Celtics|Houston Rockets|Philadelphia 76ers,BOS|HOU|PHI,
1628402,Frank Jackson,New Orleans Pelicans|Detroit Pistons|Utah Jazz,NOP|DET|UTA,
1641713,GG Jackson,Memphis Grizzlies,MEM,
77101,Greg Jackson,New York Knicks|Phoenix Suns,NYK|PHX,
1630543,Isaiah Jackson,Indiana Pacers|LA Clippers,IND|LAC,
1114,Jaren Jackson,Brooklyn Nets|Golden State Warriors|LA Clippers|Portland Trail Blazers|Philadelphia 76ers|Houston Rockets|Washington Wizards|San Antonio Spurs|Orlando Magic,BKN|GSW|LAC|POR|PHI|HOU|WAS|SAS|ORL,
1983,Jermaine Jackson,Detroit Pistons|Toronto Raptors|Atlanta Hawks|New York Knicks|Milwaukee Bucks,DET|TOR|ATL|NYK|MIL,
754,Jim Jackson,Dallas Mavericks|Brooklyn Nets|Philadelphia 76ers|Golden State Warriors|Portland Trail Blazers|Atlanta Hawks|Cleveland Cavaliers|Miami Heat|Sacramento Kings|Houston Rockets|Phoenix Suns|Los Angeles Lakers,DAL|BKN|PHI|GSW|POR|ATL|CLE|MIA|SAC|HOU|PHX|LAL,
1628367,Josh Jackson,Phoenix Suns|Memphis Grizzlies|Detroit Pistons|Sacramento Kings,PHX|MEM|DET|SAC,
1628382,Justin Jackson,Sacramento Kings|Dallas Mavericks|Oklahoma City Thunder|Milwaukee Bucks|Boston Celtics|Phoenix Suns|Minnesota Timberwolves,SAC|DAL|OKC|MIL|BOS|PHX|MIN,
77103,Lucious Jackson,Philadelphia 76ers,PHI,
2739,Luke Jackson,Cleveland Cavaliers|LA Clippers|Toronto Raptors|Miami Heat,CLE|LAC|TOR|MIA,
1531,Marc Jackson,Golden State Warriors|Minnesota Timberwolves|Philadelphia 76ers|Brooklyn Nets|New Orleans Pelicans,GSW|MIN|PHI|BKN|NOP,
349,Mark Jackson,New York Knicks|LA Clippers|Indiana Pacers|Denver Nuggets|Toronto Raptors|Utah Jazz|Houston Rockets,NYK|LAC|IND|DEN|TOR|UTA|HOU,
77104,Michael Jackson,Sacramento Kings,SAC,
77106,Phil Jackson,New York Knicks|Brooklyn Nets,NYK|BKN,
1631245,Quenton Jackson,Washington Wizards|Indiana Pacers,WAS|IND,
1872,Randell Jackson,Washington Wizards|Dallas Mavericks,WAS|DAL,
202704,Reggie Jackson,Oklahoma City Thunder|Detroit Pistons|LA Clippers|Denver Nuggets|Philadelphia 76ers,OKC|DET|LAC|DEN|PHI,
1536,Stephen Jackson,Brooklyn Nets|San Antonio Spurs|Atlanta Hawks|Indiana Pacers|Golden State Warriors|Charlotte Hornets|Milwaukee Bucks|LA Clippers,BKN|SAS|ATL|IND|GSW|CHA|MIL|LAC,
77110,Tracy Jackson,Boston Celtics|Chicago Bulls|Indiana Pacers,BOS|CHI|IND,
1641748,Andre Jackson Jr.,Milwaukee Bucks,MIL,
1628991,Jaren Jackson Jr.,Memphis Grizzlies|Utah Jazz,MEM|UTA,
1631218,Trayce Jackson-Davis,Golden State Warriors|Toronto Raptors,GSW|TOR,
2418,Casey Jacobsen,Phoenix Suns|New Orleans Pelicans|Memphis Grizzlies,PHX|NOP|MEM,
1734,Sam Jacobson,Los Angeles Lakers|Golden State Warriors|Minnesota Timberwolves,LAL|GSW|MIN,
77114,Dave Jamerson,Houston Rockets|Utah Jazz|Brooklyn Nets,HOU|UTA|BKN,
77115,Aaron James,Utah Jazz,UTA,
203108,Bernard James,Dallas Mavericks,DAL,
1642355,Bronny James,Los Angeles Lakers,LAL,
202345,Damion James,Brooklyn Nets|San Antonio Spurs,BKN|SAS,
77116,Gene James,New York Knicks,NYK,
1080,Henry James,Cleveland Cavaliers|Sacramento Kings|Utah Jazz|LA Clippers|Houston Rockets|Atlanta Hawks,CLE|SAC|UTA|LAC|HOU|ATL,
1744,Jerome James,Sacramento Kings|Oklahoma City Thunder|New York Knicks,SAC|OKC|NYK,
1629713,Justin James,Sacramento Kings,SAC,
2544,LeBron James,Cleveland Cavaliers|Miami Heat|Los Angeles Lakers,CLE|MIA|LAL,
2229,Mike James,Miami Heat|Boston Celtics|Detroit Pistons|Milwaukee Bucks|Houston Rockets|Toronto Raptors|Minnesota Timberwolves|New Orleans Pelicans|Washington Wizards|Chicago Bulls|Dallas Mavericks,MIA|BOS|DET|MIL|HOU|TOR|MIN|NOP|WAS|CHI|DAL,
1628455,Mike James,Phoenix Suns|New Orleans Pelicans|Brooklyn Nets,PHX|NOP|BKN,
1906,Tim James,Miami Heat|Charlotte Hornets|Philadelphia 76ers,MIA|CHA|PHI,
1712,Antawn Jamison,Golden State Warriors|Dallas Mavericks|Washington Wizards|Cleveland Cavaliers|Los Angeles Lakers|LA Clippers,GSW|DAL|WAS|CLE|LAL|LAC,
1942,Harold Jamison,Miami Heat|LA Clippers,MIA|LAC,
77120,John Janisch,Boston Celtics,BOS,
1631170,Jaime Jaquez Jr.,Miami Heat,MIA,
2060,Marko Jaric,LA Clippers|Minnesota Timberwolves|Memphis Grizzlies,LAC|MIN|MEM,
77123,Tony Jaros,Los Angeles Lakers,LAL,
1630610,DeJon Jarreau,Indiana Pacers|Memphis Grizzlies,IND|MEM,
101180,Sarunas Jasikevicius,Indiana Pacers|Golden State Warriors,IND|GSW,
77126,Abdul Jeelani,Portland Trail Blazers|Dallas Mavericks,POR|DAL,
76797,Ed Gayda,,,
1627771,Michael Gbinije,,,
76805,Gorham Getchell,,,
76808,Dee Gibson,,,
76809,Mel Gibson,,,
201821,Trey Gilder,,,
76812,Ben Gillery,,,
76813,Gene Gillette,,,
76817,Walt Gilmore,,,
76818,Chuck Gilmur,,,
76820,George Glamack,,,
76823,Norman Glick,,,
76824,Georgi Glouchkov,,,
76825,Clarence Glover,,,
2601,Andreas Glyniadakis,,,
76829,Ben Goldfaden,,,
1642884,Vladislav Goldin,,,
1642864,Hugo González,,,
76833,Wilfred Goodwin,,,
204079,Drew Gordon,,,
76835,Paul Gordon,,,
1641789,Jazian Gortman,,,
76837,Bato Govedarica,,,
76839,Ricky Grace,,,
76841,Orlando Graham,,,
76844,Jim Grandholm,,,
76852,Josh Grant,,,
1629055,Donte Grantham,,,
76854,Don Grate,,,
76855,Butch Graves,,,
1629755,Hassani Gravett,,,
1026,Evric Gray,,,
76859,Gary Gray,,,
1643060,Hayden Gray,,,
76862,Sylvester Gray,,,
101209,Devin Green,,,
76868,Ken Green,,,
76872,Luther Green,,,
76879,Tommy Green,,,
2696,Lynn Greer,,,
76885,John Greig,,,
76886,Norm Grekin,,,
76888,Greg Griffin,,,
201981,Taylor Griffin,,,
76891,Chuck Grigsby,,,
1575,Derek Grimm,,,
76893,George Grimshaw,,,
76894,Dick Groat,,,
76896,Jerry Grote,,,
76897,Alex Groza,,,
101219,Anthony Grundy,,,
1629741,Marko Guduric,,,
76905,Coulby Gunther,,,
76906,Dave Gunther,,,
76909,Matt Guokas,,,
76913,Glenn Hagan,,,
76914,Bob Hahn,,,
76917,Lindsay Hairston,,,
1628985,Devon Hall,,,
1631160,Jordan Hall,,,
1630221,Josh Hall,,,
200837,Mike Hall,,,
1629788,Tyler Hall,,,
984,Steve Hamer,,,
76925,Dale Hamilton,,,
2347,Tang Hamilton,,,
1627773,AJ Hammons,,,
76938,Don Hanrahan,,,
76939,Rollen Hans,,,
203162,Ben Hansbrough,,,
76941,Lars Hansen,,,
2580,Travis Hansen,,,
1682,Reggie Hanson,,,
76950,Jerry Harkness,,,
76951,Skip Harlicka,,,
76952,Jerome Harmon,,,
1642844,Dylan Harper,,,
76957,Bernie Harris,,,
76958,Chris Harris,,,
203548,Elias Harris,,,
1630223,Jalen Harris,,,
1626151,Aaron Harrison,,,
202238,Kenny Hasbrouck,,,
321,Scott Haskin,,,
1038,Juaquin Hawkins,,,
76974,Marshall Hawkins,,,
76982,John W. Hazen,,,
76984,Brian Heaney,,,
203687,Reggie Hearn,,,
76986,Herm Hedderick,,,
76987,Alvin Heggs,,,
76991,Dave Henderson,,,
1764,J.R. Henderson,,,
76998,Larry Hennessy,,,
1630565,Aaron Henry,,,
77001,Carl Henry,,,
1627988,Myke Henry,,,
77003,Skeeter Henry,,,
1642935,Chucky Hepburn,,,
77006,Bill Herman,,,
1629608,Dewan Hernandez,,,
1628987,Kevin Hervey,,,
77014,Jack Hewson,,,
77016,Matthew Hickey,,,
77025,Cleo Hill,,,
201195,Herbert Hill,,,
201631,Steven Hill,,,
1642396,Blake Hinson,,,
77031,Mel Hirsch,,,
200823,Robert Hite,,,
202359,Darington Hobson,,,
1641793,D'Moi Hodge,,,
77037,Bob Hogsett,,,
77039,Doug Holcomb,,,
2450,Randy Holcomb,,,
77041,Joe Holland,,,
77044,Essie Hollis,,,
1641747,DaRon Holmes II,,,
77046,Alvin Holt,,,
77048,Dick Holub,,,
1630258,Caleb Homesley,,,
1967,Derek Hood,,,
77055,Johnny Horan,,,
202862,Dennis Horner,,,
77060,Ed Horton,,,
77064,Tom Hovasse,,,
1629739,William Howard,,,
77072,Bob Hubbard,,,
1631309,Trevor Hudgins,,,
1572,Nate Huffman,,,
77076,Alfredrick Hughes,,,
1965,Rick Hughes,,,
1629353,Isaac Humphries,,,
1630624,Feron Hunt,,,
77083,Cedric Hunter,,,
201805,Chris Hunter,,,
77084,Les Hunter,,,
1626205,Vincent Hunter,,,
1643047,CJ Huntley,,,
77086,Roy Hurley,,,
1630562,Matt Hurt,,,
77088,Paul Huston,,,
77091,Greg Hyder,,,
101148,Mile Ilic,,,
77094,Tom Ingelsby,,,
203996,Damien Inglis,,,
77095,Joel Ingram,,,
1628935,Aaron Jackson,,,
77099,Al Jackson,,,
77105,Myron Jackson,,,
203510,Pierre Jackson,,,
77107,Ralph Jackson,,,
77109,Stanley Jackson,,,
77100,Tony Jackson,,,
77111,Wardell Jackson,,,
77112,Winfred Jacobs,,,
1642857,Kasparas Jaku?ionis,,,
1642883,Sion James,,,
77122,Howie Janotta,,,
201605,Nathan Jawai,,,
77125,Buddy Jeannette,,,
2423,Chris Jefferies,Toronto Raptors|Chicago Bulls,TOR|CHI,
201785,Othyus Jeffers,Utah Jazz|San Antonio Spurs|Washington Wizards|Minnesota Timberwolves,UTA|SAS|WAS|MIN,
2744,Al Jefferson,Boston Celtics|Minnesota Timberwolves|Utah Jazz|Charlotte Hornets|Indiana Pacers,BOS|MIN|UTA|CHA|IND,
1628518,Amile Jefferson,Orlando Magic,ORL,
203928,Cory Jefferson,Brooklyn Nets|Phoenix Suns,BKN|PHX,
200971,Dontell Jefferson,,,
2210,Richard Jefferson,Brooklyn Nets|Milwaukee Bucks|San Antonio Spurs|Golden State Warriors|Utah Jazz|Dallas Mavericks|Cleveland Cavaliers|Denver Nuggets,BKN|MIL|SAS|GSW|UTA|DAL|CLE|DEN,
1629610,DaQuan Jeffries,Sacramento Kings|Houston Rockets|Memphis Grizzlies|New York Knicks|Charlotte Hornets,SAC|HOU|MEM|NYK|CHA,
2407,Jared Jeffries,Washington Wizards|New York Knicks|Houston Rockets|Portland Trail Blazers,WAS|NYK|HOU|POR,
1641998,Trey Jemison III,Washington Wizards|Memphis Grizzlies|New Orleans Pelicans|Los Angeles Lakers|New York Knicks,WAS|MEM|NOP|LAL|NYK,
202724,Charles Jenkins,Golden State Warriors|Philadelphia 76ers,GSW|PHI,
1642450,Daniss Jenkins,Detroit Pistons,DET,
2798,Horace Jenkins,,,
203098,John Jenkins,Atlanta Hawks|Dallas Mavericks|Phoenix Suns|Washington Wizards|New York Knicks,ATL|DAL|PHX|WAS|NYK,
201943,Brandon Jennings,Milwaukee Bucks|Detroit Pistons|Orlando Magic|New York Knicks|Washington Wizards,MIL|DET|ORL|NYK|WAS,
24,Keith Jennings,Golden State Warriors,GSW,
1137,Chris Jent,Houston Rockets|New York Knicks,HOU|NYK,
77129,Les Jepsen,Golden State Warriors|Sacramento Kings,GSW|SAC,
201973,Jonas Jerebko,Detroit Pistons|Boston Celtics|Utah Jazz|Golden State Warriors,DET|BOS|UTA|GSW,
1629660,Ty Jerome,Phoenix Suns|Oklahoma City Thunder|Golden State Warriors|Cleveland Cavaliers|Memphis Grizzlies,PHX|OKC|GSW|CLE|MEM,
201998,Curtis Jerrells,,,
203511,Grant Jerrett,Oklahoma City Thunder|Utah Jazz,OKC|UTA,
200817,Pooh Jeter,,,
1630198,Isaiah Joe,Philadelphia 76ers|Oklahoma City Thunder,PHI|OKC,
2639,Britton Johnsen,Orlando Magic|Indiana Pacers,ORL|IND,
1642358,AJ Johnson,Milwaukee Bucks|Washington Wizards|Dallas Mavericks,MIL|WAS|DAL,
200792,Alexander Johnson,Memphis Grizzlies|Miami Heat,MEM|MIA,
1628993,Alize Johnson,Indiana Pacers|Brooklyn Nets|Chicago Bulls|Washington Wizards|New Orleans Pelicans|San Antonio Spurs,IND|BKN|CHI|WAS|NOP|SAS,
101161,Amir Johnson,Detroit Pistons|Toronto Raptors|Boston Celtics|Philadelphia 76ers,DET|TOR|BOS|PHI,
77131,Andy Johnson,Golden State Warriors|Washington Wizards,GSW|WAS,
1533,Anthony Johnson,Sacramento Kings|Atlanta Hawks|Orlando Magic|Cleveland Cavaliers|Brooklyn Nets|Indiana Pacers|Dallas Mavericks,SAC|ATL|ORL|CLE|BKN|IND|DAL,
202356,Armon Johnson,Portland Trail Blazers|Brooklyn Nets,POR|BKN,
77132,Arnie Johnson,Sacramento Kings,SAC,
422,Avery Johnson,Oklahoma City Thunder|Denver Nuggets|San Antonio Spurs|Houston Rockets|Golden State Warriors|Dallas Mavericks,OKC|DEN|SAS|HOU|GSW|DAL,
1629168,BJ Johnson,Atlanta Hawks|Sacramento Kings|Orlando Magic,ATL|SAC|ORL,
1627744,Brice Johnson,LA Clippers|Memphis Grizzlies,LAC|MEM,
77130,Buck Johnson,Houston Rockets|Washington Wizards,HOU|WAS,
1629661,Cameron Johnson,Phoenix Suns|Brooklyn Nets|Denver Nuggets,PHX|BKN|DEN,
201291,Carldell Johnson,,,
1643052,Chaney Johnson,,,
77133,Charlie Johnson,Golden State Warriors|Washington Wizards,GSW|WAS,
202419,Chris Johnson,Boston Celtics|Portland Trail Blazers|New Orleans Pelicans|Minnesota Timberwolves,BOS|POR|NOP|MIN,
203187,Chris Johnson,Memphis Grizzlies|Boston Celtics|Philadelphia 76ers|Milwaukee Bucks|Utah Jazz,MEM|BOS|PHI|MIL|UTA,
77135,Clay Johnson,Los Angeles Lakers|Oklahoma City Thunder,LAL|OKC,
77136,Clemon Johnson,Portland Trail Blazers|Indiana Pacers|Philadelphia 76ers|Oklahoma City Thunder,POR|IND|PHI|OKC,
1626177,Dakari Johnson,,,
683,Darryl Johnson,,,
77138,Dave Johnson,Portland Trail Blazers|Chicago Bulls,POR|CHI,
77139,David Johnson,Detroit Pistons,DET,
1630525,David Johnson,,,
1746,DeMarco Johnson,,,
77141,Dennis Johnson,Oklahoma City Thunder|Phoenix Suns|Boston Celtics,OKC|PHX|BOS,
2035,DerMarr Johnson,Atlanta Hawks|New York Knicks|Denver Nuggets|San Antonio Spurs,ATL|NYK|DEN|SAS,
698,Eddie Johnson,Sacramento Kings|Phoenix Suns|Oklahoma City Thunder|Charlotte Hornets|Indiana Pacers|Houston Rockets,SAC|PHX|OKC|CHA|IND|HOU,
77144,Eddie Johnson,Atlanta Hawks|Cleveland Cavaliers|Oklahoma City Thunder,ATL|CLE|OKC,
77145,Eric Johnson,,,
911,Ervin Johnson,Oklahoma City Thunder|Denver Nuggets|Milwaukee Bucks|Minnesota Timberwolves,OKC|DEN|MIL|MIN,
77146,Frank Johnson,Washington Wizards|Houston Rockets|Phoenix Suns,WAS|HOU|PHX,
77147,George Johnson,Washington Wizards|Houston Rockets,WAS|HOU,
77148,George Johnson,Milwaukee Bucks|Denver Nuggets|Indiana Pacers|Philadelphia 76ers|Washington Wizards,MIL|DEN|IND|PHI|WAS,
77149,George Johnson,Golden State Warriors|LA Clippers|Brooklyn Nets|San Antonio Spurs|Atlanta Hawks|Oklahoma City Thunder,GSW|LAC|BKN|SAS|ATL|OKC,
77150,Gus Johnson,Washington Wizards|Phoenix Suns,WAS|PHX,
77151,Harold Johnson,,,
201274,Ivan Johnson,Atlanta Hawks,ATL,
202707,JaJuan Johnson,,,
1630552,Jalen Johnson,Atlanta Hawks,ATL,
201949,James Johnson,Chicago Bulls|Toronto Raptors|Sacramento Kings|Memphis Grizzlies|Miami Heat|Minnesota Timberwolves|Dallas Mavericks|New Orleans Pelicans|Brooklyn Nets|Indiana Pacers,CHI|TOR|SAC|MEM|MIA|MIN|DAL|NOP|BKN|IND,
2207,Joe Johnson,Boston Celtics|Phoenix Suns|Atlanta Hawks|Brooklyn Nets|Miami Heat|Utah Jazz|Houston Rockets,BOS|PHX|ATL|BKN|MIA|UTA|HOU,
77152,John Johnson,Cleveland Cavaliers|Portland Trail Blazers|Houston Rockets|Oklahoma City Thunder,CLE|POR|HOU|OKC,
77153,Kannard Johnson,,,
1629640,Keldon Johnson,San Antonio Spurs,SAS,
2256,Ken Johnson,,,
77154,Ken Johnson,,,
1630553,Keon Johnson,LA Clippers|Portland Trail Blazers|Brooklyn Nets,LAC|POR|BKN,
1642352,Keshad Johnson,Miami Heat,MIA,
134,Kevin Johnson,Cleveland Cavaliers|Phoenix Suns,CLE|PHX,
1641749,Keyontae Johnson,,,
913,Larry Johnson,Charlotte Hornets|New York Knicks,CHA|NYK,
77156,Larry Johnson,,,
77158,Lee Johnson,Houston Rockets|Detroit Pistons,HOU|DET,
2669,Linton Johnson,Chicago Bulls|San Antonio Spurs|Brooklyn Nets|New Orleans Pelicans|Phoenix Suns|Toronto Raptors|Charlotte Hornets,CHI|SAS|BKN|NOP|PHX|TOR|CHA,
77159,Lynbert Johnson,,,
77142,Magic Johnson,Los Angeles Lakers,LAL,
77160,Marques Johnson,Milwaukee Bucks|LA Clippers|Golden State Warriors,MIL|LAC|GSW,
77168,Mickey Johnson,Chicago Bulls|Indiana Pacers|Milwaukee Bucks|Brooklyn Nets|Golden State Warriors,CHI|IND|MIL|BKN|GSW,
77161,Neil Johnson,New York Knicks|Phoenix Suns,NYK|PHX,
203910,Nick Johnson,,,
77162,Ollie Johnson,Portland Trail Blazers|Sacramento Kings|Utah Jazz|Atlanta Hawks|Chicago Bulls|Philadelphia 76ers,POR|SAC|UTA|ATL|CHI|PHI,
204179,Omari Johnson,,,
203111,Orlando Johnson,Indiana Pacers|Sacramento Kings|Phoenix Suns|New Orleans Pelicans,IND|SAC|PHX|NOP,
77163,Reggie Johnson,San Antonio Spurs|Cleveland Cavaliers|Sacramento Kings|Philadelphia 76ers|Brooklyn Nets,SAS|CLE|SAC|PHI|BKN,
77164,Rich Johnson,Boston Celtics,BOS,
77165,Ron Johnson,,,
1626169,Stanley Johnson,Detroit Pistons|New Orleans Pelicans|Toronto Raptors|Los Angeles Lakers|San Antonio Spurs,DET|NOP|TOR|LAL|SAS,
77166,Steffond Johnson,,,
77134,Steve Johnson,Sacramento Kings|Chicago Bulls|San Antonio Spurs|Portland Trail Blazers|Minnesota Timberwolves|Oklahoma City Thunder|Golden State Warriors,SAC|CHI|SAS|POR|MIN|OKC|GSW,
1642848,Tre Johnson,,,
201234,Trey Johnson,Cleveland Cavaliers|Toronto Raptors|Los Angeles Lakers|New Orleans Pelicans,CLE|TOR|LAL|NOP,
204020,Tyler Johnson,Miami Heat|Phoenix Suns|Brooklyn Nets|Philadelphia 76ers|San Antonio Spurs,MIA|PHX|BKN|PHI|SAS,
77167,Vinnie Johnson,Oklahoma City Thunder|Detroit Pistons|San Antonio Spurs,OKC|DET|SAS,
202325,Wesley Johnson,Minnesota Timberwolves|Phoenix Suns|Los Angeles Lakers|LA Clippers|New Orleans Pelicans|Washington Wizards,MIN|PHX|LAL|LAC|NOP|WAS,
203130,Darius Johnson-Odom,Los Angeles Lakers|Philadelphia 76ers,LAL|PHI,
77170,Nate Johnston,Utah Jazz|Portland Trail Blazers,UTA|POR,
77169,Neil Johnston,Golden State Warriors,GSW,
77171,Jim Johnstone,San Antonio Spurs|Detroit Pistons,SAS|DET,
203999,Nikola Joki?,Denver Nuggets,DEN,
77172,Howie Jolliff,Los Angeles Lakers,LAL,
2264,Alvin Jones,,,
77173,Anthony Jones,Washington Wizards|San Antonio Spurs|Chicago Bulls|Dallas Mavericks,WAS|SAS|CHI|DAL,
77174,Askia Jones,,,
77180,Bill Jones,,,
77193,Bobby Jones,Denver Nuggets|Philadelphia 76ers,DEN|PHI,
200784,Bobby Jones,Philadelphia 76ers|Memphis Grizzlies|Houston Rockets|Miami Heat|San Antonio Spurs|Denver Nuggets,PHI|MEM|HOU|MIA|SAS|DEN,
77175,Caldwell Jones,Philadelphia 76ers|Houston Rockets|Chicago Bulls|Portland Trail Blazers|San Antonio Spurs,PHI|HOU|CHI|POR|SAS,
1630637,Carlik Jones,Dallas Mavericks|Denver Nuggets|Chicago Bulls,DAL|DEN|CHI,
279,Charles Jones,Philadelphia 76ers|Chicago Bulls|Washington Wizards|Detroit Pistons|Houston Rockets,PHI|CHI|WAS|DET|HOU,
77178,Charles Jones,Phoenix Suns|Portland Trail Blazers|Washington Wizards,PHX|POR|WAS,
1869,Charles R. Jones,Chicago Bulls|LA Clippers,CHI|LAC,
1641732,Colby Jones,Sacramento Kings|Washington Wizards|Detroit Pistons,SAC|WAS|DET,
1642938,Curtis Jones,,,
2563,Dahntay Jones,Memphis Grizzlies|Sacramento Kings|Denver Nuggets|Indiana Pacers|Dallas Mavericks|Atlanta Hawks|LA Clippers|Cleveland Cavaliers,MEM|SAC|DEN|IND|DAL|ATL|LAC|CLE,
1627745,Damian Jones,Golden State Warriors|Atlanta Hawks|Phoenix Suns|Los Angeles Lakers|Sacramento Kings|Utah Jazz|Cleveland Cavaliers,GSW|ATL|PHX|LAL|SAC|UTA|CLE,
1800,Damon Jones,Brooklyn Nets|Boston Celtics|Golden State Warriors|Dallas Mavericks|Memphis Grizzlies|Detroit Pistons|Sacramento Kings|Milwaukee Bucks|Miami Heat|Cleveland Cavaliers,BKN|BOS|GSW|DAL|MEM|DET|SAC|MIL|MIA|CLE,
203199,DeQuan Jones,,,
1641794,Dillon Jones,Oklahoma City Thunder|New York Knicks,OKC|NYK,
202346,Dominique Jones,Dallas Mavericks,DAL,
963,Dontae' Jones,,,
101204,Dwayne Jones,Boston Celtics|Cleveland Cavaliers|Charlotte Hornets|Phoenix Suns,BOS|CLE|CHA|PHX,
77182,Dwight Jones,Atlanta Hawks|Houston Rockets|Chicago Bulls|Los Angeles Lakers,ATL|HOU|CHI|LAL,
77183,Earl Jones,Los Angeles Lakers|Milwaukee Bucks,LAL|MIL,
224,Eddie Jones,Los Angeles Lakers|Charlotte Hornets|Miami Heat|Memphis Grizzlies|Dallas Mavericks,LAL|CHA|MIA|MEM|DAL,
77184,Edgar Jones,Brooklyn Nets|Detroit Pistons|San Antonio Spurs|Cleveland Cavaliers,BKN|DET|SAS|CLE,
2410,Fred Jones,Indiana Pacers|Toronto Raptors|Portland Trail Blazers|New York Knicks|LA Clippers,IND|TOR|POR|NYK|LAC,
1630529,Herbert Jones,New Orleans Pelicans,NOP,
1642403,Isaac Jones,Sacramento Kings|Detroit Pistons,SAC|DET,
77185,Jake Jones,Philadelphia 76ers|Sacramento Kings,PHI|SAC,
1627883,Jalen Jones,New Orleans Pelicans|Dallas Mavericks|Cleveland Cavaliers,NOP|DAL|CLE,
2592,James Jones,Indiana Pacers|Phoenix Suns|Portland Trail Blazers|Miami Heat|Cleveland Cavaliers,IND|PHX|POR|MIA|CLE,
1629203,Jemerrio Jones,Los Angeles Lakers,LAL,
77186,Jimmy Jones,Washington Wizards,WAS,
77187,Johnny Jones,,,
1908,Jumaine Jones,Philadelphia 76ers|Cleveland Cavaliers|Boston Celtics|Los Angeles Lakers|Charlotte Hornets|Phoenix Suns,PHI|CLE|BOS|LAL|CHA|PHX,
77188,K.C. Jones,Boston Celtics,BOS,
1630539,Kai Jones,Charlotte Hornets|LA Clippers|Dallas Mavericks,CHA|LAC|DAL,
1642880,Kam Jones,,,
203158,Kevin Jones,,,
77200,Larry Jones,Philadelphia 76ers,PHI,
77189,Major Jones,Houston Rockets|Detroit Pistons,HOU|DET,
2891,Mark Jones,,,
90000,Mark Jones,,,
1630222,Mason Jones,Houston Rockets|Philadelphia 76ers|Los Angeles Lakers|Sacramento Kings,HOU|PHI|LAL|SAC,
77195,Nick Jones,Houston Rockets|Golden State Warriors,HOU|GSW,
77191,Ozell Jones,San Antonio Spurs|LA Clippers,SAS|LAC,
461,Popeye Jones,Dallas Mavericks|Toronto Raptors|Boston Celtics|Denver Nuggets|Washington Wizards|Golden State Warriors,DAL|TOR|BOS|DEN|WAS|GSW,
77192,Rich Jones,,,
77194,Robin Jones,Portland Trail Blazers|Houston Rockets,POR|HOU,
77196,Sam Jones,Boston Celtics,BOS,
2652,Shelton Jones,San Antonio Spurs|Golden State Warriors|Philadelphia 76ers,SAS|GSW|PHI,
200780,Solomon Jones,Atlanta Hawks|Indiana Pacers|LA Clippers|New Orleans Pelicans|New York Knicks|Orlando Magic,ATL|IND|LAC|NOP|NYK|ORL,
1642461,Spencer Jones,Denver Nuggets,DEN,
77197,Steve Jones,,,
203093,Terrence Jones,Houston Rockets|New Orleans Pelicans|Milwaukee Bucks,HOU|NOP|MIL,
1630200,Tre Jones,San Antonio Spurs|Chicago Bulls,SAS|CHI,
1626145,Tyus Jones,Minnesota Timberwolves|Memphis Grizzlies|Washington Wizards|Phoenix Suns|Orlando Magic|Dallas Mavericks|Denver Nuggets,MIN|MEM|WAS|PHX|ORL|DAL|DEN,
77198,Wali Jones,Washington Wizards|Philadelphia 76ers|Milwaukee Bucks|Detroit Pistons,WAS|PHI|MIL|DET,
77199,Wallace Jones,,,
77201,Wil Jones,Indiana Pacers|LA Clippers,IND|LAC,
77202,Willie Jones,Detroit Pistons,DET,
77203,Willie Jones,LA Clippers,LAC,
1642357,David Jones Garcia,,,
203103,Perry Jones III,Oklahoma City Thunder,OKC,
1627884,Derrick Jones Jr.,Phoenix Suns|Miami Heat|Portland Trail Blazers|Chicago Bulls|Dallas Mavericks|LA Clippers,PHX|MIA|POR|CHI|DAL|LAC,
1817,Adonis Jordan,Denver Nuggets|Milwaukee Bucks,DEN|MIL,
201599,DeAndre Jordan,LA Clippers|Dallas Mavericks|New York Knicks|Brooklyn Nets|Los Angeles Lakers|Philadelphia 76ers|Denver Nuggets|New Orleans Pelicans,LAC|DAL|NYK|BKN|LAL|PHI|DEN|NOP,
77205,Eddie Jordan,Cleveland Cavaliers|Brooklyn Nets|Los Angeles Lakers|Portland Trail Blazers,CLE|BKN|LAL|POR,
202366,Jerome Jordan,New York Knicks|Brooklyn Nets,NYK|BKN,
893,Michael Jordan,Chicago Bulls|Washington Wizards,CHI|WAS,
674,Reggie Jordan,Los Angeles Lakers|Atlanta Hawks|Portland Trail Blazers|Minnesota Timberwolves|Washington Wizards,LAL|ATL|POR|MIN|WAS,
77208,Thomas Jordan,,,
77209,Walter Jordan,,,
77210,Phil Jordon,New York Knicks|Detroit Pistons|Sacramento Kings|Atlanta Hawks,NYK|DET|SAC|ATL,
77211,Johnny Jorgensen,Los Angeles Lakers,LAL,
77212,Noble Jorgensen,Philadelphia 76ers,PHI,
77213,Roger Jorgensen,,,
202709,Cory Joseph,San Antonio Spurs|Toronto Raptors|Indiana Pacers|Sacramento Kings|Detroit Pistons|Golden State Warriors|Orlando Magic,SAS|TOR|IND|SAC|DET|GSW|ORL,
2123,Garth Joseph,Toronto Raptors|Denver Nuggets,TOR|DEN,
203126,Kris Joseph,Boston Celtics|Brooklyn Nets,BOS|BKN,
77214,Yvon Joseph,,,
1631107,Nikola Jovi?,Miami Heat,MIA,
77215,Jeff Judkins,Boston Celtics|Utah Jazz|Detroit Pistons|Portland Trail Blazers,BOS|UTA|DET|POR,
1630548,Johnny Juzang,Utah Jazz|Minnesota Timberwolves,UTA|MIN,
1629662,Mfiondu Kabengele,LA Clippers|Cleveland Cavaliers|Boston Celtics,LAC|CLE|BOS,
77217,Edwin Kachan,Los Angeles Lakers,LAL,
77218,George Kaftan,Boston Celtics|New York Knicks,BOS|NYK,
77219,Ed Kalafat,Los Angeles Lakers,LAL,
1630686,Georgios Kalaitzakis,Milwaukee Bucks|Oklahoma City Thunder,MIL|OKC,
1641750,Ryan Kalkbrenner,,,
2549,Chris Kaman,LA Clippers|New Orleans Pelicans|Dallas Mavericks|Los Angeles Lakers|Portland Trail Blazers,LAC|NOP|DAL|LAL|POR,
1626163,Frank Kaminsky,Charlotte Hornets|Phoenix Suns|Atlanta Hawks|Houston Rockets,CHA|PHX|ATL|HOU,
77221,Ralph Kaplowitz,Golden State Warriors|New York Knicks,GSW|NYK,
2574,Jason Kapono,Cleveland Cavaliers|Charlotte Hornets|Miami Heat|Toronto Raptors|Philadelphia 76ers|Los Angeles Lakers,CLE|CHA|MIA|TOR|PHI|LAL,
77222,Tony Kappen,Boston Celtics,BOS,
203508,Sergey Karasev,Cleveland Cavaliers|Brooklyn Nets,CLE|BKN,
201207,Coby Karl,Los Angeles Lakers|Cleveland Cavaliers|Golden State Warriors,LAL|CLE|GSW,
77223,George Karl,San Antonio Spurs,SAS,
77225,Ed Kasid,,,
2435,Mario Kasun,Orlando Magic,ORL,
77226,Leo Katkaveck,,,
77227,Bob Kauffman,Oklahoma City Thunder|Chicago Bulls|LA Clippers|Atlanta Hawks,OKC|CHI|LAC|ATL,
201619,Sasha Kaun,,,
77228,Wilbert Kautz,,,
1642530,Yuki Kawamura,Memphis Grizzlies|Chicago Bulls,MEM|CHI,
77229,Clarence Kea,Dallas Mavericks,DAL,
77230,Michael Kearns,,,
77231,Tommy Kearns,,,
228,Adam Keefe,Atlanta Hawks|Utah Jazz|Golden State Warriors,ATL|UTA|GSW,
77233,Harold Keeling,,,
1631211,Trevor Keels,New York Knicks|Miami Heat,NYK|MIA,
77234,Ken Keller,Washington Wizards,WAS,
1630283,Kylor Kelley,Dallas Mavericks|New Orleans Pelicans,DAL|NOP,
77235,Rich Kelley,Utah Jazz|Phoenix Suns|Brooklyn Nets|Denver Nuggets|Sacramento Kings,UTA|PHX|BKN|DEN|SAC,
77236,Clark Kellogg,Indiana Pacers,IND,
77237,Gerard Kelly,Boston Celtics,BOS,
1642939,Miles Kelly,,,
203527,Ryan Kelly,Los Angeles Lakers|Atlanta Hawks,LAL|ATL,
77238,Tom Kelly,,,
77239,Greg Kelser,Detroit Pistons|Oklahoma City Thunder|LA Clippers|Indiana Pacers,DET|OKC|LAC|IND,
77240,Ben Kelso,,,
431,Shawn Kemp,Oklahoma City Thunder|Cleveland Cavaliers|Portland Trail Blazers|Orlando Magic,OKC|CLE|POR|ORL,
1118,Tim Kempton,LA Clippers|Charlotte Hornets|Denver Nuggets|Phoenix Suns|Cleveland Cavaliers|Atlanta Hawks|San Antonio Spurs|Orlando Magic|Toronto Raptors,LAC|CHA|DEN|PHX|CLE|ATL|SAS|ORL|TOR,
77242,Frank Kendrick,,,
1628379,Luke Kennard,Detroit Pistons|LA Clippers|Memphis Grizzlies|Atlanta Hawks|Los Angeles Lakers,DET|LAC|MEM|ATL|LAL,
202810,D.J. Kennedy,,,
77243,Eugene Kennedy,,,
77244,Joe Kennedy,Oklahoma City Thunder,OKC,
77245,William Kennedy,,,
77246,Larry Kenon,San Antonio Spurs|Chicago Bulls|Golden State Warriors|Cleveland Cavaliers,SAS|CHI|GSW|CLE,
1643257,Jayson Kent,,,
77247,Bill Kenville,Philadelphia 76ers|Detroit Pistons,PHI|DET,
1801,Jonathan Kerner,,,
77248,Johnny Kerr,Philadelphia 76ers|Washington Wizards,PHI|WAS,
70,Steve Kerr,Phoenix Suns|Cleveland Cavaliers|Orlando Magic|Chicago Bulls|San Antonio Spurs|Portland Trail Blazers,PHX|CLE|ORL|CHI|SAS|POR,
77249,Jack Kerris,Detroit Pistons|Atlanta Hawks,DET|ATL,
760,Jerome Kersey,Portland Trail Blazers|Golden State Warriors|Los Angeles Lakers|Oklahoma City Thunder|San Antonio Spurs|Milwaukee Bucks,POR|GSW|LAL|OKC|SAS|MIL,
77251,Alec Kessler,Miami Heat,MIA,
1631117,Walker Kessler,Utah Jazz,UTA,
1930,Lari Ketner,Chicago Bulls|Cleveland Cavaliers|Indiana Pacers,CHI|CLE|IND,
1630296,Braxton Key,Philadelphia 76ers|Detroit Pistons|Denver Nuggets|Golden State Warriors,PHI|DET|DEN|GSW,
705,Randolph Keys,Cleveland Cavaliers|Charlotte Hornets|Los Angeles Lakers|Milwaukee Bucks,CLE|CHA|LAL|MIL,
2751,Viktor Khryapa,Portland Trail Blazers|Chicago Bulls,POR|CHI,
467,Jason Kidd,Dallas Mavericks|Phoenix Suns|Brooklyn Nets|New York Knicks,DAL|PHX|BKN|NYK,
1629742,Stanton Kidd,,,
77254,Warren Kidd,,,
203077,Michael Kidd-Gilchrist,Charlotte Hornets|Dallas Mavericks,CHA|DAL,
77255,Irv Kiffin,,,
77256,Jack Kiley,Detroit Pistons,DET,
77257,Ernie Killum,,,
77258,Carl Kilpatrick,,,
203930,Sean Kilpatrick,Minnesota Timberwolves|Denver Nuggets|Brooklyn Nets|Milwaukee Bucks|LA Clippers|Chicago Bulls,MIN|DEN|BKN|MIL|LAC|CHI,
77259,Toby Kimball,Boston Celtics|Houston Rockets|Milwaukee Bucks|Sacramento Kings|Philadelphia 76ers|Utah Jazz,BOS|HOU|MIL|SAC|PHI|UTA,
77260,Bo Kimble,LA Clippers|New York Knicks,LAC|NYK,
77261,Stan Kimbrough,Detroit Pistons|Sacramento Kings,DET|SAC,
77262,Chad Kinch,Cleveland Cavaliers|Dallas Mavericks,CLE|DAL,
77263,Albert King,Brooklyn Nets|Philadelphia 76ers|San Antonio Spurs|Washington Wizards,BKN|PHI|SAS|WAS,
77264,Bernard King,Brooklyn Nets|Utah Jazz|Golden State Warriors|New York Knicks|Washington Wizards,BKN|UTA|GSW|NYK|WAS,
12,Chris King,Oklahoma City Thunder|Memphis Grizzlies|Utah Jazz,OKC|MEM|UTA,
77266,Dan King,,,
701,Frankie King,Los Angeles Lakers|Philadelphia 76ers,LAL|PHI,
77268,George King,Philadelphia 76ers|Sacramento Kings,PHI|SAC,
1628994,George King,Phoenix Suns|Dallas Mavericks,PHX|DAL,
1562,Gerard King,San Antonio Spurs|Washington Wizards,SAS|WAS,
77270,Jim King,Los Angeles Lakers|Golden State Warriors|Sacramento Kings|Chicago Bulls,LAL|GSW|SAC|CHI,
728,Jimmy King,Toronto Raptors|Denver Nuggets,TOR|DEN,
1629663,Louis King,Detroit Pistons|Sacramento Kings|Philadelphia 76ers,DET|SAC|PHI,
77272,Maury King,Boston Celtics|Washington Wizards,BOS|WAS,
77273,Reggie King,Sacramento Kings|Oklahoma City Thunder,SAC|OKC,
1101,Rich King,Oklahoma City Thunder,OKC,
351,Stacey King,Chicago Bulls|Minnesota Timberwolves|Miami Heat|Boston Celtics|Dallas Mavericks,CHI|MIN|MIA|BOS|DAL,
77276,Tom King,,,
77277,Bob Kinney,Detroit Pistons|Boston Celtics,DET|BOS,
200814,Tarence Kinsey,Memphis Grizzlies|Cleveland Cavaliers,MEM|CLE,
1905,Andrei Kirilenko,Utah Jazz|Minnesota Timberwolves|Brooklyn Nets,UTA|MIN|BKN,
203945,Alex Kirk,,,
77278,Walt Kirk,Detroit Pistons|Atlanta Hawks,DET|ATL,
1630557,Corey Kispert,Washington Wizards|Atlanta Hawks,WAS|ATL,
77279,Doug Kistler,,,
77280,Curtis Kitchen,,,
1123,Greg Kite,Boston Celtics|LA Clippers|Charlotte Hornets|Sacramento Kings|Orlando Magic|New York Knicks|Indiana Pacers,BOS|LAC|CHA|SAC|ORL|NYK|IND,
954,Kerry Kittles,Brooklyn Nets|LA Clippers,BKN|LAC,
1628467,Maxi Kleber,Dallas Mavericks|Los Angeles Lakers,DAL|LAL,
170,Joe Kleine,Sacramento Kings|Boston Celtics|Phoenix Suns|Los Angeles Lakers|Brooklyn Nets|Chicago Bulls|Portland Trail Blazers,SAC|BOS|PHX|LAL|BKN|CHI|POR,
101132,Linas Kleiza,Denver Nuggets|Toronto Raptors,DEN|TOR,
77283,Leo Klier,Detroit Pistons,DET,
1641752,Bobi Klintman,Detroit Pistons,DET,
77284,Herm Klotz,,,
77285,Duane Klueh,Detroit Pistons,DET,
1642261,Dalton Knecht,Los Angeles Lakers,LAL,
77290,Billy Knight,Indiana Pacers|LA Clippers|Boston Celtics|Sacramento Kings|San Antonio Spurs,IND|LAC|BOS|SAC|SAS,
77287,Bob Knight,,,
2688,Brandin Knight,,,
202688,Brandon Knight,Detroit Pistons|Milwaukee Bucks|Phoenix Suns|Houston Rockets|Cleveland Cavaliers|Dallas Mavericks,DET|MIL|PHX|HOU|CLE|DAL,
1510,Brevin Knight,Cleveland Cavaliers|Atlanta Hawks|Memphis Grizzlies|Phoenix Suns|Washington Wizards|Milwaukee Bucks|Charlotte Hornets|LA Clippers|Utah Jazz,CLE|ATL|MEM|PHX|WAS|MIL|CHA|LAC|UTA,
1630233,Nathan Knight,Atlanta Hawks|Minnesota Timberwolves,ATL|MIN,
1861,Negele Knight,Phoenix Suns|San Antonio Spurs|Portland Trail Blazers|Detroit Pistons|Toronto Raptors,PHX|SAS|POR|DET|TOR,
77288,Ron Knight,Portland Trail Blazers,POR,
77289,Toby Knight,New York Knicks,NYK,
969,Travis Knight,Los Angeles Lakers|Boston Celtics|New York Knicks,LAL|BOS|NYK,
77291,Lee Knorek,New York Knicks,NYK,
77292,Dick Knostman,,,
77293,Rod Knowles,,,
1628995,Kevin Knox II,New York Knicks|Atlanta Hawks|Detroit Pistons|Portland Trail Blazers|Golden State Warriors,NYK|ATL|DET|POR|GSW,
1642851,Kon Knueppel,,,
77294,Bart Kofoed,Utah Jazz|Golden State Warriors|Oklahoma City Thunder|Boston Celtics,UTA|GSW|OKC|BOS,
77295,Don Kojis,Washington Wizards|Detroit Pistons|Chicago Bulls|Houston Rockets|Oklahoma City Thunder|Sacramento Kings,WAS|DET|CHI|HOU|OKC|SAC,
1642278,Tyler Kolek,New York Knicks,NYK,
1631132,Christian Koloko,Toronto Raptors|Los Angeles Lakers|Memphis Grizzlies|Atlanta Hawks,TOR|LAL|MEM|ATL,
77296,Milo Komenich,,,
77297,Howard Komives,New York Knicks|Detroit Pistons|LA Clippers|Sacramento Kings,NYK|DET|LAC|SAC,
402,Jon Koncak,Atlanta Hawks|Orlando Magic,ATL|ORL,
1629723,John Konchar,Memphis Grizzlies|Utah Jazz,MEM|UTA,
77299,Bud Koper,,,
77300,Joe Kopicki,Washington Wizards|Denver Nuggets,WAS|DEN,
1627788,Furkan Korkmaz,Philadelphia 76ers,PHI,
77301,Frank Kornet,Milwaukee Bucks,MIL,
1628436,Luke Kornet,New York Knicks|Chicago Bulls|Boston Celtics|Cleveland Cavaliers|Milwaukee Bucks|San Antonio Spurs,NYK|CHI|BOS|CLE|MIL|SAS,
101117,Yaroslav Korolev,LA Clippers,LAC,
2594,Kyle Korver,Philadelphia 76ers|Utah Jazz|Chicago Bulls|Atlanta Hawks|Cleveland Cavaliers|Milwaukee Bucks,PHI|UTA|CHI|ATL|CLE|MIL,
77302,Len Kosmalski,Sacramento Kings,SAC,
77303,Andy Kostecka,,,
77304,Harold Kottman,,,
201585,Kosta Koufos,Utah Jazz|Minnesota Timberwolves|Denver Nuggets|Memphis Grizzlies|Sacramento Kings,UTA|MIN|DEN|MEM|SAC,
77305,Tom Kozelko,Washington Wizards,WAS,
77306,Arvid Kramer,,,
77307,Barry Kramer,Golden State Warriors|New York Knicks,GSW|NYK,
77308,Joel Kramer,Phoenix Suns,PHX,
77309,Dan Kraus,,,
77310,Herb Krautblatt,,,
203139,Viacheslav Kravtsov,Detroit Pistons|Phoenix Suns,DET|PHX,
77311,Jim Krebs,Los Angeles Lakers,LAL,
1630249,Vít Krej?í,Oklahoma City Thunder|Atlanta Hawks|Portland Trail Blazers,OKC|ATL|POR,
77312,Wayne Kreklow,,,
77313,Tom Kron,Atlanta Hawks|Oklahoma City Thunder,ATL|OKC,
77314,Tom Kropp,Washington Wizards|Chicago Bulls,WAS|CHI,
2420,Nenad Krstic,Brooklyn Nets|Oklahoma City Thunder|Boston Celtics,BKN|OKC|BOS,
1474,Larry Krystkowiak,San Antonio Spurs|Milwaukee Bucks|Utah Jazz|Orlando Magic|Chicago Bulls|Los Angeles Lakers,SAS|MIL|UTA|ORL|CHI|LAL,
77316,Steve Kuberski,Boston Celtics|Milwaukee Bucks|LA Clippers,BOS|MIL|LAC,
77317,Leo Kubiak,,,
77318,Bruce Kuczenski,Brooklyn Nets|Philadelphia 76ers|Indiana Pacers,BKN|PHI|IND,
77319,Frank Kudelka,Boston Celtics|Golden State Warriors,BOS|GSW,
77320,John Kuester,Sacramento Kings|Denver Nuggets|Indiana Pacers,SAC|DEN|IND,
77322,Ray Kuka,New York Knicks,NYK,
389,Toni Kukoc,Chicago Bulls|Philadelphia 76ers|Atlanta Hawks|Milwaukee Bucks,CHI|PHI|ATL|MIL,
1629083,Arnoldas Kulboka,,,
1630228,Jonathan Kuminga,Golden State Warriors|Atlanta Hawks,GSW|ATL,
77323,Kevin Kunnert,LA Clippers|Houston Rockets|Portland Trail Blazers,LAC|HOU|POR,
77324,Mitch Kupchak,Washington Wizards|Los Angeles Lakers,WAS|LAL,
77325,Charles Kupec,Los Angeles Lakers|Houston Rockets,LAL|HOU,
1629066,Rodions Kurucs,Brooklyn Nets|Houston Rockets|Milwaukee Bucks,BKN|HOU|MIL,
201633,Rob Kurz,,,
2825,Ibrahim Kutluay,,,
1628398,Kyle Kuzma,Los Angeles Lakers|Washington Wizards|Milwaukee Bucks,LAL|WAS|MIL,
203136,Ognjen Kuzmic,Golden State Warriors,GSW,
1627851,Mindaugas Kuzminskas,New York Knicks,NYK,
77327,Fred LaCour,Atlanta Hawks|Golden State Warriors,ATL|GSW,
1711,Raef LaFrentz,Denver Nuggets|Dallas Mavericks|Boston Celtics|Portland Trail Blazers,DEN|DAL|BOS|POR,
77328,Tom LaGarde,Denver Nuggets|Oklahoma City Thunder|Dallas Mavericks|Brooklyn Nets,DEN|OKC|DAL|BKN,
1631222,Jake LaRavia,Memphis Grizzlies|Sacramento Kings|Los Angeles Lakers,MEM|SAC|LAL,
1601,Rusty LaRue,Chicago Bulls|Utah Jazz|Golden State Warriors,CHI|UTA|GSW,
77340,Rudy LaRusso,Los Angeles Lakers|Golden State Warriors,LAL|GSW,
203897,Zach LaVine,Minnesota Timberwolves|Chicago Bulls|Sacramento Kings,MIN|CHI|SAC,
1627746,Skal Labissiere,Sacramento Kings|Portland Trail Blazers|Washington Wizards,SAC|POR|WAS,
77326,Sam Lacey,Sacramento Kings|Brooklyn Nets|Cleveland Cavaliers,SAC|BKN|CLE,
363,Christian Laettner,Minnesota Timberwolves|Atlanta Hawks|Detroit Pistons|Dallas Mavericks|Washington Wizards|Miami Heat,MIN|ATL|DET|DAL|WAS|MIA,
201802,Oliver Lafayette,,,
100263,Bill Laimbeer,Cleveland Cavaliers|Detroit Pistons,CLE|DET,
77329,Pete Lalich,,,
77330,Bo Lamar,,,
1630237,Anthony Lamb,Houston Rockets|San Antonio Spurs|Golden State Warriors,HOU|SAS|GSW,
203117,Doron Lamb,Milwaukee Bucks|Orlando Magic,MIL|ORL,
203087,Jeremy Lamb,Oklahoma City Thunder|Charlotte Hornets|Indiana Pacers|Sacramento Kings,OKC|CHA|IND|SAC,
77331,John Lambert,Cleveland Cavaliers|Sacramento Kings|San Antonio Spurs,CLE|SAC|SAS,
77332,Jeff Lamp,Portland Trail Blazers|San Antonio Spurs|Milwaukee Bucks|Los Angeles Lakers,POR|SAS|MIL|LAL,
2573,Maciej Lampe,Phoenix Suns|New Orleans Pelicans|Houston Rockets,PHX|NOP|HOU,
77333,Jim Lampley,,,
2253,Sean Lampley,Miami Heat|Golden State Warriors,MIA|GSW,
1629111,Jock Landale,San Antonio Spurs|Phoenix Suns|Houston Rockets|Memphis Grizzlies|Atlanta Hawks,SAS|PHX|HOU|MEM|ATL,
201171,Carl Landry,Houston Rockets|Sacramento Kings|New Orleans Pelicans|Golden State Warriors|Philadelphia 76ers,HOU|SAC|NOP|GSW|PHI,
202068,Marcus Landry,New York Knicks|Boston Celtics,NYK|BOS,
77334,Mark Landsberger,Chicago Bulls|Los Angeles Lakers|Atlanta Hawks,CHI|LAL|ATL,
77335,Jerome Lane,Denver Nuggets|Indiana Pacers|Milwaukee Bucks|Cleveland Cavaliers,DEN|IND|MIL|CLE,
457,Andrew Lang,Phoenix Suns|Philadelphia 76ers|Atlanta Hawks|Minnesota Timberwolves|Milwaukee Bucks|Chicago Bulls|New York Knicks,PHX|PHI|ATL|MIN|MIL|CHI|NYK,
226,Antonio Lang,Phoenix Suns|Cleveland Cavaliers|Miami Heat|Toronto Raptors|Philadelphia 76ers,PHX|CLE|MIA|TOR|PHI,
2591,James Lang,,,
1892,Trajan Langdon,Cleveland Cavaliers,CLE,
101247,Keith Langford,,,
1629641,Romeo Langford,Boston Celtics|San Antonio Spurs,BOS|SAS,
2061,Dan Langhi,Houston Rockets|Phoenix Suns|Golden State Warriors|Milwaukee Bucks,HOU|PHX|GSW|MIL,
600005,Bob Lanier,Detroit Pistons|Milwaukee Bucks,DET|MIL,
1642404,Chaz Lanier,,,
77338,Stu Lantz,Houston Rockets|Detroit Pistons|Utah Jazz|Los Angeles Lakers,HOU|DET|UTA|LAL,
1627879,Nicolas Laprovittola,,,
77339,York Larese,,,
203499,Shane Larkin,Dallas Mavericks|New York Knicks|Brooklyn Nets|Boston Celtics,DAL|NYK|BKN|BOS,
1641796,Pelle Larsson,Miami Heat,MIA,
77341,John Laskowski,Chicago Bulls,CHI,
201186,Stephane Lasme,Golden State Warriors|Miami Heat,GSW|MIA,
77342,Dave Lattin,Golden State Warriors|Phoenix Suns,GSW|PHX,
968,Priest Lauderdale,Atlanta Hawks|Denver Nuggets,ATL|DEN,
77344,Rich Laurel,,,
77345,Walt Lautenbach,,,
203530,Joffrey Lauvergne,Denver Nuggets|Oklahoma City Thunder|Chicago Bulls|San Antonio Spurs,DEN|OKC|CHI|SAS,
77346,Tony Lavelli,Boston Celtics|New York Knicks,BOS|NYK,
77347,Bob Lavoy,Philadelphia 76ers,PHI,
201151,Acie Law,Atlanta Hawks|Golden State Warriors|Charlotte Hornets|Chicago Bulls|Memphis Grizzlies,ATL|GSW|CHA|CHI|MEM,
1629724,Vic Law,,,
202371,Gani Lawal,,,
77348,Ed Lawrence,,,
1630639,A.J. Lawson,Minnesota Timberwolves|Dallas Mavericks|Toronto Raptors,MIN|DAL|TOR,
1535,Jason Lawson,,,
201951,Ty Lawson,Denver Nuggets|Houston Rockets|Indiana Pacers|Sacramento Kings,DEN|HOU|IND|SAC,
1627774,Jake Layman,Portland Trail Blazers|Minnesota Timberwolves,POR|MIN,
77350,Dennis Layton,Phoenix Suns|Portland Trail Blazers|New York Knicks|San Antonio Spurs,PHX|POR|NYK|SAS,
1627747,Caris LeVert,Brooklyn Nets|Indiana Pacers|Cleveland Cavaliers|Atlanta Hawks|Detroit Pistons,BKN|IND|CLE|ATL|DET,
1628388,T.J. Leaf,Indiana Pacers|Portland Trail Blazers,IND|POR,
77351,Emanuel Leaks,Philadelphia 76ers|Washington Wizards,PHI|WAS,
77352,Hal Lear,,,
77353,Allen Leavell,Houston Rockets,HOU,
77354,Jeff Lebo,,,
287,Eric Leckner,Utah Jazz|Sacramento Kings|Charlotte Hornets|Philadelphia 76ers|Detroit Pistons|Memphis Grizzlies,UTA|SAC|CHA|PHI|DET|MEM,
1629665,Jalen Lecque,Phoenix Suns|Indiana Pacers,PHX|IND,
203495,Ricky Ledo,Dallas Mavericks|New York Knicks,DAL|NYK,
77356,Butch Lee,Atlanta Hawks|Cleveland Cavaliers|Los Angeles Lakers,ATL|CLE|LAL,
77357,Clyde Lee,Golden State Warriors|Atlanta Hawks|Philadelphia 76ers,GSW|ATL|PHI,
201584,Courtney Lee,Orlando Magic|Brooklyn Nets|Houston Rockets|Boston Celtics|Memphis Grizzlies|Charlotte Hornets|New York Knicks|Dallas Mavericks,ORL|BKN|HOU|BOS|MEM|CHA|NYK|DAL,
1627814,Damion Lee,Atlanta Hawks|Golden State Warriors|Phoenix Suns,ATL|GSW|PHX,
101135,David Lee,New York Knicks|Golden State Warriors|Boston Celtics|Dallas Mavericks|San Antonio Spurs,NYK|GSW|BOS|DAL|SAS,
77358,Doug Lee,Brooklyn Nets|Sacramento Kings,BKN|SAC,
77359,George Lee,Detroit Pistons|Golden State Warriors,DET|GSW,
77360,Greg Lee,,,
77361,Keith Lee,Cleveland Cavaliers|Brooklyn Nets,CLE|BKN,
77362,Kurk Lee,,,
202723,Malcolm Lee,Minnesota Timberwolves|Philadelphia 76ers,MIN|PHI,
77363,Rock Lee,,,
77364,Ron Lee,Phoenix Suns|Utah Jazz|Atlanta Hawks|Detroit Pistons,PHX|UTA|ATL|DET,
77365,Russell Lee,Milwaukee Bucks|Utah Jazz,MIL|UTA,
1630240,Saben Lee,Detroit Pistons|Philadelphia 76ers|Phoenix Suns,DET|PHI|PHX,
77366,Ed Leede,Boston Celtics,BOS,
77367,Hank Lefkowitz,,,
100,Tim Legler,Phoenix Suns|Denver Nuggets|Utah Jazz|Dallas Mavericks|Golden State Warriors|Washington Wizards,PHX|DEN|UTA|DAL|GSW|WAS,
77369,George Lehmann,Atlanta Hawks,ATL,
1627215,Walt Lemon Jr.,New Orleans Pelicans|Chicago Bulls,NOP|CHI,
203458,Alex Len,Phoenix Suns|Atlanta Hawks|Sacramento Kings|Toronto Raptors|Washington Wizards|Los Angeles Lakers,PHX|ATL|SAC|TOR|WAS|LAL,
702,Voshon Lenard,Miami Heat|Denver Nuggets|Toronto Raptors|Portland Trail Blazers,MIA|DEN|TOR|POR,
77371,Bob Leonard,Los Angeles Lakers|Washington Wizards,LAL|WAS,
77370,Gary Leonard,Minnesota Timberwolves|Atlanta Hawks,MIN|ATL,
202695,Kawhi Leonard,San Antonio Spurs|Toronto Raptors|LA Clippers,SAS|TOR|LAC,
203086,Meyers Leonard,Portland Trail Blazers|Miami Heat|Milwaukee Bucks,POR|MIA|MIL,
1642502,Malevy Leons,Oklahoma City Thunder|Golden State Warriors,OKC|GSW,
77372,Jim Les,Utah Jazz|LA Clippers|Sacramento Kings|Atlanta Hawks,UTA|LAC|SAC|ATL,
202727,Travis Leslie,,,
77373,Ronnie Lester,Chicago Bulls|Los Angeles Lakers,CHI|LAL,
77374,Clifford Lett,Chicago Bulls|San Antonio Spurs,CHI|SAS,
202720,Jon Leuer,Milwaukee Bucks|Cleveland Cavaliers|Memphis Grizzlies|Phoenix Suns|Detroit Pistons,MIL|CLE|MEM|PHX|DET,
77375,Andrew Levane,Sacramento Kings|Philadelphia 76ers|Atlanta Hawks,SAC|PHI|ATL,
77376,Lafayette Lever,Portland Trail Blazers|Denver Nuggets|Dallas Mavericks,POR|DEN|DAL,
77377,Cliff Levingston,Detroit Pistons|Atlanta Hawks|Chicago Bulls|Denver Nuggets,DET|ATL|CHI|DEN,
77385,Bobby Lewis,Golden State Warriors|Cleveland Cavaliers,GSW|CLE,
736,Cedric Lewis,,,
77379,Fred Lewis,Golden State Warriors,GSW,
77380,Freddie Lewis,Sacramento Kings|Indiana Pacers,SAC|IND,
77381,Grady Lewis,,,
1631171,Justin Lewis,,,
729,Martin Lewis,Toronto Raptors,TOR,
1641721,Maxwell Lewis,Los Angeles Lakers|Brooklyn Nets,LAL|BKN,
1900,Quincy Lewis,Utah Jazz|Minnesota Timberwolves,UTA|MIN,
77383,Ralph Lewis,Detroit Pistons|Charlotte Hornets,DET|CHA,
1740,Rashard Lewis,Oklahoma City Thunder|Orlando Magic|Washington Wizards|Miami Heat,OKC|ORL|WAS|MIA,
77384,Reggie Lewis,Boston Celtics,BOS,
1630575,Scottie Lewis,,,
1630184,Kira Lewis Jr.,New Orleans Pelicans|Toronto Raptors|Utah Jazz,NOP|TOR|UTA,
77386,Marcus Liberty,Denver Nuggets|Detroit Pistons,DEN|DET,
77387,Todd Lichti,Denver Nuggets|Orlando Magic|Golden State Warriors|Boston Celtics,DEN|ORL|GSW|BOS,
1630604,E.J. Liddell,New Orleans Pelicans|Chicago Bulls|Brooklyn Nets,NOP|CHI|BKN,
202732,DeAndre Liggins,Orlando Magic|Oklahoma City Thunder|Miami Heat|Cleveland Cavaliers|Dallas Mavericks|Milwaukee Bucks|New Orleans Pelicans,ORL|OKC|MIA|CLE|DAL|MIL|NOP,
77388,Bill Ligon,,,
203081,Damian Lillard,Portland Trail Blazers|Milwaukee Bucks,POR|MIL,
202391,Jeremy Lin,Golden State Warriors|New York Knicks|Houston Rockets|Los Angeles Lakers|Charlotte Hornets|Brooklyn Nets|Atlanta Hawks|Toronto Raptors,GSW|NYK|HOU|LAL|CHA|BKN|ATL|TOR,
77389,Steve Lingenfelter,Washington Wizards|San Antonio Spurs,WAS|SAS,
175,Alton Lister,Milwaukee Bucks|Oklahoma City Thunder|Golden State Warriors|Boston Celtics|Portland Trail Blazers,MIL|OKC|GSW|BOS|POR,
1629642,Nassir Little,Portland Trail Blazers|Phoenix Suns,POR|PHX,
1641726,Dereck Lively II,Dallas Mavericks,DAL,
1630587,Isaiah Livers,Detroit Pistons|Phoenix Suns,DET|PHX,
1641753,Chris Livingston,Milwaukee Bucks|Cleveland Cavaliers,MIL|CLE,
988,Randy Livingston,Houston Rockets|Atlanta Hawks|Phoenix Suns|Golden State Warriors|Oklahoma City Thunder|New Orleans Pelicans|LA Clippers|Utah Jazz|Chicago Bulls,HOU|ATL|PHX|GSW|OKC|NOP|LAC|UTA|CHI,
2733,Shaun Livingston,LA Clippers|Miami Heat|Oklahoma City Thunder|Washington Wizards|Charlotte Hornets|Milwaukee Bucks|Cleveland Cavaliers|Brooklyn Nets|Golden State Warriors,LAC|MIA|OKC|WAS|CHA|MIL|CLE|BKN|GSW,
77392,Ron Livingstone,Golden State Warriors,GSW,
1024,Horacio Llamas,Phoenix Suns,PHX,
77394,Earl Lloyd,Philadelphia 76ers|Detroit Pistons,PHI|DET,
77395,Lewis Lloyd,Golden State Warriors|Houston Rockets|Philadelphia 76ers,GSW|HOU|PHI,
77396,Scott Lloyd,Milwaukee Bucks|LA Clippers|Chicago Bulls|Dallas Mavericks,MIL|LAC|CHI|DAL,
77397,Bob Lochmueller,,,
77398,Robert Lock,,,
77399,Darrell Lockhart,,,
1100,Ian Lockhart,,,
77401,Kevin Loder,Sacramento Kings|LA Clippers,SAC|LAC,
77402,Don Lofgran,Golden State Warriors|Atlanta Hawks,GSW|ATL,
1629155,Zach Lofton,,,
1631254,Kenneth Lofton Jr.,Memphis Grizzlies|Philadelphia 76ers|Utah Jazz,MEM|PHI|UTA,
77403,Johnny Logan,Atlanta Hawks,ATL,
38,Brad Lohaus,Boston Celtics|Sacramento Kings|Minnesota Timberwolves|Milwaukee Bucks|Miami Heat|San Antonio Spurs|New York Knicks|Toronto Raptors,BOS|SAC|MIN|MIL|MIA|SAS|NYK|TOR,
1609,Art Long,Sacramento Kings|Oklahoma City Thunder|Philadelphia 76ers|Toronto Raptors,SAC|OKC|PHI|TOR,
3,Grant Long,Miami Heat|Atlanta Hawks|Detroit Pistons|Memphis Grizzlies|Boston Celtics,MIA|ATL|DET|MEM|BOS,
1381,John Long,Detroit Pistons|Indiana Pacers|Atlanta Hawks|Toronto Raptors,DET|IND|ATL|TOR,
77406,Paul Long,Detroit Pistons|LA Clippers,DET|LAC,
1627848,Shawn Long,,,
26,Luc Longley,Minnesota Timberwolves|Chicago Bulls|Phoenix Suns|New York Knicks,MIN|CHI|PHX|NYK,
1626172,Kevon Looney,Golden State Warriors|New Orleans Pelicans,GSW|NOP,
201572,Brook Lopez,Brooklyn Nets|Los Angeles Lakers|Milwaukee Bucks|LA Clippers,BKN|LAL|MIL|LAC,
1732,Felipe Lopez,Memphis Grizzlies|Washington Wizards|Minnesota Timberwolves,MEM|WAS|MIN,
2221,Raul Lopez,Utah Jazz,UTA,
201577,Robin Lopez,Phoenix Suns|New Orleans Pelicans|Portland Trail Blazers|New York Knicks|Chicago Bulls|Milwaukee Bucks|Washington Wizards|Orlando Magic|Cleveland Cavaliers,PHX|NOP|POR|NYK|CHI|MIL|WAS|ORL|CLE,
943,Ryan Lorthridge,,,
77409,Jim Loscutoff,Boston Celtics,BOS,
77410,Plummer Lott,Oklahoma City Thunder,OKC,
77411,Kevin Loughery,Detroit Pistons|Washington Wizards|Philadelphia 76ers,DET|WAS|PHI,
1629712,Didi Louzada,New Orleans Pelicans|Portland Trail Blazers,NOP|POR,
77412,Bob Love,Sacramento Kings|Milwaukee Bucks|Chicago Bulls|Brooklyn Nets|Oklahoma City Thunder,SAC|MIL|CHI|BKN|OKC,
1631126,Caleb Love,,,
201567,Kevin Love,Minnesota Timberwolves|Cleveland Cavaliers|Miami Heat|Utah Jazz,MIN|CLE|MIA|UTA,
77413,Stan Love,Washington Wizards|Los Angeles Lakers,WAS|LAL,
77414,Clyde Lovellette,Los Angeles Lakers|Sacramento Kings|Atlanta Hawks|Boston Celtics,LAL|SAC|ATL|BOS,
1643133,Lawson Lovering,,,
77415,Sidney Lowe,Indiana Pacers|Detroit Pistons|Atlanta Hawks|Charlotte Hornets|Minnesota Timberwolves,IND|DET|ATL|CHA|MIN,
77416,Chuck Lowery,,,
200768,Kyle Lowry,Memphis Grizzlies|Houston Rockets|Toronto Raptors|Miami Heat|Philadelphia 76ers,MEM|HOU|TOR|MIA|PHI,
1628070,Jordan Loyd,,,
77417,Al Lucas,,,
77418,Jerry Lucas,Sacramento Kings|Golden State Warriors|New York Knicks,SAC|GSW|NYK,
77419,John Lucas,Houston Rockets|Golden State Warriors|Washington Wizards|San Antonio Spurs|Milwaukee Bucks|Oklahoma City Thunder,HOU|GSW|WAS|SAS|MIL|OKC,
203564,Kalin Lucas,Memphis Grizzlies|Detroit Pistons,MEM|DET,
77420,Maurice Lucas,Portland Trail Blazers|Brooklyn Nets|New York Knicks|Phoenix Suns|Los Angeles Lakers|Oklahoma City Thunder,POR|BKN|NYK|PHX|LAL|OKC,
101249,John Lucas III,Houston Rockets|Chicago Bulls|Toronto Raptors|Utah Jazz|Detroit Pistons|Minnesota Timberwolves,HOU|CHI|TOR|UTA|DET|MIN,
77421,Ted Luckenbill,Golden State Warriors,GSW,
1731,Tyronn Lue,Los Angeles Lakers|Washington Wizards|Orlando Magic|Houston Rockets|Atlanta Hawks|Dallas Mavericks|Milwaukee Bucks,LAL|WAS|ORL|HOU|ATL|DAL|MIL,
77422,Jim Luisi,,,
77423,Al Lujack,,,
77424,Phil Lumpkin,Portland Trail Blazers|Phoenix Suns,POR|PHX,
77425,Ray Lumpp,New York Knicks,NYK,
1630994,Gabriel Lundberg,,,
1641754,Seth Lundy,,,
1627789,Timothe Luwawu-Cabarrot,Philadelphia 76ers|Oklahoma City Thunder|Chicago Bulls|Brooklyn Nets|Atlanta Hawks,PHI|OKC|CHI|BKN|ATL,
1628399,Tyler Lydon,Denver Nuggets,DEN,
1626168,Trey Lyles,Utah Jazz|Denver Nuggets|San Antonio Spurs|Detroit Pistons|Sacramento Kings,UTA|DEN|SAS|DET|SAC,
248,George Lynch,Los Angeles Lakers|Memphis Grizzlies|Philadelphia 76ers|Charlotte Hornets|New Orleans Pelicans,LAL|MEM|PHI|CHA|NOP,
77426,Kevin Lynch,Charlotte Hornets,CHA,
77427,Mike Lynn,Los Angeles Lakers|LA Clippers,LAL|LAC,
1627815,Sheldon Mac,,,
1928,Todd MacCulloch,Philadelphia 76ers|Brooklyn Nets,PHI|BKN,
77430,Ronnie MacGilvray,,,
931,Don MacLean,Washington Wizards|Denver Nuggets|Philadelphia 76ers|Brooklyn Nets|Oklahoma City Thunder|Phoenix Suns|Miami Heat,WAS|DEN|PHI|BKN|OKC|PHX|MIA,
77428,Mike Macaluso,,,
77429,Ed Macauley,Boston Celtics|Atlanta Hawks,BOS|ATL,
203159,Scott Machado,Houston Rockets|Los Angeles Lakers,HOU|LAL,
101178,Arvydas Macijauskas,,,
77432,Ollie Mack,Los Angeles Lakers|Chicago Bulls|Dallas Mavericks,LAL|CHI|DAL,
694,Sam Mack,San Antonio Spurs|Houston Rockets|Memphis Grizzlies|Golden State Warriors|Miami Heat,SAS|HOU|MEM|GSW|MIA,
202714,Shelvin Mack,Washington Wizards|Philadelphia 76ers|Atlanta Hawks|Utah Jazz|Orlando Magic|Memphis Grizzlies|Charlotte Hornets,WAS|PHI|ATL|UTA|ORL|MEM|CHA,
1635,Malcolm Mackey,,,
77435,Rudy Macklin,Atlanta Hawks|New York Knicks,ATL|NYK,
202731,Vernon Macklin,,,
77436,Johnny Macknowski,Philadelphia 76ers,PHI,
1629133,Daryl Macon,Dallas Mavericks|Miami Heat,DAL|MIA,
1855,Mark Macon,Denver Nuggets|Detroit Pistons,DEN|DET,
1629122,J.P. Macura,Charlotte Hornets|Cleveland Cavaliers,CHA|CLE,
77438,Kyle Macy,Phoenix Suns|Chicago Bulls|Indiana Pacers,PHX|CHI|IND,
77439,Jack Maddox,,,
2432,Tito Maddox,,,
1666,Gerald Madkins,Cleveland Cavaliers|Golden State Warriors,CLE|GSW,
2058,Mark Madsen,Los Angeles Lakers|Minnesota Timberwolves,LAL|MIN,
77441,Norm Mager,,,
203705,Josh Magette,Atlanta Hawks|Orlando Magic,ATL|ORL,
1894,Corey Maggette,Orlando Magic|LA Clippers|Golden State Warriors|Milwaukee Bucks|Charlotte Hornets|Detroit Pistons,ORL|LAC|GSW|MIL|CHA|DET,
77442,Dave Magley,,,
2048,Jamaal Magloire,Charlotte Hornets|New Orleans Pelicans|Milwaukee Bucks|Portland Trail Blazers|Brooklyn Nets|Dallas Mavericks|Miami Heat|Toronto Raptors,CHA|NOP|MIL|POR|BKN|DAL|MIA|TOR,
1630266,Will Magnay,,,
101133,Ian Mahinmi,San Antonio Spurs|Dallas Mavericks|Indiana Pacers|Washington Wizards,SAS|DAL|IND|WAS,
77443,John Mahnken,Detroit Pistons|Atlanta Hawks|Boston Celtics,DET|ATL|BOS,
77444,Francis Mahoney,Boston Celtics,BOS,
328,Rick Mahorn,Washington Wizards|Detroit Pistons|Philadelphia 76ers|Brooklyn Nets,WAS|DET|PHI|BKN,
105,Dan Majerle,Phoenix Suns|Cleveland Cavaliers|Miami Heat,PHX|CLE|MIA,
200970,Renaldo Major,,,
1627748,Thon Maker,Milwaukee Bucks|Detroit Pistons|Cleveland Cavaliers,MIL|DET|CLE,
77447,Lionel Malamed,Sacramento Kings,SAC,
1630177,Theo Maledon,Oklahoma City Thunder|Charlotte Hornets|Phoenix Suns,OKC|CHA|PHX,
117,Jeff Malone,Washington Wizards|Utah Jazz|Philadelphia 76ers|Miami Heat,WAS|UTA|PHI|MIA,
252,Karl Malone,Utah Jazz|Los Angeles Lakers,UTA|LAL,
77449,Moses Malone,LA Clippers|Houston Rockets|Philadelphia 76ers|Washington Wizards|Atlanta Hawks|Milwaukee Bucks|San Antonio Spurs,LAC|HOU|PHI|WAS|ATL|MIL|SAS,
1074,Matt Maloney,Houston Rockets|Chicago Bulls|Atlanta Hawks,HOU|CHI|ATL,
77450,Steve Malovic,Washington Wizards|LA Clippers|Detroit Pistons,WAS|LAC|DET,
1642863,Khaman Maluach,,,
1630572,Sandro Mamukelashvili,Milwaukee Bucks|San Antonio Spurs|Toronto Raptors,MIL|SAS|TOR,
77451,Ted Manakas,,,
77452,John Mandic,Washington Wizards,WAS,
1630211,Karim Mane,,,
77453,Frank Mangiapane,,,
986,Marcus Mann,,,
1629611,Terance Mann,LA Clippers|Atlanta Hawks|Brooklyn Nets,LAC|ATL|BKN,
1630544,Tre Mann,Oklahoma City Thunder|Charlotte Hornets,OKC|CHA,
330,Danny Manning,LA Clippers|Atlanta Hawks|Phoenix Suns|Milwaukee Bucks|Utah Jazz|Dallas Mavericks|Detroit Pistons,LAC|ATL|PHX|MIL|UTA|DAL|DET,
77454,Ed Manning,Washington Wizards|Chicago Bulls|Portland Trail Blazers,WAS|CHI|POR,
316,Richard Manning,Memphis Grizzlies|LA Clippers,MEM|LAC,
1630185,Nico Mannion,,,
77456,Pace Mannion,Golden State Warriors|Utah Jazz|Brooklyn Nets|Milwaukee Bucks|Detroit Pistons|Atlanta Hawks,GSW|UTA|BKN|MIL|DET|ATL,
77457,Nick Mantis,Los Angeles Lakers|Washington Wizards,LAL|WAS,
77459,Pete Maravich,Atlanta Hawks|Utah Jazz|Boston Celtics,ATL|UTA|BOS,
77458,Peter Maravich,,,
203906,Devyn Marble,Orlando Magic,ORL,
77460,Roy Marble,Atlanta Hawks|Denver Nuggets,ATL|DEN,
950,Stephon Marbury,Minnesota Timberwolves|Brooklyn Nets|Phoenix Suns|New York Knicks|Boston Celtics,MIN|BKN|PHX|NYK|BOS,
36,Sarunas Marciulionis,Golden State Warriors|Oklahoma City Thunder|Sacramento Kings|Cleveland Cavaliers|Denver Nuggets,GSW|OKC|SAC|CLE|DEN,
77462,Saul Mariaschin,,,
77463,Jack Marin,Washington Wizards|Houston Rockets|LA Clippers|Chicago Bulls,WAS|HOU|LAC|CHI,
1890,Shawn Marion,Phoenix Suns|Miami Heat|Toronto Raptors|Dallas Mavericks|Cleveland Cavaliers,PHX|MIA|TOR|DAL|CLE,
1626246,Boban Marjanovic,San Antonio Spurs|Detroit Pistons|LA Clippers|Philadelphia 76ers|Dallas Mavericks|Houston Rockets,SAS|DET|LAC|PHI|DAL|HOU,
1628374,Lauri Markkanen,Chicago Bulls|Cleveland Cavaliers|Utah Jazz,CHI|CLE|UTA,
200806,Damir Markota,,,
1752,Sean Marks,Toronto Raptors|Miami Heat|San Antonio Spurs|Phoenix Suns|New Orleans Pelicans|Portland Trail Blazers,TOR|MIA|SAS|PHX|NOP|POR,
77464,Harvey Marlatt,Detroit Pistons,DET,
77465,Eric Marsh,,,
77466,Jim Marsh,,,
681,Donny Marshall,Cleveland Cavaliers|Brooklyn Nets,CLE|BKN,
923,Donyell Marshall,Minnesota Timberwolves|Golden State Warriors|Utah Jazz|Chicago Bulls|Toronto Raptors|Cleveland Cavaliers|Oklahoma City Thunder|Philadelphia 76ers,MIN|GSW|UTA|CHI|TOR|CLE|OKC|PHI,
203088,Kendall Marshall,Phoenix Suns|Los Angeles Lakers|Milwaukee Bucks|Philadelphia 76ers,PHX|LAL|MIL|PHI,
1630230,Naji Marshall,New Orleans Pelicans|Dallas Mavericks,NOP|DAL,
101185,Rawle Marshall,Dallas Mavericks|Indiana Pacers,DAL|IND,
77467,Tom Marshall,Sacramento Kings,SAC,
77468,Vester Marshall,,,
1642918,Alijah Martin,,,
77481,Bill Martin,Indiana Pacers|New York Knicks|Phoenix Suns,IND|NYK|PHX,
77478,Bob Martin,LA Clippers,LAC,
77469,Brian Martin,Portland Trail Blazers|Oklahoma City Thunder,POR|OKC,
1628997,Caleb Martin,Charlotte Hornets|Miami Heat|Philadelphia 76ers|Dallas Mavericks,CHA|MIA|PHI|DAL,
201858,Cartier Martin,Charlotte Hornets|Golden State Warriors|Washington Wizards|Chicago Bulls|Atlanta Hawks|Detroit Pistons,CHA|GSW|WAS|CHI|ATL|DET,
1628998,Cody Martin,Charlotte Hornets|Phoenix Suns|Indiana Pacers,CHA|PHX|IND,
733,Cuonzo Martin,Memphis Grizzlies|Milwaukee Bucks,MEM|MIL,
239,Darrick Martin,Minnesota Timberwolves|Memphis Grizzlies|LA Clippers|Sacramento Kings|Dallas Mavericks|Toronto Raptors,MIN|MEM|LAC|SAC|DAL|TOR,
77473,Don Martin,,,
77471,Donald Martin,,,
77472,Fernando Martin,,,
1626185,Jarell Martin,Memphis Grizzlies|Orlando Magic,MEM|ORL,
1641798,Jaylen Martin,Brooklyn Nets|Washington Wizards,BKN|WAS,
77474,Jeff Martin,LA Clippers,LAC,
1629725,Jeremiah Martin,Brooklyn Nets|Cleveland Cavaliers,BKN|CLE,
1630231,KJ Martin,Houston Rockets|LA Clippers|Philadelphia 76ers|Utah Jazz,HOU|LAC|PHI|UTA,
1629103,Kelan Martin,Minnesota Timberwolves|Indiana Pacers|Boston Celtics,MIN|IND|BOS,
2030,Kenyon Martin,Brooklyn Nets|Denver Nuggets|LA Clippers|New York Knicks|Milwaukee Bucks,BKN|DEN|LAC|NYK|MIL,
2755,Kevin Martin,Sacramento Kings|Houston Rockets|Oklahoma City Thunder|Minnesota Timberwolves|San Antonio Spurs,SAC|HOU|OKC|MIN|SAS,
77475,Larue Martin,Portland Trail Blazers,POR,
77476,Mo Martin,Denver Nuggets,DEN,
77477,Phil Martin,,,
77479,Ronald Martin,,,
77480,Slater Martin,Los Angeles Lakers|Atlanta Hawks,LAL|ATL,
1631213,Tyrese Martin,Atlanta Hawks|Brooklyn Nets|Philadelphia 76ers,ATL|BKN|PHI,
1642942,Jahmai Mashack,,,
469,Jamal Mashburn,Dallas Mavericks|Miami Heat|Charlotte Hornets|New Orleans Pelicans,DAL|MIA|CHA|NOP,
77482,Al Masino,Atlanta Hawks|Philadelphia 76ers,ATL|PHI,
193,Anthony Mason,Brooklyn Nets|Denver Nuggets|New York Knicks|Charlotte Hornets|Miami Heat|Milwaukee Bucks,BKN|DEN|NYK|CHA|MIA|MIL,
2046,Desmond Mason,Oklahoma City Thunder|Milwaukee Bucks|New Orleans Pelicans|Sacramento Kings,OKC|MIL|NOP|SAC,
1628412,Frank Mason III,Sacramento Kings|Milwaukee Bucks|Orlando Magic,SAC|MIL|ORL,
2427,Roger Mason Jr.,Chicago Bulls|Toronto Raptors|Washington Wizards|San Antonio Spurs|New York Knicks|New Orleans Pelicans|Miami Heat,CHI|TOR|WAS|SAS|NYK|NOP|MIA,
763,Tony Massenburg,San Antonio Spurs|Charlotte Hornets|Boston Celtics|Golden State Warriors|LA Clippers|Toronto Raptors|Philadelphia 76ers|Brooklyn Nets|Memphis Grizzlies|Houston Rockets|Utah Jazz|Sacramento Kings,SAS|CHA|BOS|GSW|LAC|TOR|PHI|BKN|MEM|HOU|UTA|SAC,
77483,Eddie Mast,New York Knicks|Atlanta Hawks,NYK|ATL,
1628999,Yante Maten,,,
1629726,Garrison Mathews,Washington Wizards|Houston Rockets|Atlanta Hawks|Indiana Pacers,WAS|HOU|ATL|IND,
1628493,Mangok Mathiang,,,
1629751,Dakota Mathias,Philadelphia 76ers|Memphis Grizzlies,PHI|MEM,
1631097,Bennedict Mathurin,Indiana Pacers|LA Clippers,IND|LAC,
1631255,Karlo Matkovi?,New Orleans Pelicans,NOP,
77484,Wes Matthews,Washington Wizards|Atlanta Hawks|Philadelphia 76ers|Chicago Bulls|San Antonio Spurs|Los Angeles Lakers,WAS|ATL|PHI|CHI|SAS|LAL,
202083,Wesley Matthews,Utah Jazz|Portland Trail Blazers|Dallas Mavericks|New York Knicks|Indiana Pacers|Milwaukee Bucks|Los Angeles Lakers|Atlanta Hawks,UTA|POR|DAL|NYK|IND|MIL|LAL|ATL,
77485,Ariel Maughan,,,
77486,Marlon Maxey,Minnesota Timberwolves,MIN,
1630178,Tyrese Maxey,Philadelphia 76ers,PHI,
101131,Jason Maxiell,Detroit Pistons|Orlando Magic|Charlotte Hornets,DET|ORL|CHA,
77487,Cedric Maxwell,Boston Celtics|LA Clippers|Houston Rockets,BOS|LAC|HOU,
137,Vernon Maxwell,San Antonio Spurs|Houston Rockets|Philadelphia 76ers|Orlando Magic|Charlotte Hornets|Sacramento Kings|Oklahoma City Thunder|Dallas Mavericks,SAS|HOU|PHI|ORL|CHA|SAC|OKC|DAL,
77489,Don May,New York Knicks|LA Clippers|Atlanta Hawks|Philadelphia 76ers|Sacramento Kings,NYK|LAC|ATL|PHI|SAC,
77490,Scott May,Chicago Bulls|Milwaukee Bucks|Detroit Pistons,CHI|MIL|DET,
101118,Sean May,Charlotte Hornets|Sacramento Kings,CHA|SAC,
195,Lee Mayberry,Milwaukee Bucks|Memphis Grizzlies,MIL|MEM,
77492,Clyde Mayes,Milwaukee Bucks|Indiana Pacers|LA Clippers|Portland Trail Blazers,MIL|IND|LAC|POR,
77493,Tharon Mayes,Philadelphia 76ers|LA Clippers,PHI|LAC,
77495,Bill Mayfield,,,
77494,Ken Mayfield,,,
201953,Eric Maynor,Utah Jazz|Oklahoma City Thunder|Portland Trail Blazers|Washington Wizards|Philadelphia 76ers,UTA|OKC|POR|WAS|PHI,
201564,O.J. Mayo,Memphis Grizzlies|Dallas Mavericks|Milwaukee Bucks,MEM|DAL|MIL,
1630219,Skylar Mays,Atlanta Hawks|Portland Trail Blazers|Los Angeles Lakers,ATL|POR|LAL,
77496,Travis Mays,Sacramento Kings|Atlanta Hawks,SAC|ATL,
77497,Matt Mazza,,,
1643024,Chris Ma?on,,,
201601,Luc Mbah a Moute,Milwaukee Bucks|Sacramento Kings|Minnesota Timberwolves|Philadelphia 76ers|LA Clippers|Houston Rockets,MIL|SAC|MIN|PHI|LAC|HOU,
1643016,Bez Mbeng,,,
2788,DJ Mbenga,Dallas Mavericks|Golden State Warriors|Los Angeles Lakers|New Orleans Pelicans,DAL|GSW|LAL|NOP,
77498,Bob McAdoo,LA Clippers|New York Knicks|Boston Celtics|Detroit Pistons|Brooklyn Nets|Los Angeles Lakers|Philadelphia 76ers,LAC|NYK|BOS|DET|BKN|LAL|PHI,
203949,James Michael McAdoo,Golden State Warriors|Philadelphia 76ers,GSW|PHI,
77499,Ken McBride,,,
1630540,Miles McBride,New York Knicks,NYK,
1642272,Jared McCain,Philadelphia 76ers|Oklahoma City Thunder,PHI|OKC,
1628769,Tahjere McCall,,,
203492,Ray McCallum,Sacramento Kings|San Antonio Spurs|Memphis Grizzlies,SAC|SAS|MEM,
737,Bob McCann,Dallas Mavericks|Detroit Pistons|Minnesota Timberwolves|Washington Wizards|Toronto Raptors,DAL|DET|MIN|WAS|TOR,
77500,Brendan McCann,New York Knicks,NYK,
77502,Mel McCants,,,
101119,Rashad McCants,Minnesota Timberwolves|Sacramento Kings,MIN|SAC,
77503,Mike McCarron,,,
77504,Andre McCarter,Sacramento Kings|Washington Wizards,SAC|WAS,
77505,Willie McCarter,Los Angeles Lakers|Portland Trail Blazers,LAL|POR,
77506,Johnny McCarthy,Sacramento Kings|Atlanta Hawks|Boston Celtics,SAC|ATL|BOS,
77507,Howie McCarty,,,
1820,Kelly McCarty,,,
962,Walter McCarty,New York Knicks|Boston Celtics|Phoenix Suns|LA Clippers,NYK|BOS|PHX|LAC,
1043,Amal McCaskill,Orlando Magic|San Antonio Spurs|Atlanta Hawks|Philadelphia 76ers,ORL|SAS|ATL|PHI,
1627775,Patrick McCaw,Golden State Warriors|Cleveland Cavaliers|Toronto Raptors,GSW|CLE|TOR,
77509,Dwayne McClain,,,
77510,"Ted, Hound Dog McClain",Denver Nuggets|Philadelphia 76ers|LA Clippers|Phoenix Suns,DEN|PHI|LAC|PHX,
2082,Dan McClintock,,,
77512,Jack McCloskey,,,
45,George McCloud,Indiana Pacers|Dallas Mavericks|Los Angeles Lakers|Phoenix Suns|Denver Nuggets,IND|DAL|LAL|PHX|DEN,
1630644,Mac McClung,Chicago Bulls|Los Angeles Lakers|Philadelphia 76ers|Orlando Magic|Indiana Pacers,CHI|LAL|PHI|ORL|IND,
203468,CJ McCollum,Portland Trail Blazers|New Orleans Pelicans|Washington Wizards|Atlanta Hawks,POR|NOP|WAS|ATL,
77513,John McConathy,,,
77514,Paul McConnell,,,
204456,T.J. McConnell,Philadelphia 76ers|Indiana Pacers,PHI|IND,
77515,Keith McCord,,,
77516,Tim McCormick,Oklahoma City Thunder|Philadelphia 76ers|Brooklyn Nets|Houston Rockets|Atlanta Hawks|New York Knicks,OKC|PHI|BKN|HOU|ATL|NYK,
1741,Jelani McCoy,Oklahoma City Thunder|Los Angeles Lakers|Toronto Raptors|Cleveland Cavaliers|Atlanta Hawks|Denver Nuggets,OKC|LAL|TOR|CLE|ATL|DEN,
77517,Paul McCracken,Houston Rockets|Chicago Bulls,HOU|CHI,
200840,Chris McCray,,,
1622,Rodney McCray,Houston Rockets|Sacramento Kings|Dallas Mavericks|Chicago Bulls,HOU|SAC|DAL|CHI,
77518,Scooter McCray,Oklahoma City Thunder|Cleveland Cavaliers,OKC|CLE,
1628571,Erik McCree,,,
1641755,Kevin McCullar Jr.,New York Knicks,NYK,
1626191,Chris McCullough,Brooklyn Nets|Washington Wizards,BKN|WAS,
77520,John McCullough,,,
723,Clint McDaniel,,,
1365,Xavier McDaniel,Oklahoma City Thunder|Phoenix Suns|New York Knicks|Boston Celtics|Brooklyn Nets,OKC|PHX|NYK|BOS|BKN,
1630183,Jaden McDaniels,Minnesota Timberwolves,MIN,
1629667,Jalen McDaniels,Charlotte Hornets|Philadelphia 76ers|Toronto Raptors|Washington Wizards,CHA|PHI|TOR|WAS,
77523,Jim McDaniels,Oklahoma City Thunder|Los Angeles Lakers|LA Clippers,OKC|LAL|LAC,
203909,KJ McDaniels,Philadelphia 76ers|Houston Rockets|Brooklyn Nets,PHI|HOU|BKN,
203926,Doug McDermott,Chicago Bulls|Oklahoma City Thunder|New York Knicks|Dallas Mavericks|Indiana Pacers|San Antonio Spurs|Sacramento Kings,CHI|OKC|NYK|DAL|IND|SAS|SAC,
1630253,Sean McDermott,,,
77524,Ben McDonald,Cleveland Cavaliers|Golden State Warriors,CLE|GSW,
77525,Glenn McDonald,Boston Celtics|Milwaukee Bucks,BOS|MIL,
1075,Michael McDonald,,,
77527,Hank McDowell,Golden State Warriors|Portland Trail Blazers|LA Clippers|Houston Rockets|Milwaukee Bucks,GSW|POR|LAC|HOU|MIL,
686,Antonio McDyess,Denver Nuggets|Phoenix Suns|New York Knicks|Detroit Pistons|San Antonio Spurs,DEN|PHX|NYK|DET|SAS,
77528,Jim McElroy,Utah Jazz|Atlanta Hawks|Detroit Pistons,UTA|ATL|DET,
200829,Ivan McFarlin,,,
77529,Mel McGaha,,,
203956,Mitch McGary,Oklahoma City Thunder,OKC,
201580,JaVale McGee,Washington Wizards|Denver Nuggets|Philadelphia 76ers|Dallas Mavericks|Golden State Warriors|Los Angeles Lakers|Cleveland Cavaliers|Phoenix Suns|Sacramento Kings,WAS|DEN|PHI|DAL|GSW|LAL|CLE|PHX|SAC,
77530,Mike McGee,Los Angeles Lakers|Atlanta Hawks|Sacramento Kings|Brooklyn Nets|Phoenix Suns,LAL|ATL|SAC|BKN|PHX,
77531,Bill McGill,Washington Wizards|New York Knicks|Los Angeles Lakers|Atlanta Hawks,WAS|NYK|LAL|ATL,
77532,George McGinnis,Philadelphia 76ers|Denver Nuggets|Indiana Pacers,PHI|DEN|IND,
77533,Jon McGlocklin,Sacramento Kings|Houston Rockets|Milwaukee Bucks,SAC|HOU|MIL,
1631121,Bryce McGowens,Charlotte Hornets|Portland Trail Blazers|New Orleans Pelicans,CHA|POR|NOP,
1503,Tracy McGrady,Toronto Raptors|Orlando Magic|Houston Rockets|New York Knicks|Detroit Pistons|Atlanta Hawks,TOR|ORL|HOU|NYK|DET|ATL,
77534,Gil McGregor,,,
1630787,Cameron McGriff,,,
203585,Rodney McGruder,Miami Heat|LA Clippers|Detroit Pistons,MIA|LAC|DET,
77536,Al McGuire,New York Knicks,NYK,
77535,Allie McGuire,,,
77537,Dick McGuire,New York Knicks|Detroit Pistons,NYK|DET,
201187,Dominic McGuire,Washington Wizards|Sacramento Kings|Charlotte Hornets|Golden State Warriors|Toronto Raptors|New Orleans Pelicans|Indiana Pacers,WAS|SAC|CHA|GSW|TOR|NOP|IND,
1450,Kevin McHale,Boston Celtics,BOS,
29,Jim McIlvaine,Washington Wizards|Oklahoma City Thunder|Brooklyn Nets,WAS|OKC|BKN,
976,Jeff McInnis,Denver Nuggets|Washington Wizards|LA Clippers|Portland Trail Blazers|Cleveland Cavaliers|Brooklyn Nets|Charlotte Hornets,DEN|WAS|LAC|POR|CLE|BKN|CHA,
77540,Kenny McIntosh,Chicago Bulls|Oklahoma City Thunder,CHI|OKC,
77541,Kevin McKenna,Los Angeles Lakers|Indiana Pacers|Brooklyn Nets|Washington Wizards,LAL|IND|BKN|WAS,
77542,Forrest McKenzie,,,
77543,Stan McKenzie,Washington Wizards|Phoenix Suns|Portland Trail Blazers|Houston Rockets,WAS|PHX|POR|HOU,
365,Derrick McKey,Oklahoma City Thunder|Indiana Pacers|Philadelphia 76ers,OKC|IND|PHI,
243,Aaron McKie,Portland Trail Blazers|Detroit Pistons|Philadelphia 76ers|Los Angeles Lakers,POR|DET|PHI|LAL,
77547,Billy McKinney,Sacramento Kings|Utah Jazz|Denver Nuggets|LA Clippers|Chicago Bulls,SAC|UTA|DEN|LAC|CHI,
77545,Carlton McKinney,LA Clippers|New York Knicks,LAC|NYK,
77546,Horace McKinney,Boston Celtics,BOS,
203590,Trey McKinney-Jones,,,
1628035,Alfonzo McKinnie,Toronto Raptors|Golden State Warriors|Cleveland Cavaliers|Los Angeles Lakers|Chicago Bulls,TOR|GSW|CLE|LAL|CHI,
1630605,JaQuori McLaughlin,,,
1629162,Jordan McLaughlin,Minnesota Timberwolves|Sacramento Kings|San Antonio Spurs,MIN|SAC|SAS,
203463,Ben McLemore,Sacramento Kings|Memphis Grizzlies|Houston Rockets|Los Angeles Lakers|Portland Trail Blazers,SAC|MEM|HOU|LAL|POR,
77548,Mccoy McLemore,Golden State Warriors|Chicago Bulls|Phoenix Suns|Detroit Pistons|Milwaukee Bucks|Cleveland Cavaliers|Houston Rockets,GSW|CHI|PHX|DET|MIL|CLE|HOU,
77549,George McLeod,,,
2693,Keith McLeod,Minnesota Timberwolves|Utah Jazz|Golden State Warriors|Indiana Pacers,MIN|UTA|GSW|IND,
1728,Roshown McLeod,Atlanta Hawks|Philadelphia 76ers,ATL|PHI,
77551,Jack McMahon,Sacramento Kings|Atlanta Hawks,SAC|ATL,
203,Nate McMillan,Oklahoma City Thunder,OKC,
77553,Tom McMillen,LA Clippers|New York Knicks|Atlanta Hawks|Washington Wizards,LAC|NYK|ATL|WAS,
77554,Jim McMillian,Los Angeles Lakers|LA Clippers|New York Knicks|Portland Trail Blazers,LAL|LAC|NYK|POR,
77555,Shellie McMillon,Detroit Pistons|Atlanta Hawks,DET|ATL,
77556,Mal McMullan,,,
77557,Chet McNabb,,,
77558,Mark McNamara,Philadelphia 76ers|San Antonio Spurs|Sacramento Kings|Los Angeles Lakers|Orlando Magic,PHI|SAS|SAC|LAL|ORL,
77559,Joe McNamee,Sacramento Kings,SAC,
202077,Jerel McNeal,,,
77560,Chris McNealy,New York Knicks,NYK,
1642862,Liam McNeeley,,,
77562,Bob McNeill,New York Knicks|Los Angeles Lakers,NYK|LAL,
77561,Larry McNeill,Sacramento Kings|Golden State Warriors|Brooklyn Nets|LA Clippers|Detroit Pistons,SAC|GSW|BKN|LAC|DET,
77563,Carl McNulty,,,
2101,Paul McPherson,Phoenix Suns|Golden State Warriors,PHX|GSW,
77565,Cozell McQueen,,,
203895,Jordan McRae,Phoenix Suns|Cleveland Cavaliers|Washington Wizards|Denver Nuggets|Detroit Pistons,PHX|CLE|WAS|DEN|DET,
77566,Thales McReynolds,,,
201177,Josh McRoberts,Portland Trail Blazers|Indiana Pacers|Los Angeles Lakers|Orlando Magic|Charlotte Hornets|Miami Heat|Dallas Mavericks,POR|IND|LAL|ORL|CHA|MIA|DAL,
1629098,Jack McVeigh,,,
77567,Eric McWilliams,,,
77568,George Mearns,,,
2098,Slava Medvedenko,Los Angeles Lakers|Atlanta Hawks,LAL|ATL,
1577,Darnell Mee,Denver Nuggets,DEN,
201975,Jodie Meeks,Milwaukee Bucks|Philadelphia 76ers|Los Angeles Lakers|Detroit Pistons|Orlando Magic|Washington Wizards|Toronto Raptors,MIL|PHI|LAL|DET|ORL|WAS|TOR,
77570,Cliff Meely,Houston Rockets|Los Angeles Lakers,HOU|LAL,
77571,Scott Meents,Oklahoma City Thunder,OKC,
77572,Dick Mehen,Detroit Pistons|Atlanta Hawks,DET|ATL,
77573,Don Meineke,Detroit Pistons|Sacramento Kings,DET|SAC,
77574,Carl Meinhold,,,
1626257,Salah Mejri,Dallas Mavericks,DAL,
203539,Gal Mekel,Dallas Mavericks|New Orleans Pelicans,DAL|NOP,
77576,Bill Melchionni,Philadelphia 76ers,PHI,
77575,Gary Melchionni,Phoenix Suns,PHX,
1629740,Nicolo Melli,New Orleans Pelicans|Dallas Mavericks,NOP|DAL,
203097,Fab Melo,,,
1629001,De'Anthony Melton,Phoenix Suns|Memphis Grizzlies|Philadelphia 76ers|Golden State Warriors,PHX|MEM|PHI|GSW,
77577,Ed Melvin,,,
77578,Dean Meminger,New York Knicks|Atlanta Hawks,NYK|ATL,
77579,Chuck Mencel,Los Angeles Lakers,LAL,
77580,John Mengelt,Sacramento Kings|Detroit Pistons|Chicago Bulls|Golden State Warriors,SAC|DET|CHI|GSW,
77581,Ken Menke,,,
1641877,Nathan Mensah,,,
200822,Pops Mensah-Bonsu,Dallas Mavericks|San Antonio Spurs|Toronto Raptors|Houston Rockets|New Orleans Pelicans,DAL|SAS|TOR|HOU|NOP,
1500,Ron Mercer,Boston Celtics|Denver Nuggets|Orlando Magic|Chicago Bulls|Indiana Pacers|San Antonio Spurs|Brooklyn Nets,BOS|DEN|ORL|CHI|IND|SAS|BKN,
77582,Joe Meriweather,Houston Rockets|Atlanta Hawks|Utah Jazz|New York Knicks|Sacramento Kings,HOU|ATL|UTA|NYK|SAC,
77583,Porter Meriwether,,,
1630241,Sam Merrill,Milwaukee Bucks|Memphis Grizzlies|Cleveland Cavaliers,MIL|MEM|CLE,
77584,Tom Meschery,Golden State Warriors|Oklahoma City Thunder,GSW|OKC,
1629002,Chimezie Metu,San Antonio Spurs|Sacramento Kings|Phoenix Suns|Detroit Pistons,SAS|SAC|PHX|DET,
684,Loren Meyer,Dallas Mavericks|Phoenix Suns|Denver Nuggets,DAL|PHX|DEN,
77586,Dave Meyers,Milwaukee Bucks,MIL,
77587,Stan Miasek,Atlanta Hawks,ATL,
77588,Larry Micheaux,Sacramento Kings|Houston Rockets|Milwaukee Bucks,SAC|HOU|MIL,
203995,Vasilije Micic,Oklahoma City Thunder|Charlotte Hornets|Phoenix Suns,OKC|CHA|PHX,
1626175,Jordan Mickey,Boston Celtics|Miami Heat,BOS|MIA,
203114,Khris Middleton,Detroit Pistons|Milwaukee Bucks|Washington Wizards|Dallas Mavericks,DET|MIL|WAS|DAL,
77589,Zigmund Mihalik,,,
2036,Chris Mihm,Cleveland Cavaliers|Boston Celtics|Los Angeles Lakers,CLE|BOS|LAL,
1628450,Eric Mika,,,
77590,Ed Mikan,Sacramento Kings|Golden State Warriors|Boston Celtics,SAC|GSW|BOS,
600012,George Mikan,Los Angeles Lakers,LAL,
77591,Larry Mikan,,,
77593,Vern Mikkelsen,Los Angeles Lakers,LAL,
77594,Al Miksis,,,
101223,Aaron Miles,,,
101139,CJ Miles,Utah Jazz|Cleveland Cavaliers|Indiana Pacers|Toronto Raptors|Memphis Grizzlies|Washington Wizards|Boston Celtics,UTA|CLE|IND|TOR|MEM|WAS|BOS,
2032,Darius Miles,LA Clippers|Cleveland Cavaliers|Portland Trail Blazers|Memphis Grizzlies,LAC|CLE|POR|MEM,
77596,Eddie Miles,Detroit Pistons|Washington Wizards|New York Knicks,DET|WAS|NYK,
1527,Marko Milic,Phoenix Suns,PHX,
2545,Darko Milicic,Detroit Pistons|Orlando Magic|Memphis Grizzlies|New York Knicks|Minnesota Timberwolves|Boston Celtics,DET|ORL|MEM|NYK|MIN|BOS,
77598,Nat Militzok,New York Knicks,NYK,
1889,Andre Miller,Cleveland Cavaliers|LA Clippers|Denver Nuggets|Philadelphia 76ers|Portland Trail Blazers|Washington Wizards|Sacramento Kings|Minnesota Timberwolves|San Antonio Spurs,CLE|LAC|DEN|PHI|POR|WAS|SAC|MIN|SAS,
292,Anthony Miller,Los Angeles Lakers|Atlanta Hawks|Houston Rockets|Philadelphia 76ers,LAL|ATL|HOU|PHI,
77605,Bill Miller,,,
77603,Bob Miller,,,
1802,Brad Miller,Charlotte Hornets|Chicago Bulls|Indiana Pacers|Sacramento Kings|Houston Rockets|Minnesota Timberwolves,CHA|CHI|IND|SAC|HOU|MIN,
1641706,Brandon Miller,Charlotte Hornets,CHA,
203121,Darius Miller,New Orleans Pelicans|Oklahoma City Thunder,NOP|OKC,
77602,Dick Miller,Indiana Pacers|Utah Jazz,IND|UTA,
77599,Eddie Miller,,,
1641801,Emanuel Miller,Chicago Bulls,CHI,
77600,Harry Miller,,,
77601,Jay Miller,Atlanta Hawks|Milwaukee Bucks,ATL|MIL,
1641757,Jordan Miller,LA Clippers,LAC,
1631159,Leonard Miller,Minnesota Timberwolves|Chicago Bulls,MIN|CHI,
1626259,Malcolm Miller,Toronto Raptors,TOR,
2034,Mike Miller,Orlando Magic|Memphis Grizzlies|Minnesota Timberwolves|Washington Wizards|Miami Heat|Cleveland Cavaliers|Denver Nuggets,ORL|MEM|MIN|WAS|MIA|CLE|DEN,
932,Oliver Miller,Phoenix Suns|Detroit Pistons|Toronto Raptors|Dallas Mavericks|Sacramento Kings|Minnesota Timberwolves,PHX|DET|TOR|DAL|SAC|MIN,
203113,Quincy Miller,Denver Nuggets|Sacramento Kings|Detroit Pistons,DEN|SAC|DET,
397,Reggie Miller,Indiana Pacers,IND,
77604,Walt Miller,,,
168,Chris Mills,Cleveland Cavaliers|New York Knicks|Golden State Warriors,CLE|NYK|GSW,
77606,John Mills,,,
201988,Patty Mills,Portland Trail Blazers|San Antonio Spurs|Brooklyn Nets|Atlanta Hawks|Miami Heat|Utah Jazz|LA Clippers,POR|SAS|BKN|ATL|MIA|UTA|LAC,
371,Terry Mills,Denver Nuggets|Brooklyn Nets|Detroit Pistons|Miami Heat|Indiana Pacers,DEN|BKN|DET|MIA|IND,
202407,Elijah Millsap,Utah Jazz|Phoenix Suns,UTA|PHX,
200794,Paul Millsap,Utah Jazz|Atlanta Hawks|Denver Nuggets|Brooklyn Nets|Philadelphia 76ers,UTA|ATL|DEN|BKN|PHI,
1629003,Shake Milton,Philadelphia 76ers|Minnesota Timberwolves|Detroit Pistons|New York Knicks|Brooklyn Nets|Los Angeles Lakers,PHI|MIN|DET|NYK|BKN|LAL,
1631303,Justin Minaya,Portland Trail Blazers,POR,
114,Harold Miner,Miami Heat|Cleveland Cavaliers,MIA|CLE,
1642434,Riley Minix,San Antonio Spurs|Cleveland Cavaliers,SAS|CLE,
77609,Dirk Minniefield,Cleveland Cavaliers|Houston Rockets|Golden State Warriors|Boston Celtics,CLE|HOU|GSW|BOS,
77610,Dave Minor,Atlanta Hawks,ATL,
65,Greg Minor,Boston Celtics,BOS,
77612,Mark Minor,,,
1631169,Josh Minott,Minnesota Timberwolves|Boston Celtics|Brooklyn Nets,MIN|BOS|BKN,
202703,Nikola Mirotic,Chicago Bulls|New Orleans Pelicans|Milwaukee Bucks,CHI|NOP|MIL,
77613,Wat Misaka,,,
1954,Jason Miskiri,,,
1642274,Yves Missi,New Orleans Pelicans,NOP,
1642349,Ajay Mitchell,Oklahoma City Thunder,OKC,
1630558,Davion Mitchell,Sacramento Kings|Toronto Raptors|Miami Heat,SAC|TOR|MIA,
1628378,Donovan Mitchell,Utah Jazz|Cleveland Cavaliers,UTA|CLE,
77615,Mike Mitchell,Cleveland Cavaliers|San Antonio Spurs,CLE|SAS,
77616,Murray Mitchell,,,
417,Sam Mitchell,Minnesota Timberwolves|Indiana Pacers,MIN|IND,
77614,Todd Mitchell,Miami Heat|San Antonio Spurs,MIA|SAS,
203183,Tony Mitchell,,,
203502,Tony Mitchell,,,
1628513,Naz Mitrou-Long,Utah Jazz|Indiana Pacers,UTA|IND,
77618,Steve Mix,Detroit Pistons|Philadelphia 76ers|Milwaukee Bucks|Los Angeles Lakers,DET|PHI|MIL|LAL,
77619,Bill Mlkvy,,,
1749,Cuttino Mobley,Houston Rockets|Orlando Magic|Sacramento Kings|LA Clippers,HOU|ORL|SAC|LAC,
211,Eric Mobley,Milwaukee Bucks|Memphis Grizzlies,MIL|MEM,
1630596,Evan Mobley,Cleveland Cavaliers,CLE,
1630600,Isaiah Mobley,Cleveland Cavaliers|Philadelphia 76ers,CLE|PHI,
77621,Larry Moffett,,,
1642367,Jonathan Mogbo,Toronto Raptors,TOR,
77622,Leo Mogus,Detroit Pistons|Golden State Warriors,DET|GSW,
1737,Nazr Mohammed,Philadelphia 76ers|Atlanta Hawks|New York Knicks|San Antonio Spurs|Detroit Pistons|Charlotte Hornets|Oklahoma City Thunder|Chicago Bulls,PHI|ATL|NYK|SAS|DET|CHA|OKC|CHI,
2040,Jerome Moiso,Boston Celtics|Charlotte Hornets|New Orleans Pelicans|Toronto Raptors|Brooklyn Nets|Cleveland Cavaliers,BOS|CHA|NOP|TOR|BKN|CLE,
77623,Paul Mokeski,Houston Rockets|Detroit Pistons|Cleveland Cavaliers|Milwaukee Bucks|Golden State Warriors,HOU|DET|CLE|MIL|GSW,
1629690,Adam Mokoka,Chicago Bulls,CHI,
77624,Jack Molinas,,,
77625,Wayne Molis,,,
77626,Sidney Moncrief,Milwaukee Bucks|Atlanta Hawks,MIL|ATL,
1631320,Chima Moneke,,,
77627,Eric Money,Detroit Pistons|Philadelphia 76ers|Brooklyn Nets,DET|PHI|BKN,
2752,Sergei Monia,Portland Trail Blazers|Sacramento Kings,POR|SAC,
1628370,Malik Monk,Charlotte Hornets|Los Angeles Lakers|Sacramento Kings,CHA|LAL|SAC,
600006,Earl Monroe,Washington Wizards|New York Knicks,WAS|NYK,
202328,Greg Monroe,Detroit Pistons|Milwaukee Bucks|Phoenix Suns|Boston Celtics|Toronto Raptors|Philadelphia 76ers|Washington Wizards|Utah Jazz|Minnesota Timberwolves,DET|MIL|PHX|BOS|TOR|PHI|WAS|UTA|MIN,
77628,Rodney Monroe,,,
1626242,Luis Montero,Portland Trail Blazers|Detroit Pistons,POR|DET,
77630,Howie Montgomery,,,
376,Eric Montross,Boston Celtics|Dallas Mavericks|Brooklyn Nets|Philadelphia 76ers|Detroit Pistons|Toronto Raptors,BOS|DAL|BKN|PHI|DET|TOR,
1630541,Moses Moody,Golden State Warriors,GSW,
200081,Jamario Moon,Toronto Raptors|Miami Heat|Cleveland Cavaliers|LA Clippers|Charlotte Hornets,TOR|MIA|CLE|LAC|CHA,
1629875,Xavier Moon,LA Clippers,LAC,
77631,Jim Mooney,,,
1629760,Matt Mooney,Cleveland Cavaliers|New York Knicks,CLE|NYK,
77632,Andre Moore,Denver Nuggets|Milwaukee Bucks,DEN|MIL,
1628500,Ben Moore,,,
202734,E'Twaun Moore,Boston Celtics|Orlando Magic|Chicago Bulls|New Orleans Pelicans|Phoenix Suns,BOS|ORL|CHI|NOP|PHX,
77634,Jackie Moore,Golden State Warriors,GSW,
77633,Johnny Moore,San Antonio Spurs|Brooklyn Nets,SAS|BKN,
77635,Lowes Moore,Brooklyn Nets|Cleveland Cavaliers|LA Clippers,BKN|CLE|LAC,
1630,Mikki Moore,Detroit Pistons|Boston Celtics|Atlanta Hawks|Brooklyn Nets|Utah Jazz|LA Clippers|Oklahoma City Thunder|Sacramento Kings|Golden State Warriors,DET|BOS|ATL|BKN|UTA|LAC|OKC|SAC|GSW,
77636,Otto Moore,Detroit Pistons|Phoenix Suns|Houston Rockets|Sacramento Kings|Utah Jazz,DET|PHX|HOU|SAC|UTA,
77637,Ron Moore,Detroit Pistons|Phoenix Suns,DET|PHX,
1631386,Taze Moore,Portland Trail Blazers,POR,
929,Tracy Moore,Dallas Mavericks|Detroit Pistons|Houston Rockets,DAL|DET|HOU,
1631111,Wendell Moore Jr.,Minnesota Timberwolves|Detroit Pistons|Charlotte Hornets,MIN|DET|CHA,
1631457,Alex Morales,,,
1629630,Ja Morant,Memphis Grizzlies,MEM,
203961,Eric Moreland,Sacramento Kings|Detroit Pistons|Phoenix Suns|Toronto Raptors,SAC|DET|PHX|TOR,
77639,Jackie Moreland,Detroit Pistons,DET,
77640,Guy Morgan,,,
1629752,Juwan Morgan,Utah Jazz|Toronto Raptors|Boston Celtics,UTA|TOR|BOS,
77641,Rex Morgan,Boston Celtics,BOS,
77642,Elmo Morgenthaler,Golden State Warriors,GSW,
77644,Darren Morningstar,Dallas Mavericks|Utah Jazz,DAL|UTA,
356,Chris Morris,Brooklyn Nets|Utah Jazz|Phoenix Suns,BKN|UTA|PHX,
202721,Darius Morris,Los Angeles Lakers|Philadelphia 76ers|LA Clippers|Memphis Grizzlies|Brooklyn Nets,LAL|PHI|LAC|MEM|BKN,
77647,Isaiah Morris,,,
1628537,Jaylen Morris,Atlanta Hawks|Milwaukee Bucks|San Antonio Spurs,ATL|MIL|SAS,
202693,Markieff Morris,Phoenix Suns|Washington Wizards|Oklahoma City Thunder|Detroit Pistons|Los Angeles Lakers|Miami Heat|Brooklyn Nets|Dallas Mavericks,PHX|WAS|OKC|DET|LAL|MIA|BKN|DAL,
77646,Max Morris,,,
1628420,Monte Morris,Denver Nuggets|Washington Wizards|Detroit Pistons|Minnesota Timberwolves|Phoenix Suns|Indiana Pacers,DEN|WAS|DET|MIN|PHX|IND,
201043,Randolph Morris,New York Knicks|Atlanta Hawks,NYK|ATL,
2242,Terence Morris,Houston Rockets|Orlando Magic,HOU|ORL,
202694,Marcus Morris Sr.,Houston Rockets|Phoenix Suns|Detroit Pistons|Boston Celtics|New York Knicks|LA Clippers|Philadelphia 76ers|Cleveland Cavaliers,HOU|PHX|DET|BOS|NYK|LAC|PHI|CLE,
200747,Adam Morrison,Charlotte Hornets|Los Angeles Lakers,CHA|LAL,
77648,Dwight Morrison,Boston Celtics|Atlanta Hawks,BOS|ATL,
77649,Mike Morrison,,,
201627,Anthony Morrow,Golden State Warriors|Brooklyn Nets|Atlanta Hawks|Dallas Mavericks|New Orleans Pelicans|Oklahoma City Thunder|Chicago Bulls,GSW|BKN|ATL|DAL|NOP|OKC|CHI,
132,Dwayne Morton,,,
1972,John Morton,Cleveland Cavaliers|Miami Heat,CLE|MIA,
77652,Richard Morton,,,
77653,Glenn Mosley,Philadelphia 76ers|San Antonio Spurs,PHI|SAS,
77654,Perry Moss,Philadelphia 76ers|Washington Wizards|Golden State Warriors,PHI|WAS|GSW,
734,Lawrence Moten,Memphis Grizzlies|Washington Wizards,MEM|WAS,
202700,Donatas Motiejunas,Houston Rockets|New Orleans Pelicans|San Antonio Spurs,HOU|NOP|SAS,
1628405,Johnathan Motley,Dallas Mavericks|LA Clippers,DAL|LAC,
2069,Hanno Mottola,Atlanta Hawks,ATL,
203102,Arnett Moultrie,Philadelphia 76ers,PHI,
297,Alonzo Mourning,Charlotte Hornets|Miami Heat|Brooklyn Nets,CHA|MIA|BKN,
202389,Timofey Mozgov,New York Knicks|Denver Nuggets|Cleveland Cavaliers|Los Angeles Lakers|Brooklyn Nets,NYK|DEN|CLE|LAL|BKN,
77657,Chuck Mrazovich,,,
1626144,Emmanuel Mudiay,Denver Nuggets|New York Knicks|Utah Jazz|Sacramento Kings,DEN|NYK|UTA|SAC,
77658,Erwin Mueller,Chicago Bulls|Los Angeles Lakers|Oklahoma City Thunder|Detroit Pistons,CHI|LAL|OKC|DET,
203498,Shabazz Muhammad,Minnesota Timberwolves|Milwaukee Bucks,MIN|MIL,
1628539,Mychal Mulder,Golden State Warriors|Orlando Magic|Miami Heat,GSW|ORL|MIA,
77659,Joe Mullaney,,,
77660,Bob Mullens,New York Knicks,NYK,
201957,Byron Mullens,Oklahoma City Thunder|Charlotte Hornets|LA Clippers|Philadelphia 76ers,OKC|CHA|LAC|PHI,
904,Chris Mullin,Golden State Warriors|Indiana Pacers,GSW|IND,
77662,Jeff Mullins,Atlanta Hawks|Golden State Warriors,ATL|GSW,
942,Todd Mundt,Atlanta Hawks|Boston Celtics,ATL|BOS,
204098,Xavier Munford,Memphis Grizzlies|Milwaukee Bucks,MEM|MIL,
77664,Chris Munk,,,
77665,George Munroe,Boston Celtics,BOS,
785,Eric Murdock,Utah Jazz|Milwaukee Bucks|Memphis Grizzlies|Denver Nuggets|Miami Heat|Brooklyn Nets|LA Clippers,UTA|MIL|MEM|DEN|MIA|BKN|LAC,
49,Gheorghe Muresan,Washington Wizards|Brooklyn Nets,WAS|BKN,
1630278,Ade Murkey,,,
77668,Allen Murphy,,,
77669,Calvin Murphy,Houston Rockets,HOU,
77672,Dick Murphy,New York Knicks|Boston Celtics,NYK|BOS,
203513,Erik Murphy,,,
77670,Jay Murphy,LA Clippers|Washington Wizards,LAC|WAS,
77671,John Murphy,Golden State Warriors|New York Knicks,GSW|NYK,
203122,Kevin Murphy,,,
77673,Ronnie Murphy,,,
77674,Tod Murphy,LA Clippers|Minnesota Timberwolves|Detroit Pistons|Golden State Warriors,LAC|MIN|DET|GSW,
2211,Troy Murphy,Golden State Warriors|Indiana Pacers|Brooklyn Nets|Boston Celtics|Los Angeles Lakers|Dallas Mavericks,GSW|IND|BKN|BOS|LAL|DAL,
1630530,Trey Murphy III,New Orleans Pelicans,NOP,
1627749,Dejounte Murray,San Antonio Spurs|Atlanta Hawks|New Orleans Pelicans,SAS|ATL|NOP,
2436,Flip Murray,Milwaukee Bucks|Oklahoma City Thunder|Cleveland Cavaliers|Detroit Pistons|Indiana Pacers|Atlanta Hawks|Charlotte Hornets|Chicago Bulls,MIL|OKC|CLE|DET|IND|ATL|CHA|CHI,
1627750,Jamal Murray,Denver Nuggets,DEN,
1631099,Keegan Murray,Sacramento Kings,SAC,
77675,Ken Murray,Detroit Pistons|Golden State Warriors,DET|GSW,
1631200,Kris Murray,Portland Trail Blazers,POR,
441,Lamond Murray,LA Clippers|Cleveland Cavaliers|Toronto Raptors|Brooklyn Nets,LAC|CLE|TOR|BKN,
145,Tracy Murray,Portland Trail Blazers|Houston Rockets|Toronto Raptors|Washington Wizards|Denver Nuggets|Los Angeles Lakers,POR|HOU|TOR|WAS|DEN|LAL,
1642867,Collin Murray-Boyles,,,
77676,Dorie Murrey,Detroit Pistons|Oklahoma City Thunder|Washington Wizards|Portland Trail Blazers,DET|OKC|WAS|POR,
203315,Toure' Murry,New York Knicks|Utah Jazz|Washington Wizards,NYK|UTA|WAS,
1629058,Dzanan Musa,Brooklyn Nets,BKN,
203488,Mike Muscala,Atlanta Hawks|Philadelphia 76ers|Los Angeles Lakers|Oklahoma City Thunder|Boston Celtics|Washington Wizards|Detroit Pistons,ATL|PHI|LAL|OKC|BOS|WAS|DET,
77677,Angelo Musi,Golden State Warriors,GSW,
1054,Jerrod Mustaf,New York Knicks|Phoenix Suns,NYK|PHX,
87,Dikembe Mutombo,Denver Nuggets|Atlanta Hawks|Philadelphia 76ers|Brooklyn Nets|New York Knicks|Houston Rockets,DEN|ATL|PHI|BKN|NYK|HOU,
982,Martin Muursepp,Miami Heat|Dallas Mavericks,MIA|DAL,
939,Pete Myers,Chicago Bulls|San Antonio Spurs|Philadelphia 76ers|New York Knicks|Brooklyn Nets|Miami Heat|Charlotte Hornets,CHI|SAS|PHI|NYK|BKN|MIA|CHA,
1629004,Svi Mykhailiuk,Los Angeles Lakers|Detroit Pistons|Oklahoma City Thunder|Toronto Raptors|New York Knicks|Charlotte Hornets|Boston Celtics|Utah Jazz,LAL|DET|OKC|TOR|NYK|CHA|BOS|UTA,
1823,Makhtar N'diaye,,,
2055,Mamadou N'diaye,Toronto Raptors|Dallas Mavericks|Atlanta Hawks|LA Clippers,TOR|DAL|ATL|LAC,
77681,Bob Naber,,,
77682,Boris Nachamkin,,,
2411,Bostjan Nachbar,Houston Rockets|New Orleans Pelicans|Brooklyn Nets,HOU|NOP|BKN,
1627846,Abdel Nader,Boston Celtics|Oklahoma City Thunder|Phoenix Suns,BOS|OKC|PHX,
77683,Jerry Nagel,,,
77684,Fred Nagy,,,
1924,Lee Nailon,Charlotte Hornets|New York Knicks|Atlanta Hawks|Orlando Magic|Cleveland Cavaliers|New Orleans Pelicans|Philadelphia 76ers,CHA|NYK|ATL|ORL|CLE|NOP|PHI,
2059,Eduardo Najera,Dallas Mavericks|Golden State Warriors|Denver Nuggets|Brooklyn Nets|Charlotte Hornets,DAL|GSW|DEN|BKN|CHA,
77685,Larry Nance,Phoenix Suns|Cleveland Cavaliers,PHX|CLE,
1631250,Pete Nance,Cleveland Cavaliers|Philadelphia 76ers|Milwaukee Bucks,CLE|PHI|MIL,
1626204,Larry Nance Jr.,Los Angeles Lakers|Cleveland Cavaliers|Portland Trail Blazers|New Orleans Pelicans|Atlanta Hawks,LAL|CLE|POR|NOP|ATL,
203894,Shabazz Napier,Miami Heat|Orlando Magic|Portland Trail Blazers|Brooklyn Nets|Minnesota Timberwolves|Washington Wizards,MIA|ORL|POR|BKN|MIN|WAS,
77686,Paul Napolitano,,,
77688,Bob Nash,Detroit Pistons|Sacramento Kings,DET|SAC,
77687,Charles Nash,Los Angeles Lakers|Golden State Warriors,LAL|GSW,
959,Steve Nash,Phoenix Suns|Dallas Mavericks|Los Angeles Lakers,PHX|DAL|LAL,
77689,Swen Nater,Milwaukee Bucks|LA Clippers|Los Angeles Lakers,MIL|LAC|LAL,
77690,Howard Nathan,,,
77691,Calvin Natt,Portland Trail Blazers|Brooklyn Nets|Denver Nuggets|San Antonio Spurs|Indiana Pacers,POR|BKN|DEN|SAS|IND,
77692,Kenny Natt,Indiana Pacers|Utah Jazz|Sacramento Kings,IND|UTA|SAC,
77693,Willie Naulls,New York Knicks|Golden State Warriors|Boston Celtics,NYK|GSW|BOS,
2434,Juan Carlos Navarro,,,
202380,Hamady Ndiaye,Washington Wizards|Sacramento Kings,WAS|SAC,
101238,Boniface Ndong,,,
1626254,Maurice Ndour,,,
77694,Craig Neal,Portland Trail Blazers|Miami Heat|Denver Nuggets,POR|MIA|DEN,
202390,Gary Neal,San Antonio Spurs|Milwaukee Bucks|Charlotte Hornets|Minnesota Timberwolves|Washington Wizards|Atlanta Hawks,SAS|MIL|CHA|MIN|WAS|ATL,
77695,Jim Neal,Philadelphia 76ers,PHI,
77696,Lloyd Neal,Portland Trail Blazers,POR,
77697,Ed Nealy,Sacramento Kings|San Antonio Spurs|Chicago Bulls|Phoenix Suns|Golden State Warriors,SAC|SAS|CHI|PHX|GSW,
203517,Nemanja Nedovic,,,
77698,Al Negratti,,,
77699,Barry Nelson,,,
201634,DeMarcus Nelson,,,
77700,Don Nelson,Washington Wizards|Los Angeles Lakers|Boston Celtics,WAS|LAL|BOS,
1641761,Grant Nelson,,,
2749,Jameer Nelson,Orlando Magic|Dallas Mavericks|Boston Celtics|Denver Nuggets|New Orleans Pelicans|Detroit Pistons,ORL|DAL|BOS|DEN|NOP|DET,
77701,Louie Nelson,Washington Wizards|Utah Jazz|San Antonio Spurs|Sacramento Kings|Brooklyn Nets,WAS|UTA|SAS|SAC|BKN,
1629614,Andrew Nembhard,Indiana Pacers,IND,
1129,Ruben Nembhard,Utah Jazz|Portland Trail Blazers,UTA|POR,
1642948,Ryan Nembhard,,,
1630612,Ruben Nembhard Jr.,,,
1838,Tyrone Nesby,LA Clippers|Washington Wizards,LAC|WAS,
1630174,Aaron Nesmith,Boston Celtics|Indiana Pacers,BOS|IND,
77704,Martin Nessley,LA Clippers|Sacramento Kings,LAC|SAC,
1725,Rasho Nesterovic,Minnesota Timberwolves|San Antonio Spurs|Toronto Raptors|Indiana Pacers,MIN|SAS|TOR|IND,
203526,Raul Neto,Utah Jazz|Philadelphia 76ers|Washington Wizards|Cleveland Cavaliers,UTA|PHI|WAS|CLE,
77705,Johnny Neumann,Los Angeles Lakers|LA Clippers|Indiana Pacers,LAL|LAC|IND,
77706,Paul Neumann,Philadelphia 76ers|Golden State Warriors,PHI|GSW,
77707,Chuck Nevitt,Houston Rockets|Los Angeles Lakers|Detroit Pistons|Chicago Bulls|San Antonio Spurs,HOU|LAL|DET|CHI|SAS,
1116,Melvin Newbern,,,
1096,Ivano Newbill,Detroit Pistons|Atlanta Hawks|Memphis Grizzlies,DET|ATL|MEM,
1956,Ira Newble,San Antonio Spurs|Atlanta Hawks|Cleveland Cavaliers|Oklahoma City Thunder|Los Angeles Lakers,SAS|ATL|CLE|OKC|LAL,
1642854,Asa Newell,,,
77710,Mike Newlin,Houston Rockets|Brooklyn Nets|New York Knicks,HOU|BKN|NYK,
271,Johnny Newman,Cleveland Cavaliers|New York Knicks|Charlotte Hornets|Brooklyn Nets|Milwaukee Bucks|Denver Nuggets|Dallas Mavericks,CLE|NYK|CHA|BKN|MIL|DEN|DAL,
1629005,Malik Newman,Cleveland Cavaliers,CLE,
77712,Dave Newmark,Chicago Bulls|Atlanta Hawks,CHI|ATL,
1641803,Tristen Newton,Indiana Pacers|Minnesota Timberwolves|Houston Rockets,IND|MIN|HOU,
1627777,Georges Niang,Indiana Pacers|Utah Jazz|Philadelphia 76ers|Cleveland Cavaliers|Atlanta Hawks,IND|UTA|PHI|CLE|ATL,
201193,Demetris Nichols,Cleveland Cavaliers|Chicago Bulls|New York Knicks,CLE|CHI|NYK,
77713,Jack Nichols,Atlanta Hawks|Washington Wizards|Boston Celtics,ATL|WAS|BOS,
203094,Andrew Nicholson,Orlando Magic|Washington Wizards|Brooklyn Nets,ORL|WAS|BKN,
1093,Gaylon Nickerson,San Antonio Spurs|Washington Wizards,SAS|WAS,
77715,Carl Nicks,Denver Nuggets|Utah Jazz|Cleveland Cavaliers,DEN|UTA|CLE,
1642949,Yanic Konan Niederh?user,,,
77716,Rich Niemann,Detroit Pistons|Milwaukee Bucks|Boston Celtics,DET|MIL|BOS,
77717,John Niemiera,Detroit Pistons,DET,
77718,Mike Niles,,,
77719,Kurt Nimphius,Dallas Mavericks|LA Clippers|Detroit Pistons|San Antonio Spurs|Philadelphia 76ers,DAL|LAC|DET|SAS|PHI,
1630227,Daishen Nix,Houston Rockets|Minnesota Timberwolves,HOU|MIN,
77720,Dyron Nix,,,
77721,Norm Nixon,Los Angeles Lakers|LA Clippers,LAL|LAC,
1630192,Zeke Nnaji,Denver Nuggets,DEN,
201149,Joakim Noah,Chicago Bulls|New York Knicks|Memphis Grizzlies|LA Clippers,CHI|NYK|MEM|LAC,
77722,Chuck Noble,Detroit Pistons,DET,
2804,Andres Nocioni,Chicago Bulls|Sacramento Kings|Philadelphia 76ers,CHI|SAC|PHI,
200786,David Noel,,,
203457,Nerlens Noel,Philadelphia 76ers|Dallas Mavericks|Oklahoma City Thunder|New York Knicks|Detroit Pistons|Brooklyn Nets,PHI|DAL|OKC|NYK|DET|BKN,
77723,Paul Noel,New York Knicks|Sacramento Kings,NYK|SAC,
203512,Lucas Nogueira,Toronto Raptors,TOR,
77724,Jim Nolan,,,
77725,Paul Nolen,,,
999,Jeff Nordgaard,,,
77727,Robert Nordmann,Sacramento Kings|Atlanta Hawks|Boston Celtics,SAC|ATL|BOS,
77728,Johnny Norlander,,,
77729,Connie Norman,Philadelphia 76ers|LA Clippers,PHI|LAC,
80,Ken Norman,LA Clippers|Milwaukee Bucks|Atlanta Hawks,LAC|MIL|ATL,
77731,Audie Norris,Portland Trail Blazers,POR,
1641936,Miles Norris,,,
983,Moochie Norris,Memphis Grizzlies|Oklahoma City Thunder|Houston Rockets|New York Knicks|New Orleans Pelicans,MEM|OKC|HOU|NYK|NOP,
77732,Sylvester Norris,,,
1629668,Zach Norvell Jr.,Los Angeles Lakers|Golden State Warriors,LAL|GSW,
77733,Willie Norwood,Detroit Pistons|Oklahoma City Thunder|Portland Trail Blazers,DET|OKC|POR,
77734,George Nostrand,Boston Celtics|Atlanta Hawks,BOS|ATL,
77735,Stan Noszka,Boston Celtics,BOS,
77736,Mike Novak,Sacramento Kings|Golden State Warriors|Philadelphia 76ers,SAC|GSW|PHI,
200779,Steve Novak,Houston Rockets|LA Clippers|Dallas Mavericks|San Antonio Spurs|New York Knicks|Toronto Raptors|Utah Jazz|Oklahoma City Thunder|Milwaukee Bucks,HOU|LAC|DAL|SAS|NYK|TOR|UTA|OKC|MIL,
1629669,Jaylen Nowell,Minnesota Timberwolves|Memphis Grizzlies|Detroit Pistons|New Orleans Pelicans,MIN|MEM|DET|NOP,
1641806,Markquis Nowell,,,
77737,Mel Nowell,,,
1717,Dirk Nowitzki,Dallas Mavericks,DAL,
1628373,Frank Ntilikina,New York Knicks|Dallas Mavericks|Charlotte Hornets,NYK|DAL|CHA,
1629134,Kendrick Nunn,Miami Heat|Los Angeles Lakers|Washington Wizards,MIA|LAL|WAS,
203263,James Nunnally,Atlanta Hawks|Philadelphia 76ers|Minnesota Timberwolves|Houston Rockets|New Orleans Pelicans,ATL|PHI|MIN|HOU|NOP,
203994,Jusuf Nurki?,Denver Nuggets|Portland Trail Blazers|Phoenix Suns|Charlotte Hornets|Utah Jazz,DEN|POR|PHX|CHA|UTA,
77738,Dennis Nutt,,,
1628021,David Nwaba,Los Angeles Lakers|Chicago Bulls|Cleveland Cavaliers|Brooklyn Nets|Houston Rockets,LAL|CHI|CLE|BKN|HOU,
1629670,Jordan Nwora,Milwaukee Bucks|Indiana Pacers|Toronto Raptors,MIL|IND|TOR,
1022,Julius Nwosu,,,
1525,Charles O'Bannon,Detroit Pistons,DET,
709,Ed O'Bannon,Brooklyn Nets|Dallas Mavericks,BKN|DAL,
77742,John O'Boyle,,,
77744,Bob O'Brien,Golden State Warriors,GSW,
77743,Buckshot O'Brien,,,
1626266,JJ O'Brien,,,
200753,Patrick O'Bryant,Golden State Warriors|Boston Celtics|Toronto Raptors,GSW|BOS|TOR,
203948,Johnny O'Bryant III,Milwaukee Bucks|Denver Nuggets|Charlotte Hornets,MIL|DEN|CHA,
77745,Dermie O'Connell,Boston Celtics,BOS,
77746,Andy O'Donnell,,,
77750,Francis O'Grady,,,
77752,Dick O'Keefe,,,
77753,Tommy O'Keefe,,,
77754,Mike O'Koren,Brooklyn Nets|Washington Wizards,BKN|WAS,
77766,Grady O'Malley,,,
979,Jermaine O'Neal,Portland Trail Blazers|Indiana Pacers|Toronto Raptors|Miami Heat|Boston Celtics|Phoenix Suns|Golden State Warriors,POR|IND|TOR|MIA|BOS|PHX|GSW,
406,Shaquille O'Neal,Orlando Magic|Los Angeles Lakers|Miami Heat|Phoenix Suns|Cleveland Cavaliers|Boston Celtics,ORL|LAL|MIA|PHX|CLE|BOS,
1626220,Royce O'Neale,Utah Jazz|Brooklyn Nets|Phoenix Suns,UTA|BKN|PHX,
77767,Mike O'Neill,,,
203124,Kyle O'Quinn,Orlando Magic|New York Knicks|Indiana Pacers|Philadelphia 76ers,ORL|NYK|IND|PHI,
77773,Kevin O'Shea,Los Angeles Lakers,LAL,
77774,Garland O'Shields,,,
77776,Dan O'Sullivan,Utah Jazz|Brooklyn Nets|Milwaukee Bucks|Detroit Pistons|Toronto Raptors,UTA|BKN|MIL|DET|TOR,
891,Charles Oakley,Chicago Bulls|New York Knicks|Toronto Raptors|Washington Wizards|Houston Rockets,CHI|NYK|TOR|WAS|HOU,
101177,Fabricio Oberto,San Antonio Spurs|Washington Wizards|Portland Trail Blazers,SAS|WAS|POR,
1627849,Daniel Ochefu,,,
201141,Greg Oden,Portland Trail Blazers|Miami Heat,POR|MIA,
1885,Lamar Odom,LA Clippers|Miami Heat|Los Angeles Lakers|Dallas Mavericks,LAC|MIA|LAL|DAL,
1642490,Josh Oduro,,,
77747,Carlos Ogden,Philadelphia 76ers,PHI,
77748,Ralph Ogden,,,
1628,Alan Ogg,Miami Heat|Milwaukee Bucks|Washington Wizards,MIA|MIL|WAS,
77751,Don Ohl,Detroit Pistons|Washington Wizards|Atlanta Hawks,DET|WAS|ATL,
203317,Tim Ohlbrecht,,,
1628400,Semi Ojeleye,Boston Celtics|Milwaukee Bucks|LA Clippers,BOS|MIL|LAC,
2731,Emeka Okafor,Charlotte Hornets|New Orleans Pelicans|Washington Wizards,CHA|NOP|WAS,
1626143,Jahlil Okafor,Philadelphia 76ers|Brooklyn Nets|New Orleans Pelicans|Detroit Pistons|Indiana Pacers,PHI|BKN|NOP|DET|IND,
1643253,Toby Okani,,,
1629643,Chuma Okeke,Orlando Magic|Philadelphia 76ers|Cleveland Cavaliers,ORL|PHI|CLE,
1629059,Elie Okobo,Phoenix Suns,PHX,
1629006,Josh Okogie,Minnesota Timberwolves|Phoenix Suns|Charlotte Hornets|Houston Rockets,MIN|PHX|CHA|HOU,
1630168,Onyeka Okongwu,Atlanta Hawks,ATL,
1630171,Isaac Okoro,Cleveland Cavaliers|Chicago Bulls,CLE|CHI,
1629644,KZ Okpala,Miami Heat|Sacramento Kings,MIA|SAC,
2246,Mehmet Okur,Detroit Pistons|Utah Jazz|Brooklyn Nets,DET|UTA|BKN,
203506,Victor Oladipo,Orlando Magic|Oklahoma City Thunder|Indiana Pacers|Houston Rockets|Miami Heat,ORL|OKC|IND|HOU|MIA,
165,Hakeem Olajuwon,Houston Rockets|Toronto Raptors,HOU|TOR,
77756,Mark Olberding,San Antonio Spurs|Chicago Bulls|Sacramento Kings,SAS|CHI|SAC,
1642950,Lachlan Olbrich,,,
77757,Jawann Oldham,Denver Nuggets|Houston Rockets|Chicago Bulls|New York Knicks|Sacramento Kings|Orlando Magic|Los Angeles Lakers|Indiana Pacers,DEN|HOU|CHI|NYK|SAC|ORL|LAL|IND,
77758,Johnny Oldham,Detroit Pistons,DET,
77759,Frank Oleynick,Oklahoma City Thunder,OKC,
1642439,Quincy Olivari,,,
77760,John Olive,LA Clippers,LAC,
1680,Brian Oliver,Philadelphia 76ers|Washington Wizards|Atlanta Hawks,PHI|WAS|ATL,
1628419,Cameron Oliver,Houston Rockets|Atlanta Hawks,HOU|ATL,
2352,Dean Oliver,Golden State Warriors,GSW,
1429,Jimmy Oliver,Cleveland Cavaliers|Boston Celtics|Toronto Raptors|Washington Wizards|Phoenix Suns,CLE|BOS|TOR|WAS|PHX,
1563,Kevin Ollie,Dallas Mavericks|Orlando Magic|Sacramento Kings|Philadelphia 76ers|Brooklyn Nets|Chicago Bulls|Indiana Pacers|Milwaukee Bucks|Oklahoma City Thunder|Cleveland Cavaliers|Minnesota Timberwolves,DAL|ORL|SAC|PHI|BKN|CHI|IND|MIL|OKC|CLE|MIN,
77764,Gene Ollrich,,,
1709,Michael Olowokandi,LA Clippers|Minnesota Timberwolves|Boston Celtics,LAC|MIN|BOS,
77765,Enoch Olsen,Sacramento Kings|Golden State Warriors|Oklahoma City Thunder|Detroit Pistons,SAC|GSW|OKC|DET,
203482,Kelly Olynyk,Boston Celtics|Miami Heat|Houston Rockets|Detroit Pistons|Utah Jazz|Toronto Raptors|New Orleans Pelicans|San Antonio Spurs,BOS|MIA|HOU|DET|UTA|TOR|NOP|SAS,
1641807,Norchad Omier,,,
1630647,Eugene Omoruyi,Dallas Mavericks|Oklahoma City Thunder|Detroit Pistons|Washington Wizards,DAL|OKC|DET|WAS,
1629671,Miye Oni,Utah Jazz,UTA,
202620,Arinze Onuaku,New Orleans Pelicans|Cleveland Cavaliers|Minnesota Timberwolves|Orlando Magic,NOP|CLE|MIN|ORL,
1627778,Chinanu Onuaku,Houston Rockets,HOU,
77768,Barry Orms,,,
77769,Johnny Orr,,,
77770,Louis Orr,Indiana Pacers|New York Knicks,IND|NYK,
77771,Jose Ortiz,Utah Jazz,UTA,
202350,Daniel Orton,Orlando Magic|Oklahoma City Thunder|Philadelphia 76ers,ORL|OKC|PHI,
77772,Chuck Osborne,,,
1626224,Cedi Osman,Cleveland Cavaliers|San Antonio Spurs,CLE|SAS,
77775,Wally Osterkorn,Philadelphia 76ers,PHI,
731,Greg Ostertag,Utah Jazz|Sacramento Kings,UTA|SAC,
77777,Matt Othick,,,
77778,Don Otten,Washington Wizards|Atlanta Hawks|Detroit Pistons,WAS|ATL|DET,
77779,Mac Otten,Atlanta Hawks,ATL,
1630187,Daniel Oturu,LA Clippers|Toronto Raptors,LAC|TOR,
1626162,Kelly Oubre Jr.,Washington Wizards|Phoenix Suns|Golden State Warriors|Charlotte Hornets|Philadelphia 76ers,WAS|PHX|GSW|CHA|PHI,
448,Bo Outlaw,LA Clippers|Orlando Magic|Phoenix Suns|Memphis Grizzlies,LAC|ORL|PHX|MEM,
2566,Travis Outlaw,Portland Trail Blazers|LA Clippers|Brooklyn Nets|Sacramento Kings,POR|LAC|BKN|SAC,
77780,Claude Overton,,,
77,Doug Overton,Washington Wizards|Denver Nuggets|Philadelphia 76ers|Orlando Magic|Brooklyn Nets|Boston Celtics|Charlotte Hornets|LA Clippers,WAS|DEN|PHI|ORL|BKN|BOS|CHA|LAC,
101261,Andre Owens,Utah Jazz|Indiana Pacers,UTA|IND,
182,Billy Owens,Golden State Warriors|Miami Heat|Sacramento Kings|Oklahoma City Thunder|Philadelphia 76ers|Detroit Pistons,GSW|MIA|SAC|OKC|PHI|DET,
2442,Chris Owens,,,
77782,Eddie Owens,,,
77783,James Owens,Atlanta Hawks,ATL,
77784,Jim Owens,Phoenix Suns,PHX,
77785,Keith Owens,,,
202082,Larry Owens,San Antonio Spurs|Washington Wizards|Brooklyn Nets,SAS|WAS|BKN,
1629745,Tariq Owens,,,
77786,Tom Owens,Houston Rockets|Portland Trail Blazers|Indiana Pacers|Detroit Pistons,HOU|POR|IND|DET,
1077,Ray Owes,,,
2071,Olumide Oyedeji,Oklahoma City Thunder|Orlando Magic,OKC|ORL,
77788,Joe Pace,Washington Wizards,WAS,
2585,Zaza Pachulia,Orlando Magic|Milwaukee Bucks|Atlanta Hawks|Dallas Mavericks|Golden State Warriors|Detroit Pistons,ORL|MIL|ATL|DAL|GSW|DET,
123,Robert Pack,Portland Trail Blazers|Denver Nuggets|Washington Wizards|Brooklyn Nets|Dallas Mavericks|Minnesota Timberwolves|New Orleans Pelicans,POR|DEN|WAS|BKN|DAL|MIN|NOP,
77789,Gerald Paddio,Cleveland Cavaliers|Oklahoma City Thunder|Indiana Pacers|New York Knicks|Washington Wizards,CLE|OKC|IND|NYK|WAS,
1909,Scott Padgett,Utah Jazz|Houston Rockets|Brooklyn Nets|Memphis Grizzlies,UTA|HOU|BKN|MEM,
1629873,Jaysean Paige,,,
1627779,Marcus Paige,,,
77790,Fred Paine,,,
1960,Milt Palacio,Memphis Grizzlies|Boston Celtics|Phoenix Suns|Cleveland Cavaliers|Toronto Raptors|Utah Jazz,MEM|BOS|PHX|CLE|TOR|UTA,
77791,Togo Palazzi,Boston Celtics|Philadelphia 76ers,BOS|PHI,
77792,Jim Palmer,Sacramento Kings|New York Knicks,SAC|NYK,
77793,John Palmer,New York Knicks,NYK,
1629309,Trayvon Palmer,,,
77794,Walter Palmer,Utah Jazz|Dallas Mavericks,UTA|DAL,
1630698,Kevin Pangos,,,
1950,Andy Panko,,,
1627834,Georgios Papagiannis,Sacramento Kings|Portland Trail Blazers,SAC|POR,
203123,Kostas Papanikolaou,Houston Rockets|Denver Nuggets,HOU|DEN,
2457,Jannero Pargo,Los Angeles Lakers|Toronto Raptors|Chicago Bulls|New Orleans Pelicans|Atlanta Hawks|Washington Wizards|Charlotte Hornets,LAL|TOR|CHI|NOP|ATL|WAS|CHA,
202951,Jeremy Pargo,Memphis Grizzlies|Cleveland Cavaliers|Philadelphia 76ers|Golden State Warriors,MEM|CLE|PHI|GSW,
77797,Estes Parham,Golden State Warriors,GSW,
305,Robert Parish,Golden State Warriors|Boston Celtics|Charlotte Hornets|Chicago Bulls,GSW|BOS|CHA|CHI,
77799,Medford Park,Atlanta Hawks|Sacramento Kings,ATL|SAC,
1515,Anthony Parker,Philadelphia 76ers|Orlando Magic|Toronto Raptors|Cleveland Cavaliers,PHI|ORL|TOR|CLE,
203953,Jabari Parker,Milwaukee Bucks|Chicago Bulls|Washington Wizards|Atlanta Hawks|Sacramento Kings|Boston Celtics,MIL|CHI|WAS|ATL|SAC|BOS,
2470,Smush Parker,Cleveland Cavaliers|Detroit Pistons|Phoenix Suns|Los Angeles Lakers|Miami Heat|LA Clippers,CLE|DET|PHX|LAL|MIA|LAC,
77800,Sonny Parker,Golden State Warriors,GSW,
2225,Tony Parker,San Antonio Spurs|Charlotte Hornets,SAS|CHA,
77801,Jack Parkinson,,,
685,Cherokee Parks,Dallas Mavericks|Minnesota Timberwolves|Memphis Grizzlies|Washington Wizards|LA Clippers|San Antonio Spurs|Golden State Warriors,DAL|MIN|MEM|WAS|LAC|SAS|GSW,
77802,Jack Parr,,,
77803,Doyle Parrack,,,
77804,Charlie Parsley,,,
202718,Chandler Parsons,Houston Rockets|Dallas Mavericks|Memphis Grizzlies|Atlanta Hawks,HOU|DAL|MEM|ATL,
1629672,Eric Paschall,Golden State Warriors|Utah Jazz,GSW|UTA,
1628394,An?ejs Pase??iks,Washington Wizards,WAS,
1097,Zarko Paspalj,,,
77806,Marty Passaglia,,,
77807,George A. Pastushok,,,
77808,Myles Patrick,,,
77809,Stan Patrick,,,
1754,Andrae Patterson,Minnesota Timberwolves,MIN,
77811,George Patterson,,,
203934,Lamar Patterson,Atlanta Hawks,ATL,
202335,Patrick Patterson,Houston Rockets|Sacramento Kings|Toronto Raptors|Oklahoma City Thunder|LA Clippers,HOU|SAC|TOR|OKC|LAC,
1739,Ruben Patterson,Los Angeles Lakers|Oklahoma City Thunder|Portland Trail Blazers|Denver Nuggets|Milwaukee Bucks|LA Clippers,LAL|OKC|POR|DEN|MIL|LAC,
77812,Steve Patterson,Cleveland Cavaliers|Chicago Bulls,CLE|CHI,
77813,Tommy Patterson,Washington Wizards,WAS,
77814,Worthy Patterson,,,
1628383,Justin Patton,Minnesota Timberwolves|Philadelphia 76ers|Oklahoma City Thunder|Houston Rockets,MIN|PHI|OKC|HOU,
203464,Brandon Paul,,,
101108,Chris Paul,New Orleans Pelicans|LA Clippers|Houston Rockets|Oklahoma City Thunder|Phoenix Suns|Golden State Warriors|San Antonio Spurs,NOP|LAC|HOU|OKC|PHX|GSW|SAS,
77815,Charlie Paulk,Milwaukee Bucks|Sacramento Kings|New York Knicks|Chicago Bulls,MIL|SAC|NYK|CHI,
77816,Jerry Paulson,,,
77817,Billy Paultz,San Antonio Spurs|Houston Rockets|Atlanta Hawks|Utah Jazz,SAS|HOU|ATL|UTA,
2562,Sasha Pavlovic,Utah Jazz|Cleveland Cavaliers|Minnesota Timberwolves|Dallas Mavericks|New Orleans Pelicans|Boston Celtics|Portland Trail Blazers,UTA|CLE|MIN|DAL|NOP|BOS|POR,
77818,Jim Paxson,Los Angeles Lakers|Sacramento Kings,LAL|SAC,
77819,Jim Paxson,Portland Trail Blazers|Boston Celtics,POR|BOS,
77820,John Paxson,San Antonio Spurs|Chicago Bulls,SAS|CHI,
77821,Johnny Payak,Golden State Warriors|Atlanta Hawks,GSW|ATL,
203940,Adreian Payne,Atlanta Hawks|Minnesota Timberwolves|Orlando Magic,ATL|MIN|ORL,
1626166,Cameron Payne,Oklahoma City Thunder|Chicago Bulls|Cleveland Cavaliers|Phoenix Suns|Milwaukee Bucks|Philadelphia 76ers|New York Knicks,OKC|CHI|CLE|PHX|MIL|PHI|NYK,
77822,Kenny Payne,Philadelphia 76ers,PHI,
77823,Tom Payne,,,
203901,Elfrid Payton,Orlando Magic|Phoenix Suns|New Orleans Pelicans|New York Knicks|Charlotte Hornets,ORL|PHX|NOP|NYK|CHA,
56,Gary Payton,Oklahoma City Thunder|Milwaukee Bucks|Los Angeles Lakers|Boston Celtics|Miami Heat,OKC|MIL|LAL|BOS|MIA,
77824,Mel Payton,Golden State Warriors,GSW,
1627780,Gary Payton II,Milwaukee Bucks|Los Angeles Lakers|Washington Wizards|Golden State Warriors|Portland Trail Blazers,MIL|LAL|WAS|GSW|POR,
77825,George Pearcy,,,
77826,Henry Pearcy,,,
1642877,Micah Peavy,,,
200762,Oleksiy Pecherov,Washington Wizards|Minnesota Timberwolves,WAS|MIN,
77827,Wiley Peck,,,
1642951,Sean Pedulla,,,
324,Anthony Peeler,Los Angeles Lakers|Memphis Grizzlies|Minnesota Timberwolves|Sacramento Kings|Washington Wizards,LAL|MEM|MIN|SAC|WAS,
201593,Nikola Pekovic,Minnesota Timberwolves,MIN,
77828,Jake Pelkington,Detroit Pistons,DET,
203658,Norvel Pelle,Philadelphia 76ers|Brooklyn Nets|Sacramento Kings|New York Knicks|Utah Jazz,PHI|BKN|SAC|NYK|UTA,
77829,Sam Pellom,Atlanta Hawks|Milwaukee Bucks,ATL|MIL,
2130,Mike Penberthy,Los Angeles Lakers,LAL,
1642869,Noah Penda,,,
2667,Desmond Penigar,,,
2632,Kirk Penney,Miami Heat|LA Clippers,MIA|LAC,
46,Mike Peplowski,Sacramento Kings|Detroit Pistons|Washington Wizards|Milwaukee Bucks,SAC|DET|WAS|MIL,
781,Will Perdue,Chicago Bulls|San Antonio Spurs|Portland Trail Blazers,CHI|SAS|POR,
1641970,Maozinha Pereira,,,
2570,Kendrick Perkins,Boston Celtics|Oklahoma City Thunder|Cleveland Cavaliers|New Orleans Pelicans,BOS|OKC|CLE|NOP,
64,Sam Perkins,Dallas Mavericks|Los Angeles Lakers|Oklahoma City Thunder|Indiana Pacers,DAL|LAL|OKC|IND,
77834,Warren Perkins,Atlanta Hawks,ATL,
200785,Kosta Perovic,,,
1628506,London Perrantes,,,
77835,Curtis Perry,Houston Rockets|Milwaukee Bucks|Phoenix Suns,HOU|MIL|PHX,
386,Elliot Perry,LA Clippers|Charlotte Hornets|Phoenix Suns|Milwaukee Bucks|Brooklyn Nets|Orlando Magic|Memphis Grizzlies,LAC|CHA|PHX|MIL|BKN|ORL|MEM,
1629617,Reggie Perry,Brooklyn Nets|Indiana Pacers|Portland Trail Blazers,BKN|IND|POR,
897,Tim Perry,Phoenix Suns|Philadelphia 76ers|Brooklyn Nets,PHX|PHI|BKN,
456,Chuck Person,Indiana Pacers|Minnesota Timberwolves|San Antonio Spurs|Charlotte Hornets|Oklahoma City Thunder,IND|MIN|SAS|CHA|OKC,
445,Wesley Person,Phoenix Suns|Cleveland Cavaliers|Memphis Grizzlies|Portland Trail Blazers|Atlanta Hawks|Miami Heat|Denver Nuggets,PHX|CLE|MEM|POR|ATL|MIA|DEN,
1643007,Taelon Peter,,,
1628409,Alec Peters,,,
77839,Jim Petersen,Houston Rockets|Sacramento Kings|Golden State Warriors,HOU|SAC|GSW,
77840,Loy Petersen,Chicago Bulls,CHI,
77843,Bob Peterson,Atlanta Hawks|New York Knicks,ATL|NYK,
1641809,Drew Peterson,Boston Celtics|Charlotte Hornets,BOS|CHA,
77841,Ed Peterson,Philadelphia 76ers|Atlanta Hawks,PHI|ATL,
77842,Mel Peterson,,,
2050,Morris Peterson,Toronto Raptors|New Orleans Pelicans|Oklahoma City Thunder,TOR|NOP|OKC,
77844,Geoff Petrie,Portland Trail Blazers,POR,
101130,Johan Petro,Oklahoma City Thunder|Denver Nuggets|Brooklyn Nets|Atlanta Hawks,OKC|DEN|BKN|ATL,
77845,Drazen Petrovic,Portland Trail Blazers|Brooklyn Nets,POR|BKN,
1630196,Filip Petrusev,Philadelphia 76ers|Sacramento Kings,PHI|SAC,
77846,Richard Petruska,,,
77847,Bob Pettit,Atlanta Hawks,ATL,
77848,Roger Phegley,Washington Wizards|Brooklyn Nets|Cleveland Cavaliers|San Antonio Spurs|Dallas Mavericks,WAS|BKN|CLE|SAS|DAL,
77850,Jack Phelan,,,
77849,Jim Phelan,,,
74,Derrick Phelps,,,
77852,Mike Phelps,Oklahoma City Thunder|LA Clippers,OKC|LAC,
77853,Andy Phillip,Golden State Warriors|Detroit Pistons|Boston Celtics,GSW|DET|BOS,
1629341,Tarik Phillip,,,
77854,Eddie Phillips,,,
77855,Gary Phillips,Boston Celtics|Golden State Warriors,BOS|GSW,
1641763,Julian Phillips,Chicago Bulls|Minnesota Timberwolves,CHI|MIN,
184,Bobby Phills,Cleveland Cavaliers|Charlotte Hornets,CLE|CHA,
15,Eric Piatkowski,LA Clippers|Houston Rockets|Chicago Bulls|Phoenix Suns,LAC|HOU|CHI|PHX,
1629618,Jalen Pickett,Denver Nuggets,DEN,
1630691,Jamorko Pickett,,,
1718,Paul Pierce,Boston Celtics|Brooklyn Nets|Washington Wizards|LA Clippers,BOS|BKN|WAS|LAC,
894,Ricky Pierce,Detroit Pistons|LA Clippers|Milwaukee Bucks|Oklahoma City Thunder|Golden State Warriors|Indiana Pacers|Denver Nuggets|Charlotte Hornets,DET|LAC|MIL|OKC|GSW|IND|DEN|CHA,
77858,Stan Pietkiewicz,LA Clippers|Dallas Mavericks,LAC|DAL,
2554,Mickael Pietrus,Golden State Warriors|Orlando Magic|Phoenix Suns|Boston Celtics|Toronto Raptors,GSW|ORL|PHX|BOS|TOR,
77859,John Pilch,,,
291,Ed Pinckney,Phoenix Suns|Sacramento Kings|Boston Celtics|Milwaukee Bucks|Toronto Raptors|Philadelphia 76ers|Miami Heat,PHX|SAC|BOS|MIL|TOR|PHI|MIA,
200838,Kevinn Pinkney,,,
77861,John Pinone,,,
1629033,Theo Pinson,Brooklyn Nets|New York Knicks|Dallas Mavericks,BKN|NYK|DAL,
77862,Dave Piontek,Sacramento Kings|Atlanta Hawks|Washington Wizards,SAC|ATL|WAS,
77863,Tom Piotrowski,,,
937,Scottie Pippen,Chicago Bulls|Houston Rockets|Portland Trail Blazers,CHI|HOU|POR,
1630590,Scotty Pippen Jr.,Los Angeles Lakers|Memphis Grizzlies,LAL|MEM,
77864,Charlie Pittman,Phoenix Suns,PHX,
202354,Dexter Pittman,Miami Heat|Memphis Grizzlies|Atlanta Hawks,MIA|MEM|ATL,
2565,Zoran Planinic,Brooklyn Nets,BKN,
202353,Tibor Pleiss,,,
1631342,Daeqwon Plowden,Atlanta Hawks|Sacramento Kings,ATL|SAC,
1627850,Marshall Plumlee,New York Knicks|Milwaukee Bucks,NYK|MIL,
203486,Mason Plumlee,Brooklyn Nets|Portland Trail Blazers|Denver Nuggets|Detroit Pistons|Charlotte Hornets|LA Clippers|Phoenix Suns|San Antonio Spurs,BKN|POR|DEN|DET|CHA|LAC|PHX|SAS,
203101,Miles Plumlee,Indiana Pacers|Phoenix Suns|Milwaukee Bucks|Charlotte Hornets|Atlanta Hawks,IND|PHX|MIL|CHA|ATL,
77865,Gary Plummer,Golden State Warriors|Denver Nuggets,GSW|DEN,
2750,Pavel Podkolzin,Dallas Mavericks,DAL,
1641764,Brandin Podziemski,Golden State Warriors,GSW,
1627751,Jakob Poeltl,Toronto Raptors|San Antonio Spurs,TOR|SAS,
1629738,Vincent Poirier,Boston Celtics|Philadelphia 76ers,BOS|PHI,
1630197,Aleksej Pokusevski,Oklahoma City Thunder|Charlotte Hornets,OKC|CHA,
77866,Dwayne Polee,,,
77867,Jim Pollard,Los Angeles Lakers,LAL,
1513,Scot Pollard,Detroit Pistons|Sacramento Kings|Indiana Pacers|Cleveland Cavaliers|Boston Celtics,DET|SAC|IND|CLE|BOS,
77868,Ralph Polson,,,
178,Olden Polynice,Oklahoma City Thunder|LA Clippers|Detroit Pistons|Sacramento Kings|Utah Jazz,OKC|LAC|DET|SAC|UTA,
77869,Cliff Pondexter,Chicago Bulls,CHI,
202347,Quincy Pondexter,New Orleans Pelicans|Memphis Grizzlies|Chicago Bulls|San Antonio Spurs,NOP|MEM|CHI|SAS,
1629044,Shamorie Ponds,,,
1630582,Yves Pons,,,
1629673,Jordan Poole,Golden State Warriors|Washington Wizards|New Orleans Pelicans,GSW|WAS|NOP,
77870,David Pope,Sacramento Kings|Oklahoma City Thunder,SAC|OKC,
998,Mark Pope,Indiana Pacers|Milwaukee Bucks|Denver Nuggets,IND|MIL|DEN,
77872,Dave Popson,LA Clippers|Miami Heat|Boston Celtics|Milwaukee Bucks,LAC|MIA|BOS|MIL,
77873,Ben Poquette,Detroit Pistons|Utah Jazz|Cleveland Cavaliers|Chicago Bulls,DET|UTA|CLE|CHI,
2084,Chris Porter,,,
77875,Howard Porter,,,
1629007,Jontay Porter,Memphis Grizzlies|Toronto Raptors,MEM|TOR,
77876,Kevin Porter,Washington Wizards|Detroit Pistons|Brooklyn Nets,WAS|DET|BKN,
345,Terry Porter,Portland Trail Blazers|Minnesota Timberwolves|Miami Heat|San Antonio Spurs,POR|MIN|MIA|SAS,
1641854,Craig Porter Jr.,Cleveland Cavaliers,CLE,
1629645,Kevin Porter Jr.,Cleveland Cavaliers|Houston Rockets|LA Clippers|Milwaukee Bucks,CLE|HOU|LAC|MIL,
1629008,Michael Porter Jr.,Denver Nuggets|Brooklyn Nets,DEN|BKN,
203490,Otto Porter Jr.,Washington Wizards|Chicago Bulls|Orlando Magic|Golden State Warriors|Toronto Raptors,WAS|CHI|ORL|GSW|TOR,
1626171,Bobby Portis,Chicago Bulls|Washington Wizards|New York Knicks|Milwaukee Bucks,CHI|WAS|NYK|MIL,
77878,Bob Portman,Golden State Warriors,GSW,
204001,Kristaps Porzi??is,New York Knicks|Dallas Mavericks|Washington Wizards|Boston Celtics|Atlanta Hawks|Golden State Warriors,NYK|DAL|WAS|BOS|ATL|GSW,
1899,James Posey,Denver Nuggets|Houston Rockets|Memphis Grizzlies|Miami Heat|Boston Celtics|New Orleans Pelicans|Indiana Pacers,DEN|HOU|MEM|MIA|BOS|NOP|IND,
1642366,Quinten Post,Golden State Warriors,GSW,
2068,Lavor Postell,New York Knicks,NYK,
958,Vitaly Potapenko,Cleveland Cavaliers|Boston Celtics|Oklahoma City Thunder|Sacramento Kings,CLE|BOS|OKC|SAC,
1630695,Micah Potter,Detroit Pistons|Utah Jazz|Indiana Pacers,DET|UTA|IND,
1642967,John Poulakidas,,,
200796,Leon Powe,Boston Celtics|Cleveland Cavaliers|Memphis Grizzlies,BOS|CLE|MEM,
1642962,Drake Powell,,,
203939,Dwight Powell,Boston Celtics|Dallas Mavericks,BOS|DAL,
2694,Josh Powell,Dallas Mavericks|Indiana Pacers|Golden State Warriors|LA Clippers|Los Angeles Lakers|Atlanta Hawks|Houston Rockets,DAL|IND|GSW|LAC|LAL|ATL|HOU,
2867,Kasib Powell,,,
1629619,Myles Powell,,,
1626181,Norman Powell,Toronto Raptors|Portland Trail Blazers|LA Clippers|Miami Heat,TOR|POR|LAC|MIA,
101232,Roger Powell,,,
1627816,Alex Poythress,Philadelphia 76ers|Indiana Pacers|Atlanta Hawks,PHI|IND|ATL,
77879,Paul Pressey,Milwaukee Bucks|San Antonio Spurs|Golden State Warriors,MIL|SAS|GSW,
203515,Phil Pressey,Boston Celtics|Philadelphia 76ers|Phoenix Suns,BOS|PHI|PHX,
77880,Dominic Pressley,Washington Wizards|Chicago Bulls,WAS|CHI,
77881,Harold Pressley,Sacramento Kings,SAC,
1630554,Jason Preston,LA Clippers|Utah Jazz,LAC|UTA,
201985,AJ Price,Indiana Pacers|Washington Wizards|Minnesota Timberwolves|Cleveland Cavaliers|Phoenix Suns,IND|WAS|MIN|CLE|PHX,
85,Brent Price,Washington Wizards|Houston Rockets|Memphis Grizzlies|Sacramento Kings,WAS|HOU|MEM|SAC,
77883,Jim Price,Los Angeles Lakers|Milwaukee Bucks|LA Clippers|Denver Nuggets|Detroit Pistons,LAL|MIL|LAC|DEN|DET,
899,Mark Price,Cleveland Cavaliers|Washington Wizards|Golden State Warriors|Orlando Magic,CLE|WAS|GSW|ORL,
77884,Mike Price,New York Knicks|Philadelphia 76ers,NYK|PHI,
101179,Ronnie Price,Sacramento Kings|Utah Jazz|Phoenix Suns|Portland Trail Blazers|Orlando Magic|Los Angeles Lakers,SAC|UTA|PHX|POR|ORL|LAL,
77882,Tony Price,,,
77886,Bob Priddy,,,
203143,Pablo Prigioni,New York Knicks|Houston Rockets|LA Clippers,NYK|HOU|LAC,
1630563,Joshua Primo,San Antonio Spurs|LA Clippers,SAS|LAC,
1627752,Taurean Prince,Atlanta Hawks|Brooklyn Nets|Cleveland Cavaliers|Minnesota Timberwolves|Los Angeles Lakers|Milwaukee Bucks,ATL|BKN|CLE|MIN|LAL|MIL,
2419,Tayshaun Prince,Detroit Pistons|Memphis Grizzlies|Boston Celtics|Minnesota Timberwolves,DET|MEM|BOS|MIN,
77887,John Pritchard,,,
340,Kevin Pritchard,Golden State Warriors|Boston Celtics|Philadelphia 76ers|Miami Heat|Washington Wizards,GSW|BOS|PHI|MIA|WAS,
1630202,Payton Pritchard,Boston Celtics,BOS,
1642878,Tyrese Proctor,,,
1919,Laron Profit,Washington Wizards|Los Angeles Lakers,WAS|LAL,
1641765,Olivier-Maxence Prosper,Dallas Mavericks|Memphis Grizzlies,DAL|MEM,
201172,Gabe Pruitt,Boston Celtics,BOS,
2038,Joel Przybilla,Milwaukee Bucks|Atlanta Hawks|Portland Trail Blazers|Charlotte Hornets,MIL|ATL|POR|CHA,
77888,Les Pugh,,,
77889,Roy Pugh,Golden State Warriors|Detroit Pistons,GSW|DET,
77890,Anthony Pullard,,,
1626643,Jacob Pullen,,,
1642389,Zyon Pullin,Memphis Grizzlies|Minnesota Timberwolves,MEM|MIN,
1628681,Rodney Purvis,,,
77891,Don Putman,,,
1627753,Zhou Qi,Houston Rockets,HOU,
1627817,Tim Quarterman,Portland Trail Blazers|Houston Rockets,POR|HOU,
1642852,Derik Queen,,,
1630243,Trevelin Queen,Houston Rockets|Indiana Pacers|Orlando Magic,HOU|IND|ORL,
1629674,Neemias Queta,Sacramento Kings|Boston Celtics,SAC|BOS,
77892,Bob Quick,Washington Wizards|Detroit Pistons,WAS|DET,
1630193,Immanuel Quickley,New York Knicks|Toronto Raptors,NYK|TOR,
200809,Chris Quinn,Miami Heat|Brooklyn Nets|San Antonio Spurs|Cleveland Cavaliers,MIA|BKN|SAS|CLE,
77893,Brian Quinnett,New York Knicks|Dallas Mavericks,NYK|DAL,
1631311,Lester Quinones,Golden State Warriors|Philadelphia 76ers|New Orleans Pelicans,GSW|PHI|NOP,
1628397,Ivan Rabb,Memphis Grizzlies,MEM,
77894,Luke Rackley,Sacramento Kings|Cleveland Cavaliers|New York Knicks|Philadelphia 76ers,SAC|CLE|NYK|PHI,
77895,Howie Rader,,,
77896,Mark Radford,Oklahoma City Thunder,OKC,
77897,Wayne Radford,,,
129,Dino Radja,Boston Celtics,BOS,
2209,Vladimir Radmanovic,Oklahoma City Thunder|LA Clippers|Los Angeles Lakers|Charlotte Hornets|Golden State Warriors|Atlanta Hawks|Chicago Bulls,OKC|LAC|LAL|CHA|GSW|ATL|CHI,
1893,Aleksandar Radojevic,Toronto Raptors|Utah Jazz,TOR|UTA,
77899,Frank Radovich,,,
77900,Moe Radovich,,,
203545,Miroslav Raduljica,Milwaukee Bucks|Minnesota Timberwolves,MIL|MIN,
77901,Ray Radziszewski,,,
77902,Ray Ragelis,,,
77903,Sherwin Raiken,,,
77904,Ed Rains,San Antonio Spurs,SAS,
2080,Igor Rakocevic,,,
77905,Kurt Rambis,Los Angeles Lakers|Charlotte Hornets|Phoenix Suns|Sacramento Kings,LAL|CHA|PHX|SAC,
2762,Peter John Ramos,,,
77906,Cal Ramsey,New York Knicks|Philadelphia 76ers,NYK|PHI,
77907,Frank Ramsey,Boston Celtics,BOS,
1630186,Jahmi'us Ramsey,Sacramento Kings|Toronto Raptors,SAC|TOR,
77908,Ray Ramsey,,,
1821,Mark Randall,Chicago Bulls|Minnesota Timberwolves|Detroit Pistons|Denver Nuggets,CHI|MIN|DET|DEN,
1626184,Chasson Randle,Philadelphia 76ers|New York Knicks|Washington Wizards|Golden State Warriors|Orlando Magic,PHI|NYK|WAS|GSW|ORL,
203944,Julius Randle,Los Angeles Lakers|New Orleans Pelicans|New York Knicks|Minnesota Timberwolves,LAL|NOP|NYK|MIN,
201576,Anthony Randolph,Golden State Warriors|New York Knicks|Minnesota Timberwolves|Denver Nuggets,GSW|NYK|MIN|DEN,
101183,Shavlik Randolph,Philadelphia 76ers|Portland Trail Blazers|Miami Heat|Boston Celtics|Phoenix Suns,PHI|POR|MIA|BOS|PHX,
2216,Zach Randolph,Portland Trail Blazers|New York Knicks|LA Clippers|Memphis Grizzlies|Sacramento Kings,POR|NYK|LAC|MEM|SAC,
77910,Wally Rank,,,
77911,Kelvin Ransey,Portland Trail Blazers|Dallas Mavericks|Brooklyn Nets,POR|DAL|BKN,
77912,Sam Ranzino,,,
78656,Blair Rasmussen,Denver Nuggets|Atlanta Hawks,DEN|ATL,
1628504,Xavier Rathan-Mayes,,,
77913,George Ratkovicz,Philadelphia 76ers|Atlanta Hawks,PHI|ATL,
77914,Ed Ratleff,Houston Rockets,HOU,
77915,Mike Ratliff,Sacramento Kings,SAC,
689,Theo Ratliff,Detroit Pistons|Philadelphia 76ers|Atlanta Hawks|Portland Trail Blazers|Boston Celtics|Minnesota Timberwolves|San Antonio Spurs|Charlotte Hornets|Los Angeles Lakers,DET|PHI|ATL|POR|BOS|MIN|SAS|CHA|LAL,
202360,Andy Rautins,,,
77916,Leo Rautins,Philadelphia 76ers|Atlanta Hawks,PHI|ATL,
200810,Allan Ray,,,
77917,Clifford Ray,Chicago Bulls|Golden State Warriors,CHI|GSW,
77918,Don Ray,,,
77920,Jamesearl Ray,Denver Nuggets,DEN,
77919,Jim Ray,Philadelphia 76ers,PHI,
77921,Craig Raymond,,,
1642875,Maxime Raynaud,,,
77922,Connie Rea,,,
1641871,Duop Reath,Portland Trail Blazers,POR,
1630559,Austin Reaves,Los Angeles Lakers,LAL,
77923,Joe Reaves,,,
1629729,Josh Reaves,,,
1442,Zeljko Rebraca,Detroit Pistons|Atlanta Hawks|LA Clippers,DET|ATL|LAC,
695,Eldridge Recasner,Denver Nuggets|Houston Rockets|Atlanta Hawks|Charlotte Hornets|LA Clippers,DEN|HOU|ATL|CHA|LAC,
2072,Michael Redd,Milwaukee Bucks|Phoenix Suns,MIL|PHX,
1629629,Cam Reddish,Atlanta Hawks|New York Knicks|Portland Trail Blazers|Los Angeles Lakers,ATL|NYK|POR|LAL,
77925,Frank Reddout,,,
200755,JJ Redick,Orlando Magic|Milwaukee Bucks|LA Clippers|Philadelphia 76ers|New Orleans Pelicans|Dallas Mavericks,ORL|MIL|LAC|PHI|NOP|DAL,
77926,Marlon Redmond,Philadelphia 76ers|Sacramento Kings,PHI|SAC,
1628432,Davon Reed,Phoenix Suns|Indiana Pacers|Denver Nuggets|Los Angeles Lakers,PHX|IND|DEN|LAL,
77927,Hub Reed,Atlanta Hawks|Sacramento Kings|Los Angeles Lakers|Detroit Pistons,ATL|SAC|LAL|DET,
2770,Justin Reed,Boston Celtics|Minnesota Timberwolves,BOS|MIN,
1630194,Paul Reed,Philadelphia 76ers|Detroit Pistons,PHI|DET,
77928,Ron Reed,Detroit Pistons,DET,
203186,Willie Reed,Brooklyn Nets|Miami Heat|LA Clippers|Detroit Pistons,BKN|MIA|LAC|DET,
77929,Willis Reed,New York Knicks,NYK,
1642024,Alex Reese,Oklahoma City Thunder|Philadelphia 76ers,OKC|PHI,
1642882,Julian Reese,,,
1641810,Antonio Reeves,New Orleans Pelicans|Charlotte Hornets,NOP|CHA,
735,Bryant Reeves,Memphis Grizzlies,MEM,
234,Khalid Reeves,Miami Heat|Charlotte Hornets|Brooklyn Nets|Dallas Mavericks|Detroit Pistons|Chicago Bulls,MIA|CHA|BKN|DAL|DET|CHI,
77932,Richie Regan,Sacramento Kings,SAC,
77933,Don Rehfeldt,Atlanta Hawks,ATL,
77937,Billy Reid,,,
690,Don Reid,Detroit Pistons|Washington Wizards|Orlando Magic,DET|WAS|ORL,
462,J.R. Reid,Charlotte Hornets|San Antonio Spurs|New York Knicks|Los Angeles Lakers|Milwaukee Bucks|Cleveland Cavaliers,CHA|SAS|NYK|LAL|MIL|CLE,
77935,Jim Reid,,,
1629675,Naz Reid,Minnesota Timberwolves,MIN,
77936,Robert Reid,Houston Rockets|Charlotte Hornets|Portland Trail Blazers|Philadelphia 76ers,HOU|CHA|POR|PHI,
202385,Ryan Reid,,,
2876,Jared Reiner,Chicago Bulls|Milwaukee Bucks,CHI|MIL,
77938,Joseph Reiser,,,
77939,Richard Rellford,,,
720,Terrence Rencher,Miami Heat|Phoenix Suns,MIA|PHX,
77941,John Rennicke,,,
77942,Rob Rensberger,,,
981,Efthimios Rentzias,,,
704,Shawn Respert,Milwaukee Bucks|Toronto Raptors|Dallas Mavericks|Phoenix Suns,MIL|TOR|DAL|PHX,
77944,Kevin Restani,Milwaukee Bucks|Sacramento Kings|San Antonio Spurs|Cleveland Cavaliers,MIL|SAC|SAS|CLE,
1629244,Cam Reynolds,Minnesota Timberwolves|San Antonio Spurs|Houston Rockets,MIN|SAS|HOU,
77945,George Reynolds,,,
77946,Jerry Reynolds,Milwaukee Bucks|Oklahoma City Thunder|Orlando Magic,MIL|OKC|ORL,
1631197,Jared Rhoden,Detroit Pistons|Charlotte Hornets|Toronto Raptors,DET|CHA|TOR,
77947,Gene Rhodes,,,
1518,Rodrick Rhodes,Houston Rockets|Memphis Grizzlies|Dallas Mavericks,HOU|MEM|DAL,
779,Glen Rice,Miami Heat|Charlotte Hornets|Los Angeles Lakers|New York Knicks|Houston Rockets|LA Clippers,MIA|CHA|LAL|NYK|HOU|LAC,
203318,Glen Rice,Washington Wizards,WAS,
201181,Chris Richard,Minnesota Timberwolves|Chicago Bulls,MIN|CHI,
1642954,Will Richard,,,
1630208,Nick Richards,Charlotte Hornets|Phoenix Suns|Chicago Bulls,CHA|PHX|CHI,
77950,Clint Richardson,Philadelphia 76ers|Indiana Pacers,PHI|IND,
1642859,Jase Richardson,,,
2202,Jason Richardson,Golden State Warriors|Charlotte Hornets|Phoenix Suns|Orlando Magic|Philadelphia 76ers,GSW|CHA|PHX|ORL|PHI,
200978,Jeremy Richardson,Atlanta Hawks|Portland Trail Blazers|Memphis Grizzlies|San Antonio Spurs|Orlando Magic,ATL|POR|MEM|SAS|ORL,
1626196,Josh Richardson,Miami Heat|Philadelphia 76ers|Dallas Mavericks|Boston Celtics|San Antonio Spurs|New Orleans Pelicans,MIA|PHI|DAL|BOS|SAS|NOP,
1627781,Malachi Richardson,Sacramento Kings|Toronto Raptors,SAC|TOR,
77952,Micheal Ray Richardson,New York Knicks|Golden State Warriors|Brooklyn Nets,NYK|GSW|BKN,
2369,Norman Richardson,Indiana Pacers|Chicago Bulls,IND|CHI,
71,Pooh Richardson,Minnesota Timberwolves|Indiana Pacers|LA Clippers,MIN|IND|LAC,
2047,Quentin Richardson,LA Clippers|Phoenix Suns|New York Knicks|Miami Heat|Orlando Magic,LAC|PHX|NYK|MIA|ORL,
1642955,Kadary Richmond,,,
782,Mitch Richmond,Golden State Warriors|Sacramento Kings|Washington Wizards|Los Angeles Lakers,GSW|SAC|WAS|LAL,
77954,John Richter,,,
77955,Dick Ricketts,Sacramento Kings,SAC,
375,Isaiah Rider,Minnesota Timberwolves|Portland Trail Blazers|Atlanta Hawks|Los Angeles Lakers|Denver Nuggets,MIN|POR|ATL|LAL|DEN,
77957,Jackie Ridgle,,,
2557,Luke Ridnour,Oklahoma City Thunder|Milwaukee Bucks|Minnesota Timberwolves|Charlotte Hornets|Orlando Magic,OKC|MIL|MIN|CHA|ORL,
77958,Mel Riebe,Boston Celtics,BOS,
77959,Jim Riffey,,,
2541,Antoine Rigaudeau,,,
77960,Tom Riker,New York Knicks,NYK,
77963,Bob Riley,,,
35,Eric Riley,Houston Rockets|LA Clippers|Minnesota Timberwolves|Dallas Mavericks|Boston Celtics,HOU|LAC|MIN|DAL|BOS,
77962,Pat Riley,Houston Rockets|Los Angeles Lakers|Phoenix Suns,HOU|LAL|PHX,
77964,Ron Riley,Sacramento Kings|Houston Rockets,SAC|HOU,
1642860,Will Riley,,,
1630203,Grant Riller,,,
77965,Rich Rinaldi,Washington Wizards,WAS,
77966,Mike Riordan,New York Knicks|Washington Wizards,NYK|WAS,
1642258,Zaccharie Risacher,Atlanta Hawks,ATL,
77967,Arnie Risen,Sacramento Kings|Boston Celtics,SAC|BOS,
77968,Goebel Ritter,New York Knicks,NYK,
77969,Ramon Rivas,,,
203085,Austin Rivers,New Orleans Pelicans|LA Clippers|Washington Wizards|Houston Rockets|New York Knicks|Denver Nuggets|Minnesota Timberwolves,NOP|LAC|WAS|HOU|NYK|DEN|MIN,
77970,David Rivers,Los Angeles Lakers|LA Clippers,LAL|LAC,
470,Doc Rivers,Atlanta Hawks|LA Clippers|New York Knicks|San Antonio Spurs,ATL|LAC|NYK|SAS,
77972,Lee Robbins,,,
1641857,Liam Robbins,,,
203460,Andre Roberson,Oklahoma City Thunder|Brooklyn Nets,OKC|BKN,
101194,Anthony Roberson,Memphis Grizzlies|Golden State Warriors|New York Knicks|Chicago Bulls,MEM|GSW|NYK|CHI,
77973,Rick Roberson,Los Angeles Lakers|Cleveland Cavaliers|Portland Trail Blazers|Utah Jazz|Sacramento Kings,LAL|CLE|POR|UTA|SAC,
2121,Terrance Roberson,,,
77975,Anthony Roberts,Denver Nuggets|Washington Wizards,DEN|WAS,
77979,Bill Roberts,Boston Celtics,BOS,
203148,Brian Roberts,New Orleans Pelicans|Charlotte Hornets|Portland Trail Blazers,NOP|CHA|POR,
122,Fred Roberts,San Antonio Spurs|Utah Jazz|Boston Celtics|Milwaukee Bucks|Cleveland Cavaliers|Los Angeles Lakers|Dallas Mavericks,SAS|UTA|BOS|MIL|CLE|LAL|DAL,
77977,Joe Roberts,Philadelphia 76ers,PHI,
101160,Lawrence Roberts,Memphis Grizzlies,MEM,
77978,Marv Roberts,,,
914,Stanley Roberts,Orlando Magic|LA Clippers|Minnesota Timberwolves|Houston Rockets|Philadelphia 76ers,ORL|LAC|MIN|HOU|PHI,
926,Alvin Robertson,San Antonio Spurs|Milwaukee Bucks|Detroit Pistons|Toronto Raptors,SAS|MIL|DET|TOR,
600015,Oscar Robertson,Sacramento Kings|Milwaukee Bucks,SAC|MIL,
1926,Ryan Robertson,,,
77983,Tony Robertson,Atlanta Hawks|Golden State Warriors,ATL|GSW,
77984,Rick Robey,Indiana Pacers|Boston Celtics|Phoenix Suns,IND|BOS|PHX,
2774,Bernard Robinson,Charlotte Hornets|Brooklyn Nets,CHA|BKN,
997,Chris Robinson,Memphis Grizzlies|Sacramento Kings,MEM|SAC,
77986,Cliff T. Robinson,Brooklyn Nets|Sacramento Kings|Cleveland Cavaliers|Washington Wizards|Philadelphia 76ers|Los Angeles Lakers,BKN|SAC|CLE|WAS|PHI|LAL,
361,Clifford Robinson,Portland Trail Blazers|Phoenix Suns|Detroit Pistons|Golden State Warriors|Brooklyn Nets,POR|PHX|DET|GSW|BKN,
764,David Robinson,San Antonio Spurs,SAS,
1628421,Devin Robinson,Washington Wizards,WAS,
1629130,Duncan Robinson,Miami Heat|Detroit Pistons,MIA|DET,
1944,Eddie Robinson,Charlotte Hornets|Chicago Bulls,CHA|CHI,
77988,Flynn Robinson,Sacramento Kings|Chicago Bulls|Milwaukee Bucks|Los Angeles Lakers|Washington Wizards,SAC|CHI|MIL|LAL|WAS,
299,Glenn Robinson,Milwaukee Bucks|Atlanta Hawks|Philadelphia 76ers|San Antonio Spurs,MIL|ATL|PHI|SAS,
77989,Jackie Robinson,Oklahoma City Thunder|Detroit Pistons|Chicago Bulls,OKC|DET|CHI,
1554,Jamal Robinson,,,
381,James Robinson,Portland Trail Blazers|Minnesota Timberwolves|LA Clippers|Orlando Magic,POR|MIN|LAC|ORL,
1629010,Jerome Robinson,LA Clippers|Washington Wizards|Golden State Warriors,LAC|WAS|GSW,
1629620,Justin Robinson,Washington Wizards|Oklahoma City Thunder|Milwaukee Bucks|Sacramento Kings|Detroit Pistons,WAS|OKC|MIL|SAC|DET,
1683,Larry Robinson,Golden State Warriors|Washington Wizards|Boston Celtics|Houston Rockets|Memphis Grizzlies|Cleveland Cavaliers|Atlanta Hawks|New York Knicks,GSW|WAS|BOS|HOU|MEM|CLE|ATL|NYK,
1629011,Mitchell Robinson,New York Knicks,NYK,
101126,Nate Robinson,New York Knicks|Boston Celtics|Oklahoma City Thunder|Golden State Warriors|Chicago Bulls|Denver Nuggets|LA Clippers|New Orleans Pelicans,NYK|BOS|OKC|GSW|CHI|DEN|LAC|NOP,
77994,Oliver Robinson,,,
1631115,Orlando Robinson,Miami Heat|Sacramento Kings|Toronto Raptors|Orlando Magic,MIA|SAC|TOR|ORL,
716,Rumeal Robinson,Atlanta Hawks|Brooklyn Nets|Charlotte Hornets|Portland Trail Blazers|Los Angeles Lakers|Phoenix Suns,ATL|BKN|CHA|POR|LAL|PHX,
203080,Thomas Robinson,Sacramento Kings|Houston Rockets|Portland Trail Blazers|Philadelphia 76ers|Brooklyn Nets|Los Angeles Lakers,SAC|HOU|POR|PHI|BKN|LAL,
77993,Truck Robinson,Washington Wizards|Atlanta Hawks|Utah Jazz|Phoenix Suns|New York Knicks,WAS|ATL|UTA|PHX|NYK,
77996,Wayne Robinson,,,
203922,Glenn Robinson III,Minnesota Timberwolves|Philadelphia 76ers|Indiana Pacers|Detroit Pistons|Golden State Warriors|Sacramento Kings,MIN|PHI|IND|DET|GSW|SAC,
1630526,Jeremiah Robinson-Earl,Oklahoma City Thunder|New Orleans Pelicans|Indiana Pacers|Dallas Mavericks,OKC|NOP|IND|DAL,
77997,Bill Robinzine,Sacramento Kings|Cleveland Cavaliers|Dallas Mavericks|Utah Jazz,SAC|CLE|DAL|UTA,
77998,Dave Robisch,Indiana Pacers|Los Angeles Lakers|Cleveland Cavaliers|Denver Nuggets|San Antonio Spurs|Sacramento Kings,IND|LAL|CLE|DEN|SAS|SAC,
1629676,Isaiah Roby,Oklahoma City Thunder|San Antonio Spurs,OKC|SAS,
77999,Red Rocha,Philadelphia 76ers|Detroit Pistons,PHI|DET,
78000,John Roche,Los Angeles Lakers|Denver Nuggets,LAL|DEN,
78001,Gene Rock,,,
78002,Jack Rocker,,,
1631223,David Roddy,Memphis Grizzlies|Phoenix Suns|Atlanta Hawks|Philadelphia 76ers|Houston Rockets|Denver Nuggets,MEM|PHX|ATL|PHI|HOU|DEN,
78003,Guy Rodgers,Golden State Warriors|Chicago Bulls|Sacramento Kings|Milwaukee Bucks,GSW|CHI|SAC|MIL,
23,Dennis Rodman,Detroit Pistons|San Antonio Spurs|Chicago Bulls|Los Angeles Lakers|Dallas Mavericks,DET|SAS|CHI|LAL|DAL,
200771,Sergio Rodriguez,Portland Trail Blazers|Sacramento Kings|New York Knicks|Philadelphia 76ers,POR|SAC|NYK|PHI,
691,Lou Roe,Detroit Pistons|Golden State Warriors,DET|GSW,
435,Carlos Rogers,Golden State Warriors|Toronto Raptors|Portland Trail Blazers|Houston Rockets|Indiana Pacers,GSW|TOR|POR|HOU|IND,
78007,Johnny Rogers,Sacramento Kings|Cleveland Cavaliers,SAC|CLE,
78008,Marshall Rogers,,,
915,Rodney Rogers,Denver Nuggets|LA Clippers|Phoenix Suns|Boston Celtics|Brooklyn Nets|New Orleans Pelicans|Philadelphia 76ers,DEN|LAC|PHX|BOS|BKN|NOP|PHI,
964,Roy Rogers,Memphis Grizzlies|Boston Celtics|Toronto Raptors|Denver Nuggets,MEM|BOS|TOR|DEN,
78010,Al Roges,Detroit Pistons,DET,
78011,Ken Rohloff,,,
202375,Magnum Rolle,,,
78012,Kenny Rollins,Boston Celtics,BOS,
78013,Phil Rollins,Golden State Warriors|Sacramento Kings|New York Knicks,GSW|SAC|NYK,
1631157,Ryan Rollins,Golden State Warriors|Washington Wizards|Milwaukee Bucks,GSW|WAS|MIL,
78014,Tree Rollins,Atlanta Hawks|Cleveland Cavaliers|Detroit Pistons|Houston Rockets|Orlando Magic,ATL|CLE|DET|HOU|ORL,
78015,Lorenzo Romar,Golden State Warriors|Milwaukee Bucks|Detroit Pistons,GSW|MIL|DET,
200765,Rajon Rondo,Boston Celtics|Dallas Mavericks|Sacramento Kings|Chicago Bulls|New Orleans Pelicans|Los Angeles Lakers|Atlanta Hawks|LA Clippers|Cleveland Cavaliers,BOS|DAL|SAC|CHI|NOP|LAL|ATL|LAC|CLE,
399,Sean Rooks,Dallas Mavericks|Minnesota Timberwolves|Atlanta Hawks|Los Angeles Lakers|LA Clippers|New Orleans Pelicans|Orlando Magic,DAL|MIN|ATL|LAL|LAC|NOP|ORL,
201565,Derrick Rose,Chicago Bulls|New York Knicks|Cleveland Cavaliers|Minnesota Timberwolves|Detroit Pistons|Memphis Grizzlies,CHI|NYK|CLE|MIN|DET|MEM,
147,Jalen Rose,Denver Nuggets|Indiana Pacers|Chicago Bulls|Toronto Raptors|New York Knicks|Phoenix Suns,DEN|IND|CHI|TOR|NYK|PHX,
990,Malik Rose,Charlotte Hornets|San Antonio Spurs|New York Knicks|Oklahoma City Thunder,CHA|SAS|NYK|OKC,
78016,Robert Rose,,,
78017,Alexander Rosenberg,,,
78018,Lennie Rosenbluth,Golden State Warriors,GSW,
78019,Hank Rosenstein,New York Knicks,NYK,
78020,Dick Rosenthal,Detroit Pistons,DET,
2624,Quinton Ross,LA Clippers|Memphis Grizzlies|Dallas Mavericks|Washington Wizards|Brooklyn Nets,LAC|MEM|DAL|WAS|BKN,
203082,Terrence Ross,Toronto Raptors|Orlando Magic|Phoenix Suns,TOR|ORL|PHX,
78021,Doug Roth,,,
78022,Scott Roth,Utah Jazz|San Antonio Spurs|Minnesota Timberwolves,UTA|SAS|MIN,
78023,Irv Rothenberg,Washington Wizards|New York Knicks,WAS|NYK,
78024,Mickey Rottner,,,
78025,Dan Roundfield,Indiana Pacers|Atlanta Hawks|Detroit Pistons|Washington Wizards,IND|ATL|DET|WAS,
78026,Giff Roux,,,
78027,Ron Rowan,,,
78028,Curtis Rowe,Detroit Pistons|Boston Celtics,DET|BOS,
1642050,Jackson Rowe,,,
78029,Jim Rowinski,Detroit Pistons|Philadelphia 76ers|Miami Heat,DET|PHI|MIA,
78030,Derrick Rowland,,,
78031,Brian Rowsom,Indiana Pacers|Charlotte Hornets,IND|CHA,
200750,Brandon Roy,Portland Trail Blazers|Minnesota Timberwolves,POR|MIN,
140,Donald Royal,Minnesota Timberwolves|San Antonio Spurs|Orlando Magic|Golden State Warriors|Charlotte Hornets,MIN|SAS|ORL|GSW|CHA,
78033,Bob Royer,,,
32,Clifford Rozier,Golden State Warriors|Toronto Raptors|Minnesota Timberwolves,GSW|TOR|MIN,
1626179,Terry Rozier,Boston Celtics|Charlotte Hornets|Miami Heat,BOS|CHA|MIA,
201937,Ricky Rubio,Minnesota Timberwolves|Utah Jazz|Phoenix Suns|Cleveland Cavaliers,MIN|UTA|PHX|CLE,
2462,Guy Rucker,,,
78035,Delaney Rudd,Utah Jazz|Portland Trail Blazers,UTA|POR,
78036,John Rudd,,,
204014,Damjan Rudez,Indiana Pacers|Minnesota Timberwolves|Orlando Magic,IND|MIN|ORL,
78037,John Rudometkin,New York Knicks|Golden State Warriors,NYK|GSW,
1913,Michael Ruffin,Chicago Bulls|Philadelphia 76ers|Utah Jazz|Washington Wizards|Milwaukee Bucks|Portland Trail Blazers,CHI|PHI|UTA|WAS|MIL|POR,
460,Trevor Ruffin,Phoenix Suns|Philadelphia 76ers,PHX|PHI,
78039,Paul Ruffner,Chicago Bulls|LA Clippers,CHI|LAC,
78040,Joe Ruklick,Golden State Warriors,GSW,
78041,Jeff Ruland,Washington Wizards|Philadelphia 76ers|Detroit Pistons,WAS|PHI|DET,
78042,Bob Rule,Oklahoma City Thunder|Philadelphia 76ers|Cleveland Cavaliers|Milwaukee Bucks,OKC|PHI|CLE|MIL,
78043,Jerry Rullo,Golden State Warriors,GSW,
1641712,Rayan Rupert,Portland Trail Blazers|Memphis Grizzlies,POR|MEM,
474,Stefano Rusconi,,,
201575,Brandon Rush,Indiana Pacers|Golden State Warriors|Utah Jazz|Minnesota Timberwolves,IND|GSW|UTA|MIN,
2416,Kareem Rush,Los Angeles Lakers|Charlotte Hornets|Indiana Pacers|Philadelphia 76ers|LA Clippers,LAL|CHA|IND|PHI|LAC,
78049,Bill Russell,Boston Celtics,BOS,
935,Bryon Russell,Utah Jazz|Washington Wizards|Los Angeles Lakers|Denver Nuggets,UTA|WAS|LAL|DEN,
78047,Campy Russell,Cleveland Cavaliers|New York Knicks,CLE|NYK,
78045,Cazzie Russell,New York Knicks|Golden State Warriors|Los Angeles Lakers|Chicago Bulls,NYK|GSW|LAL|CHI,
1626156,D'Angelo Russell,Los Angeles Lakers|Brooklyn Nets|Golden State Warriors|Minnesota Timberwolves|Dallas Mavericks,LAL|BKN|GSW|MIN|DAL,
78046,Frank Russell,,,
78048,Walker Russell,Detroit Pistons|Atlanta Hawks|Indiana Pacers,DET|ATL|IND,
201041,Walker Russell,,,
1642504,Cormac Ryan,,,
1630346,Matt Ryan,Boston Celtics|Los Angeles Lakers|Minnesota Timberwolves|New Orleans Pelicans|New York Knicks,BOS|LAL|MIN|NOP|NYK,
717,Arvydas Sabonis,Portland Trail Blazers,POR,
1627734,Domantas Sabonis,Oklahoma City Thunder|Indiana Pacers|Sacramento Kings,OKC|IND|SAC,
203135,Robert Sacre,Los Angeles Lakers,LAL,
78050,Ed Sadowski,Boston Celtics|Golden State Warriors,BOS|GSW,
78051,Kenny Sailors,Golden State Warriors,GSW,
1642275,Tidjane Salaün,Charlotte Hornets,CHA,
927,John Salley,Detroit Pistons|Miami Heat|Toronto Raptors|Chicago Bulls|Los Angeles Lakers,DET|MIA|TOR|CHI|LAL,
1642282,Hunter Sallis,,,
2422,John Salmons,Philadelphia 76ers|Sacramento Kings|Chicago Bulls|Milwaukee Bucks|Toronto Raptors|New Orleans Pelicans,PHI|SAC|CHI|MIL|TOR|NOP,
1089,Kevin Salvadori,Sacramento Kings,SAC,
2066,Soumaila Samake,Brooklyn Nets|Los Angeles Lakers,BKN|LAL,
1629677,Luka Samanic,San Antonio Spurs|Utah Jazz,SAS|UTA,
200798,Cheikh Samb,Detroit Pistons|Denver Nuggets|LA Clippers|New York Knicks,DET|DEN|LAC|NYK,
1629102,Brandon Sampson,,,
203960,JaKarr Sampson,Philadelphia 76ers|Denver Nuggets|Sacramento Kings|Chicago Bulls|Indiana Pacers,PHI|DEN|SAC|CHI|IND,
2441,Jamal Sampson,Milwaukee Bucks|Los Angeles Lakers|Charlotte Hornets|Sacramento Kings|Denver Nuggets,MIL|LAL|CHA|SAC|DEN,
78055,Ralph Sampson,Houston Rockets|Golden State Warriors|Sacramento Kings|Washington Wizards,HOU|GSW|SAC|WAS,
202396,Samardo Samuels,Cleveland Cavaliers,CLE,
1631257,Jermaine Samuels Jr.,,,
2143,Pepe Sanchez,Atlanta Hawks|Philadelphia 76ers|Detroit Pistons,ATL|PHI|DET,
78057,Frankie Sanders,San Antonio Spurs|Boston Celtics|Sacramento Kings,SAS|BOS|SAC,
1874,Jeff Sanders,Chicago Bulls|Charlotte Hornets|Atlanta Hawks,CHI|CHA|ATL,
1642920,Kobe Sanders,,,
202336,Larry Sanders,Milwaukee Bucks|Cleveland Cavaliers,MIL|CLE,
2684,Melvin Sanders,,,
78059,Mike Sanders,San Antonio Spurs|Phoenix Suns|Cleveland Cavaliers|Indiana Pacers,SAS|PHX|CLE|IND,
78060,Thomas Sanders,Boston Celtics,BOS,
1642362,Payton Sandfort,,,
1641766,Adama Sanogo,Chicago Bulls,CHI,
2091,Daniel Santiago,Phoenix Suns|Milwaukee Bucks,PHX|MIL,
78061,Bob Santini,,,
1630611,Gui Santos,Golden State Warriors,GSW,
78062,Wayne Sappleton,,,
1642879,Ben Saraf,,,
203967,Dario Saric,Philadelphia 76ers|Minnesota Timberwolves|Phoenix Suns|Oklahoma City Thunder|Golden State Warriors|Denver Nuggets|Sacramento Kings,PHI|MIN|PHX|OKC|GSW|DEN|SAC,
1642259,Alex Sarr,Washington Wizards,WAS,
1630846,Olivier Sarr,Oklahoma City Thunder|Cleveland Cavaliers,OKC|CLE,
987,Jason Sasser,San Antonio Spurs|Dallas Mavericks|Memphis Grizzlies,SAS|DAL|MEM,
2219,Jeryl Sasser,Orlando Magic,ORL,
1631204,Marcus Sasser,Detroit Pistons,DET,
203107,Tomas Satoransky,Washington Wizards|Chicago Bulls|New Orleans Pelicans|San Antonio Spurs,WAS|CHI|NOP|SAS,
2261,Kenny Satterfield,Denver Nuggets|Philadelphia 76ers,DEN|PHI,
78063,Frank Saul,Sacramento Kings|Los Angeles Lakers|Atlanta Hawks,SAC|LAL|ATL,
78064,Woody Sauldsberry,Golden State Warriors|Atlanta Hawks|Washington Wizards|Boston Celtics,GSW|ATL|WAS|BOS,
78065,Fred Saunders,Phoenix Suns|Boston Celtics|Utah Jazz,PHX|BOS|UTA,
78066,Don Savage,Philadelphia 76ers,PHI,
2453,Predrag Savovic,,,
78067,Alan Sawyer,,,
2243,Brian Scalabrine,Brooklyn Nets|Boston Celtics|Chicago Bulls,BKN|BOS|CHI,
2637,Alex Scales,,,
78068,Dewayne Scales,New York Knicks|Washington Wizards,NYK|WAS,
78069,Frank Schade,,,
78070,Ben Schadler,,,
78071,Herm Schaefer,Los Angeles Lakers,LAL,
78072,Bob Schafer,,,
1630648,Jordan Schakel,Washington Wizards,WAS,
78073,Ben Scharnus,,,
78074,Marv Schatzman,,,
78075,Fred Schaus,Detroit Pistons|New York Knicks,DET|NYK,
7,Dan Schayes,Utah Jazz|Denver Nuggets|Milwaukee Bucks|Los Angeles Lakers|Phoenix Suns|Miami Heat|Orlando Magic,UTA|DEN|MIL|LAL|PHX|MIA|ORL,
78076,Dolph Schayes,Philadelphia 76ers,PHI,
78078,Ossie Schectman,,,
88,Steve Scheffler,Charlotte Hornets|Sacramento Kings|Denver Nuggets|Oklahoma City Thunder,CHA|SAC|DEN|OKC,
78080,Tom Scheffler,,,
1631248,Baylor Scheierman,Boston Celtics,BOS,
78081,Dave Schellhase,Chicago Bulls,CHI,
101195,Luke Schenscher,Chicago Bulls|Portland Trail Blazers,CHI|POR,
78082,Herb Scherer,Atlanta Hawks|New York Knicks,ATL|NYK,
368,Dwayne Schintzius,San Antonio Spurs|Sacramento Kings|Brooklyn Nets|Indiana Pacers|LA Clippers|Boston Celtics,SAS|SAC|BKN|IND|LAC|BOS,
78084,Dale Schlueter,Golden State Warriors|Portland Trail Blazers|Philadelphia 76ers|Atlanta Hawks|LA Clippers|Phoenix Suns,GSW|POR|PHI|ATL|LAC|PHX,
78085,Otto Schnellbacher,,,
78086,Dick Schnittker,Los Angeles Lakers,LAL,
78087,Russ Schoene,Philadelphia 76ers|Indiana Pacers|Oklahoma City Thunder,PHI|IND|OKC,
1629678,Admiral Schofield,Washington Wizards|Orlando Magic,WAS|ORL,
78088,Dave Scholz,,,
78089,Milt Schoon,,,
96,Detlef Schrempf,Dallas Mavericks|Indiana Pacers|Oklahoma City Thunder|Portland Trail Blazers,DAL|IND|OKC|POR,
203471,Dennis Schr?der,Atlanta Hawks|Oklahoma City Thunder|Los Angeles Lakers|Boston Celtics|Houston Rockets|Toronto Raptors|Brooklyn Nets|Golden State Warriors|Detroit Pistons|Sacramento Kings|Cleveland Cavaliers,ATL|OKC|LAL|BOS|HOU|TOR|BKN|GSW|DET|SAC|CLE,
78091,Howie Schultz,Detroit Pistons|Los Angeles Lakers,DET|LAL,
78092,Dick Schulz,Washington Wizards|Atlanta Hawks,WAS|ATL,
78093,John Schweitz,Oklahoma City Thunder|Detroit Pistons,OKC|DET,
2449,Luis Scola,Houston Rockets|Phoenix Suns|Indiana Pacers|Toronto Raptors|Brooklyn Nets,HOU|PHX|IND|TOR|BKN,
78094,Freddie Scolari,Philadelphia 76ers|Detroit Pistons|Boston Celtics,PHI|DET|BOS,
78095,Alvin Scott,Phoenix Suns,PHX,
1064,Brent Scott,,,
2,Byron Scott,Los Angeles Lakers|Indiana Pacers|Memphis Grizzlies,LAL|IND|MEM,
78097,Charlie Scott,Phoenix Suns|Boston Celtics|Los Angeles Lakers|Denver Nuggets,PHX|BOS|LAL|DEN,
192,Dennis Scott,Orlando Magic|Dallas Mavericks|Phoenix Suns|New York Knicks|Minnesota Timberwolves|Memphis Grizzlies,ORL|DAL|PHX|NYK|MIN|MEM,
1109,James Scott,,,
203118,Mike Scott,Atlanta Hawks|Washington Wizards|LA Clippers|Philadelphia 76ers,ATL|WAS|LAC|PHI,
78100,Ray Scott,Detroit Pistons|Washington Wizards,DET|WAS,
1035,Shawnelle Scott,Cleveland Cavaliers|San Antonio Spurs|Denver Nuggets,CLE|SAS|DEN,
1630286,Trevon Scott,Cleveland Cavaliers|Brooklyn Nets,CLE|BKN,
1630206,Jay Scrubb,LA Clippers|Orlando Magic,LAC|ORL,
78102,Carey Scurry,Utah Jazz|New York Knicks,UTA|NYK,
1631220,Dereon Seabron,New Orleans Pelicans,NOP,
78103,Bruce Seals,Oklahoma City Thunder,OKC,
1578,Shea Seals,,,
907,Malik Sealy,Indiana Pacers|LA Clippers|Detroit Pistons|Minnesota Timberwolves,IND|LAC|DET|MIN,
78105,Ed Searcy,,,
78106,Ken Sears,New York Knicks|Golden State Warriors,NYK|GSW,
1641813,Mark Sears,,,
78107,Wayne See,,,
200757,Thabo Sefolosha,Chicago Bulls|Oklahoma City Thunder|Atlanta Hawks|Utah Jazz|Houston Rockets,CHI|OKC|ATL|UTA|HOU,
938,Rony Seikaly,Miami Heat|Golden State Warriors|Orlando Magic|Brooklyn Nets,MIA|GSW|ORL|BKN,
78109,Glen Selbo,,,
202729,Josh Selby,Memphis Grizzlies,MEM,
1627782,Wayne Selden,New Orleans Pelicans|Memphis Grizzlies|Chicago Bulls|New York Knicks,NOP|MEM|CHI|NYK,
78110,Brad Sellers,Chicago Bulls|Oklahoma City Thunder|Minnesota Timberwolves|Detroit Pistons,CHI|OKC|MIN|DET,
78111,Phil Sellers,,,
78112,Rollie Seltz,,,
78113,Frank Selvy,Atlanta Hawks|New York Knicks|Los Angeles Lakers,ATL|NYK|LAL,
78114,Jim Seminoff,Boston Celtics,BOS,
200754,Mouhamed Sene,Oklahoma City Thunder|New York Knicks,OKC|NYK,
78115,George Senesky,Golden State Warriors,GSW,
1630578,Alperen Sengun,Houston Rockets,HOU,
1641729,Brice Sensabaugh,Utah Jazz,UTA,
202338,Kevin Seraphin,Washington Wizards|New York Knicks|Indiana Pacers,WAS|NYK|IND,
1738,Ansu Sesay,Oklahoma City Thunder|Golden State Warriors,OKC|GSW,
201196,Ramon Sessions,Milwaukee Bucks|Minnesota Timberwolves|Cleveland Cavaliers|Los Angeles Lakers|Charlotte Hornets|Sacramento Kings|Washington Wizards|New York Knicks,MIL|MIN|CLE|LAL|CHA|SAC|WAS|NYK,
78116,Tom Sewell,,,
1629012,Collin Sexton,Cleveland Cavaliers|Utah Jazz|Charlotte Hornets|Chicago Bulls,CLE|UTA|CHA|CHI,
78117,Paul Seymour,Philadelphia 76ers,PHI,
78118,Nick Shaback,,,
1593,Charles Shackleford,Brooklyn Nets|Philadelphia 76ers|Minnesota Timberwolves|Charlotte Hornets,BKN|PHI|MIN|CHA,
78120,Carl Shaeffer,,,
78121,Lee Shaffer,Philadelphia 76ers,PHI,
201203,Mustafa Shakur,Washington Wizards|Oklahoma City Thunder,WAS|OKC,
1629013,Landry Shamet,Philadelphia 76ers|LA Clippers|Brooklyn Nets|Phoenix Suns|Washington Wizards|New York Knicks,PHI|LAC|BKN|PHX|WAS|NYK,
1539,God Shammgod,,,
78123,Earl Shannon,Boston Celtics,BOS,
78124,Howie Shannon,Boston Celtics,BOS,
1630545,Terrence Shannon Jr.,Minnesota Timberwolves,MIN,
78125,Charlie Share,Detroit Pistons|Atlanta Hawks,DET|ATL,
78126,Bill Sharman,Boston Celtics,BOS,
1630549,Day'Ron Sharpe,Brooklyn Nets,BKN,
1631101,Shaedon Sharpe,Portland Trail Blazers,POR,
201594,Walter Sharpe,,,
1117,John Shasky,Miami Heat|Golden State Warriors|Dallas Mavericks,MIA|GSW|DAL,
78128,Ron Shavlik,New York Knicks,NYK,
216,Brian Shaw,Boston Celtics|Miami Heat|Orlando Magic|Golden State Warriors|Philadelphia 76ers|Portland Trail Blazers|Los Angeles Lakers,BOS|MIA|ORL|GSW|PHI|POR|LAL,
1745,Casey Shaw,,,
1629621,Marial Shayok,,,
78130,Bob Shea,,,
1642347,Jamal Shead,Toronto Raptors,TOR,
78131,Fred Sheffield,,,
78132,Craig Shelton,Atlanta Hawks,ATL,
78133,Lonnie Shelton,New York Knicks|Oklahoma City Thunder|Cleveland Cavaliers,NYK|OKC|CLE,
203129,Tornike Shengelia,Brooklyn Nets|Chicago Bulls,BKN|CHI,
1641767,Ben Sheppard,Indiana Pacers,IND,
1852,Jeff Sheppard,,,
1642263,Reed Sheppard,Houston Rockets,HOU,
78135,Steve Sheppard,Chicago Bulls|Detroit Pistons,CHI|DET,
78136,Edmund Sherod,,,
78653,Charlie Shipp,,,
2321,Paul Shirley,Atlanta Hawks|Chicago Bulls|Phoenix Suns,ATL|CHI|PHX,
78138,Gene Short,Oklahoma City Thunder|New York Knicks,OKC|NYK,
78139,Purvis Short,Golden State Warriors|Houston Rockets|Brooklyn Nets,GSW|HOU|BKN,
78140,Dexter Shouse,,,
78141,Dick Shrider,,,
78142,Gene Shue,New York Knicks|Detroit Pistons|Washington Wizards,NYK|DET|WAS,
1642917,Max Shulga,,,
78143,John Shumate,LA Clippers|Phoenix Suns|Detroit Pistons|Houston Rockets|San Antonio Spurs|Oklahoma City Thunder,LAC|PHX|DET|HOU|SAS|OKC,
202697,Iman Shumpert,New York Knicks|Cleveland Cavaliers|Sacramento Kings|Houston Rockets|Brooklyn Nets,NYK|CLE|SAC|HOU|BKN,
203144,Alexey Shved,Minnesota Timberwolves|Philadelphia 76ers|Houston Rockets|New York Knicks,MIN|PHI|HOU|NYK,
1627783,Pascal Siakam,Toronto Raptors|Indiana Pacers,TOR|IND,
1626296,Jordan Sibert,,,
78144,Sam Sibert,,,
78145,Mark Sibley,,,
78146,Jerry Sichting,Indiana Pacers|Boston Celtics|Portland Trail Blazers|Charlotte Hornets|Milwaukee Bucks,IND|BOS|POR|CHA|MIL,
78147,Larry Siegfried,Boston Celtics|Houston Rockets|Atlanta Hawks,BOS|HOU|ATL,
78148,Ralph Siewert,,,
78149,Jack Sikma,Oklahoma City Thunder|Milwaukee Bucks,OKC|MIL,
78150,James Silas,San Antonio Spurs|Cleveland Cavaliers,SAS|CLE,
78151,Paul Silas,Atlanta Hawks|Phoenix Suns|Boston Celtics|Denver Nuggets|Oklahoma City Thunder,ATL|PHX|BOS|DEN|OKC,
202918,Xavier Silas,Philadelphia 76ers|Boston Celtics,PHI|BOS,
202081,Garret Siler,,,
78152,Mike Silliman,,,
1629735,Chris Silva,Miami Heat|Sacramento Kings|Minnesota Timberwolves|Dallas Mavericks,MIA|SAC|MIN|DAL,
101134,Wayne Simien,Miami Heat,MIA,
1627732,Ben Simmons,Philadelphia 76ers|Brooklyn Nets|LA Clippers,PHI|BKN|LAC,
2250,Bobby Simmons,Washington Wizards|LA Clippers|Milwaukee Bucks|Brooklyn Nets|San Antonio Spurs,WAS|LAC|MIL|BKN|SAS,
200759,Cedric Simmons,New Orleans Pelicans|Cleveland Cavaliers|Chicago Bulls|Sacramento Kings,NOP|CLE|CHI|SAC,
78153,Connie Simmons,Boston Celtics|New York Knicks|Philadelphia 76ers|Sacramento Kings,BOS|NYK|PHI|SAC,
78154,Johnny Simmons,,,
203613,Jonathon Simmons,San Antonio Spurs|Orlando Magic|Philadelphia 76ers,SAS|ORL|PHI,
1628424,Kobi Simmons,Memphis Grizzlies|Cleveland Cavaliers|Charlotte Hornets|Toronto Raptors,MEM|CLE|CHA|TOR,
1489,Lionel Simmons,Sacramento Kings,SAC,
1750,Miles Simon,,,
1630250,Marko Simonovic,Chicago Bulls,CHI,
1629014,Anfernee Simons,Portland Trail Blazers|Boston Celtics|Chicago Bulls,POR|BOS|CHI,
54,Dickey Simpkins,Chicago Bulls|Golden State Warriors|Atlanta Hawks,CHI|GSW|ATL,
202067,Diamon Simpson,,,
1642354,KJ Simpson,Charlotte Hornets|Denver Nuggets,CHA|DEN,
78157,Ralph Simpson,Detroit Pistons|Denver Nuggets|Brooklyn Nets|Philadelphia 76ers,DET|DEN|BKN|PHI,
1630285,Zavier Simpson,Oklahoma City Thunder|Memphis Grizzlies,OKC|MEM,
1591,Alvin Sims,,,
78160,Bob Sims,,,
201235,Courtney Sims,Indiana Pacers|Phoenix Suns|New York Knicks,IND|PHX|NYK,
78159,Doug Sims,,,
203156,Henry Sims,New Orleans Pelicans|Cleveland Cavaliers|Philadelphia 76ers|Brooklyn Nets,NOP|CLE|PHI|BKN,
1631301,Jaylen Sims,,,
1630579,Jericho Sims,New York Knicks|Milwaukee Bucks,NYK|MIL,
78161,Scott Sims,,,
202713,Kyle Singler,Detroit Pistons|Oklahoma City Thunder,DET|OKC,
201606,Sean Singletary,Phoenix Suns|Charlotte Hornets,PHX|CHA,
202698,Chris Singleton,Washington Wizards,WAS,
101189,James Singleton,LA Clippers|Dallas Mavericks|Washington Wizards,LAC|DAL|WAS,
78162,Mckinley Singleton,,,
78163,Zeke Sinicola,Detroit Pistons,DET,
1629686,Deividas Sirvydis,Detroit Pistons,DET,
78164,Charlie Sitton,,,
203491,Peyton Siva,,,
1631376,Dmytro Skapintsev,,,
101,Scott Skiles,Milwaukee Bucks|Indiana Pacers|Orlando Magic|Washington Wizards|Philadelphia 76ers,MIL|IND|ORL|WAS|PHI,
78167,Al Skinner,Brooklyn Nets|Detroit Pistons|Philadelphia 76ers,BKN|DET|PHI,
1730,Brian Skinner,LA Clippers|Cleveland Cavaliers|Philadelphia 76ers|Milwaukee Bucks|Sacramento Kings|Portland Trail Blazers|Phoenix Suns|Memphis Grizzlies,LAC|CLE|PHI|MIL|SAC|POR|PHX|MEM,
78168,Talvin Skinner,Oklahoma City Thunder,OKC,
78169,Whitey Skoog,Los Angeles Lakers,LAL,
78170,Jeff Slade,,,
1073,Reggie Slater,Denver Nuggets|Portland Trail Blazers|Dallas Mavericks|Toronto Raptors|Minnesota Timberwolves|Brooklyn Nets|Atlanta Hawks,DEN|POR|DAL|TOR|MIN|BKN|ATL,
78171,Jim Slaughter,,,
78172,Jose Slaughter,,,
1641771,Jalen Slawson,Sacramento Kings|Indiana Pacers,SAC|IND,
2447,Tamar Slay,Brooklyn Nets|Charlotte Hornets,BKN|CHA,
202388,Donald Sloan,Atlanta Hawks|New Orleans Pelicans|Cleveland Cavaliers|Indiana Pacers|Brooklyn Nets,ATL|NOP|CLE|IND|BKN,
78173,Jerry Sloan,Washington Wizards|Chicago Bulls,WAS|CHI,
101166,Uros Slokar,,,
78174,Tom Sluby,,,
1629346,Alen Smailagic,Golden State Warriors,GSW,
1642914,Javon Small,,,
1630606,Javonte Smart,Milwaukee Bucks|Miami Heat|Philadelphia 76ers,MIL|MIA|PHI,
78175,Keith Smart,,,
203935,Marcus Smart,Boston Celtics|Memphis Grizzlies|Washington Wizards|Los Angeles Lakers,BOS|MEM|WAS|LAL,
78176,Belus Smawley,,,
78177,Jack Smiley,Detroit Pistons,DET,
78178,Adrian Smith,Sacramento Kings|Golden State Warriors,SAC|GSW,
78207,Bill Smith,Portland Trail Blazers,POR,
78209,Bill Smith,,,
78202,Bingo Smith,Houston Rockets|Cleveland Cavaliers|LA Clippers,HOU|CLE|LAC,
78203,Bobby Smith,Los Angeles Lakers,LAL,
293,Charles Smith,LA Clippers|New York Knicks|San Antonio Spurs,LAC|NYK|SAS,
1520,Charles Smith,Miami Heat|LA Clippers|San Antonio Spurs|Portland Trail Blazers|Denver Nuggets,MIA|LAC|SAS|POR|DEN,
78179,Charles Smith,Boston Celtics|Minnesota Timberwolves,BOS|MIN,
1814,Chris Smith,Minnesota Timberwolves,MIN,
203147,Chris Smith,,,
78181,Clinton Smith,Golden State Warriors|Washington Wizards,GSW|WAS,
200783,Craig Smith,Minnesota Timberwolves|LA Clippers|Portland Trail Blazers,MIN|LAC|POR,
78182,Deb Smith,,,
78183,Derek Smith,Golden State Warriors|LA Clippers|Sacramento Kings|Philadelphia 76ers|Boston Celtics,GSW|LAC|SAC|PHI|BOS,
78184,Don Smith,,,
78185,Donald Smith,,,
2764,Donta Smith,Atlanta Hawks,ATL,
475,Doug Smith,Dallas Mavericks|Boston Celtics,DAL|BOS,
1630696,Dru Smith,Miami Heat|Brooklyn Nets,MIA|BKN,
78187,Ed Smith,,,
78188,Elmore Smith,LA Clippers|Los Angeles Lakers|Milwaukee Bucks|Cleveland Cavaliers,LAC|LAL|MIL|CLE,
78189,Garfield Smith,Boston Celtics,BOS,
78190,Greg Smith,Milwaukee Bucks|Houston Rockets|Portland Trail Blazers,MIL|HOU|POR,
202962,Greg Smith,Houston Rockets|Dallas Mavericks|Minnesota Timberwolves,HOU|DAL|MIN,
202397,Ish Smith,Houston Rockets|Memphis Grizzlies|Golden State Warriors|Orlando Magic|Milwaukee Bucks|Phoenix Suns|Oklahoma City Thunder|Philadelphia 76ers|New Orleans Pelicans|Detroit Pistons|Washington Wizards|Charlotte Hornets|Denver Nuggets,HOU|MEM|GSW|ORL|MIL|PHX|OKC|PHI|NOP|DET|WAS|CHA|DEN,
2747,JR Smith,New Orleans Pelicans|Denver Nuggets|New York Knicks|Cleveland Cavaliers|Los Angeles Lakers,NOP|DEN|NYK|CLE|LAL,
2074,Jabari Smith,Sacramento Kings|Philadelphia 76ers|Brooklyn Nets,SAC|PHI|BKN,
1630188,Jalen Smith,Phoenix Suns|Indiana Pacers|Chicago Bulls,PHX|IND|CHI,
201160,Jason Smith,Philadelphia 76ers|New Orleans Pelicans|New York Knicks|Orlando Magic|Washington Wizards|Milwaukee Bucks,PHI|NOP|NYK|ORL|WAS|MIL,
202536,Jerry Smith,,,
78191,Jim Smith,LA Clippers|Detroit Pistons,LAC|DET,
693,Joe Smith,Golden State Warriors|Philadelphia 76ers|Minnesota Timberwolves|Detroit Pistons|Milwaukee Bucks|Denver Nuggets|Chicago Bulls|Cleveland Cavaliers|Oklahoma City Thunder|Atlanta Hawks|Brooklyn Nets|Los Angeles Lakers,GSW|PHI|MIN|DET|MIL|DEN|CHI|CLE|OKC|ATL|BKN|LAL,
2746,Josh Smith,Atlanta Hawks|Detroit Pistons|Houston Rockets|LA Clippers|New Orleans Pelicans,ATL|DET|HOU|LAC|NOP,
78192,Keith Smith,,,
181,Kenny Smith,Sacramento Kings|Atlanta Hawks|Houston Rockets|Detroit Pistons|Orlando Magic|Denver Nuggets,SAC|ATL|HOU|DET|ORL|DEN,
78194,Labradford Smith,Washington Wizards|Sacramento Kings,WAS|SAC,
78195,Larry Smith,Golden State Warriors|Houston Rockets|San Antonio Spurs,GSW|HOU|SAS,
1910,Leon Smith,Atlanta Hawks|Oklahoma City Thunder,ATL|OKC,
1641869,Malachi Smith,,,
63,Michael Smith,Sacramento Kings|Memphis Grizzlies|Washington Wizards,SAC|MEM|WAS,
78197,Michael Smith,Boston Celtics|LA Clippers,BOS|LAC,
2065,Mike Smith,,,
202701,Nolan Smith,Portland Trail Blazers,POR,
78198,Otis Smith,Denver Nuggets|Golden State Warriors|Orlando Magic,DEN|GSW|ORL,
78199,Phil Smith,Golden State Warriors|LA Clippers|Oklahoma City Thunder,GSW|LAC|OKC,
78200,Randy Smith,LA Clippers|Cleveland Cavaliers|New York Knicks|Atlanta Hawks,LAC|CLE|NYK|ATL,
78201,Reggie Smith,Portland Trail Blazers,POR,
78204,Robert Smith,Denver Nuggets|Utah Jazz|Brooklyn Nets|Cleveland Cavaliers|Milwaukee Bucks|LA Clippers|San Antonio Spurs,DEN|UTA|BKN|CLE|MIL|LAC|SAS,
203893,Russ Smith,New Orleans Pelicans|Memphis Grizzlies,NOP|MEM,
78205,Sammy Smith,Milwaukee Bucks|Chicago Bulls,MIL|CHI,
120,Steven Smith,Miami Heat|Atlanta Hawks|Portland Trail Blazers|San Antonio Spurs|New Orleans Pelicans|Charlotte Hornets,MIA|ATL|POR|SAS|NOP|CHA,
200848,Steven Smith,,,
1478,Stevin Smith,,,
1631173,Terquavion Smith,,,
2604,Theron Smith,Memphis Grizzlies|Charlotte Hornets,MEM|CHA,
1642449,Tolu Smith,Detroit Pistons,DET,
380,Tony Smith,Los Angeles Lakers|Phoenix Suns|Miami Heat|Charlotte Hornets|Milwaukee Bucks|Atlanta Hawks,LAL|PHX|MIA|CHA|MIL|ATL,
1641890,Tyler Smith,Milwaukee Bucks|Dallas Mavericks,MIL|DAL,
78208,Willie Smith,Chicago Bulls|Indiana Pacers|Portland Trail Blazers|Cleveland Cavaliers,CHI|IND|POR|CLE,
1629015,Zhaire Smith,Philadelphia 76ers,PHI,
1628372,Dennis Smith Jr.,Dallas Mavericks|New York Knicks|Detroit Pistons|Portland Trail Blazers|Charlotte Hornets|Brooklyn Nets,DAL|NYK|DET|POR|CHA|BKN,
1631095,Jabari Smith Jr.,Houston Rockets,HOU,
1641733,Nick Smith Jr.,Charlotte Hornets|Los Angeles Lakers,CHA|LAL,
22,Rik Smits,Indiana Pacers,IND,
1091,Mike Smrek,Chicago Bulls|Los Angeles Lakers|San Antonio Spurs|Golden State Warriors|LA Clippers,CHI|LAL|SAS|GSW|LAC,
78212,Joe Smyth,,,
1630270,Xavier Sneed,Memphis Grizzlies|Utah Jazz|Charlotte Hornets,MEM|UTA|CHA,
203503,Tony Snell,Chicago Bulls|Milwaukee Bucks|Detroit Pistons|Atlanta Hawks|Portland Trail Blazers|New Orleans Pelicans,CHI|MIL|DET|ATL|POR|NOP,
727,Eric Snow,Oklahoma City Thunder|Philadelphia 76ers|Cleveland Cavaliers,OKC|PHI|CLE,
78213,Dick Snyder,Atlanta Hawks|Phoenix Suns|Oklahoma City Thunder|Cleveland Cavaliers,ATL|PHX|OKC|CLE,
2745,Kirk Snyder,Utah Jazz|New Orleans Pelicans|Houston Rockets|Minnesota Timberwolves,UTA|NOP|HOU|MIN,
78214,George Sobek,,,
78215,Ricky Sobers,Phoenix Suns|Indiana Pacers|Chicago Bulls|Washington Wizards|Oklahoma City Thunder,PHX|IND|CHI|WAS|OKC,
78216,Ron Sobie,New York Knicks,NYK,
1631110,Jeremy Sochan,San Antonio Spurs|New York Knicks,SAS|NYK,
78217,Mike Sojourner,Atlanta Hawks,ATL,
2226,Will Solomon,Memphis Grizzlies|Toronto Raptors|Sacramento Kings,MEM|TOR|SAC,
78219,Willie Somerset,,,
2443,Darius Songaila,Sacramento Kings|Chicago Bulls|Washington Wizards|New Orleans Pelicans|Philadelphia 76ers,SAC|CHI|WAS|NOP|PHI,
1642850,Thomas Sorber,,,
78220,Dave Sorenson,Cleveland Cavaliers|Philadelphia 76ers,CLE|PHI,
203480,James Southerland,Charlotte Hornets|New Orleans Pelicans,CHA|NOP,
78221,Gino Sovran,,,
2776,Pape Sow,Toronto Raptors,TOR,
1629034,Ray Spalding,Dallas Mavericks|Phoenix Suns|Houston Rockets,DAL|PHX|HOU,
78222,Jim Spanarkel,Philadelphia 76ers|Dallas Mavericks,PHI|DAL,
2779,Vassilis Spanoulis,,,
78223,Guy Sparrow,New York Knicks|Golden State Warriors,NYK|GSW,
600009,Rory Sparrow,Brooklyn Nets|Atlanta Hawks|New York Knicks|Chicago Bulls|Miami Heat|Sacramento Kings|Los Angeles Lakers,BKN|ATL|NYK|CHI|MIA|SAC|LAL,
78225,Odie Spears,Sacramento Kings|Detroit Pistons|Atlanta Hawks,SAC|DET|ATL,
78226,Art Spector,Boston Celtics,BOS,
201578,Marreese Speights,Philadelphia 76ers|Memphis Grizzlies|Cleveland Cavaliers|Golden State Warriors|LA Clippers|Orlando Magic,PHI|MEM|CLE|GSW|LAC|ORL,
1629016,Omari Spellman,Atlanta Hawks|Golden State Warriors,ATL|GSW,
78227,Andre Spencer,Atlanta Hawks|Golden State Warriors|Sacramento Kings,ATL|GSW|SAC,
1642285,Cam Spencer,Memphis Grizzlies,MEM,
771,Elmore Spencer,LA Clippers|Denver Nuggets|Portland Trail Blazers|Oklahoma City Thunder,LAC|DEN|POR|OKC,
280,Felton Spencer,Minnesota Timberwolves|Utah Jazz|Orlando Magic|Golden State Warriors|San Antonio Spurs|New York Knicks,MIN|UTA|ORL|GSW|SAS|NYK,
1630311,Pat Spencer,Golden State Warriors,GSW,
78230,Lou Spicer,,,
78231,Craig Spitzer,,,
201168,Tiago Splitter,San Antonio Spurs|Atlanta Hawks|Philadelphia 76ers,SAS|ATL|PHI,
78232,Art Spoelstra,Sacramento Kings|Los Angeles Lakers,SAC|LAL,
84,Latrell Sprewell,Golden State Warriors|New York Knicks|Minnesota Timberwolves,GSW|NYK|MIN,
78233,Larry Spriggs,Houston Rockets|Chicago Bulls|Los Angeles Lakers,HOU|CHI|LAL,
1630531,Jaden Springer,Philadelphia 76ers|Boston Celtics|Utah Jazz,PHI|BOS|UTA,
78234,Jim Springer,,,
78235,Jim Spruill,,,
1756,Ryan Stack,Cleveland Cavaliers,CLE,
711,Jerry Stackhouse,Philadelphia 76ers|Detroit Pistons|Washington Wizards|Dallas Mavericks|Milwaukee Bucks|Miami Heat|Atlanta Hawks|Brooklyn Nets,PHI|DET|WAS|DAL|MIL|MIA|ATL|BKN,
78237,Kevin Stacom,Boston Celtics|Indiana Pacers|Milwaukee Bucks,BOS|IND|MIL,
78238,Dave Stallworth,New York Knicks|Washington Wizards,NYK|WAS,
78239,Isaac Stallworth,Oklahoma City Thunder|Utah Jazz,OKC|UTA,
78240,Ed Stanczak,Boston Celtics,BOS,
1630199,Cassius Stanley,Indiana Pacers|Detroit Pistons,IND|DET,
78241,Terence Stansbury,Indiana Pacers|Oklahoma City Thunder,IND|OKC,
317,John Starks,Golden State Warriors|New York Knicks|Chicago Bulls|Utah Jazz,GSW|NYK|CHI|UTA,
78243,Keith Starr,,,
203917,Nik Stauskas,Sacramento Kings|Philadelphia 76ers|Brooklyn Nets|Portland Trail Blazers|Cleveland Cavaliers|Miami Heat|Boston Celtics,SAC|PHI|BKN|POR|CLE|MIA|BOS,
78244,Larry Staverman,Sacramento Kings|Washington Wizards,SAC|WAS,
78245,Larry Steele,Portland Trail Blazers,POR,
1099,Matt Steigenga,,,
1735,Vladimir Stepania,Oklahoma City Thunder|Brooklyn Nets|Miami Heat|Portland Trail Blazers,OKC|BKN|MIA|POR,
203474,DJ Stephens,Milwaukee Bucks|Memphis Grizzlies,MIL|MEM,
78247,Everette Stephens,Indiana Pacers|Milwaukee Bucks,IND|MIL,
78249,Jack Stephens,,,
1086,Joe Stephens,Houston Rockets|Memphis Grizzlies,HOU|MEM,
202362,Lance Stephenson,Indiana Pacers|Charlotte Hornets|LA Clippers|Memphis Grizzlies|New Orleans Pelicans|Minnesota Timberwolves|Los Angeles Lakers|Atlanta Hawks,IND|CHA|LAC|MEM|NOP|MIN|LAL|ATL,
1627293,Alex Stepheson,LA Clippers|Memphis Grizzlies,LAC|MEM,
78250,Brook Steppe,Sacramento Kings|Indiana Pacers|Detroit Pistons|Portland Trail Blazers,SAC|IND|DET|POR,
78251,Barry Stevens,,,
1641815,Isaiah Stevens,Miami Heat|Sacramento Kings,MIA|SAC,
1630205,Lamar Stevens,Cleveland Cavaliers|Boston Celtics|Memphis Grizzlies,CLE|BOS|MEM,
78252,Wayne Stevens,,,
2052,DeShawn Stevenson,Utah Jazz|Orlando Magic|Washington Wizards|Dallas Mavericks|Brooklyn Nets|Atlanta Hawks,UTA|ORL|WAS|DAL|BKN|ATL,
1630597,DJ Stewart,,,
78253,Dennis Stewart,,,
1630191,Isaiah Stewart,Detroit Pistons,DET,
1529,Kebu Stewart,,,
1125,Larry Stewart,Washington Wizards|Oklahoma City Thunder,WAS|OKC,
1565,Michael Stewart,Sacramento Kings|Toronto Raptors|Cleveland Cavaliers|Boston Celtics|Atlanta Hawks,SAC|TOR|CLE|BOS|ATL,
78256,Norm Stewart,,,
201880,Greg Stiemsma,Boston Celtics|Minnesota Timberwolves|New Orleans Pelicans|Toronto Raptors,BOS|MIN|NOP|TOR,
78257,Steve Stipanovich,Indiana Pacers,IND,
179,Bryant Stith,Denver Nuggets|Boston Celtics|Cleveland Cavaliers,DEN|BOS|CLE,
78259,Sam Stith,,,
78260,Tom Stith,,,
78261,Alex Stivrins,Oklahoma City Thunder|Atlanta Hawks|LA Clippers|Milwaukee Bucks|Phoenix Suns,OKC|ATL|LAC|MIL|PHX,
204065,David Stockton,Sacramento Kings|Utah Jazz,SAC|UTA,
304,John Stockton,Utah Jazz,UTA,
978,Peja Stojakovic,Sacramento Kings|Indiana Pacers|New Orleans Pelicans|Toronto Raptors|Dallas Mavericks,SAC|IND|NOP|TOR|DAL,
1055,Ed Stokes,,,
78264,Greg Stokes,Philadelphia 76ers|Sacramento Kings,PHI|SAC,
203950,Jarnell Stokes,Memphis Grizzlies|Miami Heat|Denver Nuggets,MEM|MIA|DEN,
600016,Maurice Stokes,Sacramento Kings,SAC,
78266,Art Stolkey,,,
1627754,Diamond Stone,,,
202933,Julyan Stone,Denver Nuggets|Toronto Raptors|Charlotte Hornets,DEN|TOR|CHA,
2852,Awvee Storey,Brooklyn Nets|Washington Wizards|Milwaukee Bucks,BKN|WAS|MIL,
757,Damon Stoudamire,Toronto Raptors|Portland Trail Blazers|Memphis Grizzlies|San Antonio Spurs,TOR|POR|MEM|SAS,
101136,Salim Stoudamire,Atlanta Hawks,ATL,
2405,Amar'e Stoudemire,Phoenix Suns|New York Knicks|Dallas Mavericks|Miami Heat,PHX|NYK|DAL|MIA,
78267,Paul Stovall,,,
201199,DJ Strawberry,,,
78268,Joe Strawder,Detroit Pistons,DET,
1631124,Julian Strawther,Denver Nuggets,DEN,
78269,Bill Stricker,,,
1065,Erick Strickland,Dallas Mavericks|New York Knicks|Memphis Grizzlies|Boston Celtics|Indiana Pacers|Milwaukee Bucks,DAL|NYK|MEM|BOS|IND|MIL,
1110,Mark Strickland,Indiana Pacers|Miami Heat|Denver Nuggets|Brooklyn Nets|Atlanta Hawks|Dallas Mavericks,IND|MIA|DEN|BKN|ATL|DAL,
393,Rod Strickland,New York Knicks|San Antonio Spurs|Portland Trail Blazers|Washington Wizards|Miami Heat|Minnesota Timberwolves|Orlando Magic|Toronto Raptors|Houston Rockets,NYK|SAS|POR|WAS|MIA|MIN|ORL|TOR|HOU,
78270,Roger Strickland,,,
78271,John Stroeder,Milwaukee Bucks|San Antonio Spurs|Golden State Warriors,MIL|SAS|GSW,
400,Derek Strong,Washington Wizards|Milwaukee Bucks|Boston Celtics|Los Angeles Lakers|Orlando Magic|LA Clippers,WAS|MIL|BOS|LAL|ORL|LAC,
78273,Lamont Strothers,Portland Trail Blazers|Dallas Mavericks,POR|DAL,
78274,John Stroud,,,
1629622,Max Strus,Chicago Bulls|Miami Heat|Cleveland Cavaliers,CHI|MIA|CLE,
201155,Rodney Stuckey,Detroit Pistons|Indiana Pacers,DET|IND,
78275,Gene Stump,Boston Celtics|Los Angeles Lakers,BOS|LAL,
78276,Stan Stutz,New York Knicks,NYK,
1630591,Jalen Suggs,Orlando Magic,ORL,
78277,Gary Suiter,,,
203096,Jared Sullinger,Boston Celtics|Toronto Raptors,BOS|TOR,
201969,DaJuan Summers,Detroit Pistons|New Orleans Pelicans|LA Clippers,DET|NOP|LAC,
1628410,Edmond Sumner,Indiana Pacers|Brooklyn Nets,IND|BKN,
78654,Barry Sumpter,,,
201180,Sun Yue,,,
78278,Don Sunderlage,Atlanta Hawks|Los Angeles Lakers,ATL|LAL,
1743,Bruno Sundov,Dallas Mavericks|Indiana Pacers|Boston Celtics|Cleveland Cavaliers|New York Knicks,DAL|IND|BOS|CLE|NYK,
78279,Jon Sundvold,Oklahoma City Thunder|San Antonio Spurs|Miami Heat,OKC|SAS|MIA,
682,Bob Sura,Cleveland Cavaliers|Golden State Warriors|Detroit Pistons|Atlanta Hawks|Houston Rockets,CLE|GSW|DET|ATL|HOU,
78280,Dick Surhoff,New York Knicks|Atlanta Hawks,NYK|ATL,
78281,Dane Suttle,Sacramento Kings,SAC,
357,Greg Sutton,San Antonio Spurs|Charlotte Hornets|Philadelphia 76ers,SAS|CHA|PHI,
78283,Bennie Swain,,,
1628403,Caleb Swanigan,Portland Trail Blazers|Sacramento Kings,POR|SAC,
78284,Norm Swanson,,,
78285,Dan Swartz,,,
2552,Michael Sweetney,New York Knicks|Chicago Bulls,NYK|CHI,
1631306,Cole Swider,Los Angeles Lakers|Miami Heat|Detroit Pistons|Toronto Raptors,LAL|MIA|DET|TOR,
2741,Robert Swift,Oklahoma City Thunder,OKC,
2031,Stromile Swift,Memphis Grizzlies|Houston Rockets|Brooklyn Nets|Phoenix Suns,MEM|HOU|BKN|PHX,
78286,Aaron Swinson,,,
1628591,Craig Sword,,,
202377,Pape Sy,,,
78287,Wallace Sydnor,,,
1626208,Keifer Sykes,,,
1132,Larry Sykes,,,
1136,Brett Szabo,,,
1887,Wally Szczerbiak,Minnesota Timberwolves|Boston Celtics|Oklahoma City Thunder|Cleveland Cavaliers,MIN|BOS|OKC|CLE,
440,Zan Tabak,Houston Rockets|Toronto Raptors|Boston Celtics|Indiana Pacers,HOU|TOR|BOS|IND,
2657,Yuta Tabuse,,,
101147,Chris Taft,,,
78291,Sid Tannenbaum,New York Knicks,NYK,
1434,Dragan Tarlac,,,
78293,Roy Tarpley,Dallas Mavericks,DAL,
1630256,Jae'Sean Tate,Houston Rockets,HOU,
78294,Earl Tatum,Los Angeles Lakers|Indiana Pacers|Boston Celtics|Detroit Pistons|Cleveland Cavaliers,LAL|IND|BOS|DET|CLE,
1628369,Jayson Tatum,Boston Celtics,BOS,
204002,Edy Tavares,Atlanta Hawks|Cleveland Cavaliers,ATL|CLE,
78295,Anthony Taylor,,,
78296,Brian Taylor,Sacramento Kings|Denver Nuggets|LA Clippers,SAC|DEN|LAC,
101182,Donell Taylor,Washington Wizards,WAS,
78298,Fred Taylor,Phoenix Suns|Sacramento Kings,PHX|SAC,
1627819,Isaiah Taylor,Houston Rockets|Atlanta Hawks,HOU|ATL,
78297,Jay Taylor,,,
78299,Jeff Taylor,Houston Rockets|Detroit Pistons,HOU|DET,
203106,Jeffery Taylor,Charlotte Hornets,CHA,
201966,Jermaine Taylor,Houston Rockets|Sacramento Kings,HOU|SAC,
1511,Johnny Taylor,Orlando Magic|Denver Nuggets,ORL|DEN,
78301,Leonard Taylor,,,
1508,Maurice Taylor,LA Clippers|Houston Rockets|New York Knicks|Sacramento Kings,LAC|HOU|NYK|SAC,
201446,Mike Taylor,,,
78302,Roland Taylor,,,
1630678,Terry Taylor,Indiana Pacers|Chicago Bulls|Sacramento Kings,IND|CHI|SAC,
203116,Tyshawn Taylor,Brooklyn Nets,BKN,
78303,Vince Taylor,,,
78304,Terry Teagle,Houston Rockets|Detroit Pistons|Golden State Warriors|Los Angeles Lakers,HOU|DET|GSW|LAL,
201952,Jeff Teague,Atlanta Hawks|Indiana Pacers|Minnesota Timberwolves|Boston Celtics|Milwaukee Bucks,ATL|IND|MIN|BOS|MIL,
203104,Marquis Teague,Chicago Bulls|Brooklyn Nets|Memphis Grizzlies,CHI|BKN|MEM,
203141,Mirza Teletovic,Brooklyn Nets|Phoenix Suns|Milwaukee Bucks,BKN|PHX|MIL,
2742,Sebastian Telfair,Portland Trail Blazers|Boston Celtics|Minnesota Timberwolves|LA Clippers|Cleveland Cavaliers|Phoenix Suns|Toronto Raptors|Oklahoma City Thunder,POR|BOS|MIN|LAC|CLE|PHX|TOR|OKC,
1643141,Jahmyl Telfort,,,
202066,Garrett Temple,Houston Rockets|Sacramento Kings|San Antonio Spurs|Milwaukee Bucks|Charlotte Hornets|Washington Wizards|Memphis Grizzlies|LA Clippers|Brooklyn Nets|Chicago Bulls|New Orleans Pelicans|Toronto Raptors,HOU|SAC|SAS|MIL|CHA|WAS|MEM|LAC|BKN|CHI|NOP|TOR,
1628462,Milos Teodosic,LA Clippers,LAC,
78305,Ira Terrell,Phoenix Suns|Portland Trail Blazers|Utah Jazz,PHX|POR|UTA,
1629123,Jared Terrell,,,
78307,Carlos Terry,Washington Wizards,WAS,
78306,Chuck Terry,Milwaukee Bucks|Brooklyn Nets,MIL|BKN,
78308,Claude Terry,LA Clippers|Atlanta Hawks,LAC|ATL,
1631207,Dalen Terry,Chicago Bulls|Philadelphia 76ers,CHI|PHI,
1629150,Emanuel Terry,Phoenix Suns|Miami Heat,PHX|MIA,
1891,Jason Terry,Atlanta Hawks|Dallas Mavericks|Boston Celtics|Brooklyn Nets|Houston Rockets|Milwaukee Bucks,ATL|DAL|BOS|BKN|HOU|MIL,
1630179,Tyrell Terry,Dallas Mavericks|Memphis Grizzlies,DAL|MEM,
1630257,Jon Teske,,,
201934,Hasheem Thabeet,Memphis Grizzlies|Houston Rockets|Portland Trail Blazers|Oklahoma City Thunder,MEM|HOU|POR|OKC,
78309,Tom Thacker,Sacramento Kings|Boston Celtics,SAC|BOS,
1628464,Daniel Theis,Boston Celtics|Chicago Bulls|Houston Rockets|Indiana Pacers|LA Clippers|New Orleans Pelicans,BOS|CHI|HOU|IND|LAC|NOP,
78310,Reggie Theus,Chicago Bulls|Sacramento Kings|Atlanta Hawks|Orlando Magic|Brooklyn Nets,CHI|SAC|ATL|ORL|BKN,
78311,Peter Thibeaux,Golden State Warriors,GSW,
78312,Bill Thieben,Detroit Pistons,DET,
1642876,Adou Thiero,,,
78313,Justus Thigpen,Detroit Pistons|Sacramento Kings,DET|SAC,
78314,David Thirdkill,Phoenix Suns|Detroit Pistons|Milwaukee Bucks|San Antonio Spurs|Boston Celtics,PHX|DET|MIL|SAS|BOS,
203519,Adonis Thomas,Orlando Magic|Philadelphia 76ers,ORL|PHI,
2873,Billy Thomas,Brooklyn Nets|Washington Wizards|Cleveland Cavaliers,BKN|WAS|CLE,
1630271,Brodric Thomas,Houston Rockets|Cleveland Cavaliers|Boston Celtics,HOU|CLE|BOS,
1630560,Cam Thomas,Brooklyn Nets|Milwaukee Bucks,BKN|MIL,
1063,Carl Thomas,Sacramento Kings|Cleveland Cavaliers|Orlando Magic|Golden State Warriors,SAC|CLE|ORL|GSW,
78316,Charles Thomas,,,
2041,Etan Thomas,Washington Wizards|Oklahoma City Thunder|Atlanta Hawks,WAS|OKC|ATL,
78317,Irving Thomas,,,
202738,Isaiah Thomas,Sacramento Kings|Phoenix Suns|Boston Celtics|Cleveland Cavaliers|Los Angeles Lakers|Denver Nuggets|Washington Wizards|New Orleans Pelicans|Dallas Mavericks|Charlotte Hornets,SAC|PHX|BOS|CLE|LAL|DEN|WAS|NOP|DAL|CHA,
78318,Isiah Thomas,Detroit Pistons,DET,
1975,Jamel Thomas,Boston Celtics|Golden State Warriors|Brooklyn Nets,BOS|GSW|BKN,
2839,James Thomas,Portland Trail Blazers|Atlanta Hawks|Philadelphia 76ers|Chicago Bulls,POR|ATL|PHI|CHI,
78320,Jim Thomas,Indiana Pacers|LA Clippers|Minnesota Timberwolves,IND|LAC|MIN,
78321,Joe Thomas,,,
1519,John Thomas,Boston Celtics|Toronto Raptors|Minnesota Timberwolves|Memphis Grizzlies|Atlanta Hawks|Brooklyn Nets,BOS|TOR|MIN|MEM|ATL|BKN,
1903,Kenny Thomas,Houston Rockets|Philadelphia 76ers|Sacramento Kings,HOU|PHI|SAC,
1629017,Khyri Thomas,Detroit Pistons|Houston Rockets,DET|HOU,
703,Kurt Thomas,Miami Heat|Dallas Mavericks|New York Knicks|Phoenix Suns|Oklahoma City Thunder|San Antonio Spurs|Milwaukee Bucks|Chicago Bulls|Portland Trail Blazers,MIA|DAL|NYK|PHX|OKC|SAS|MIL|CHI|POR,
202498,Lance Thomas,New Orleans Pelicans|Oklahoma City Thunder|New York Knicks|Brooklyn Nets,NOP|OKC|NYK|BKN,
202952,Malcolm Thomas,San Antonio Spurs|Golden State Warriors|Chicago Bulls|Utah Jazz|Philadelphia 76ers,SAS|GSW|CHI|UTA|PHI,
1629744,Matt Thomas,Toronto Raptors|Utah Jazz|Chicago Bulls,TOR|UTA|CHI,
78322,Terry Thomas,,,
1501,Tim Thomas,Philadelphia 76ers|Milwaukee Bucks|New York Knicks|Chicago Bulls|Phoenix Suns|LA Clippers|Dallas Mavericks,PHI|MIL|NYK|CHI|PHX|LAC|DAL,
200748,Tyrus Thomas,Chicago Bulls|Charlotte Hornets|Memphis Grizzlies,CHI|CHA|MEM,
202717,Trey Thompkins,,,
1641708,Amen Thompson,Houston Rockets,HOU,
1641709,Ausar Thompson,Detroit Pistons,DET,
78323,Bernard Thompson,Portland Trail Blazers|Phoenix Suns|Houston Rockets,POR|PHX|HOU,
1631,Billy Thompson,Los Angeles Lakers|Miami Heat|Golden State Warriors,LAL|MIA|GSW,
240,Brooks Thompson,Orlando Magic|Utah Jazz|Denver Nuggets|Phoenix Suns|New York Knicks,ORL|UTA|DEN|PHX|NYK,
78325,Corny Thompson,,,
78326,David Thompson,Denver Nuggets|Oklahoma City Thunder,DEN|OKC,
101159,Dijon Thompson,Phoenix Suns|Atlanta Hawks,PHX|ATL,
1630679,Ethan Thompson,,,
78327,George Thompson,,,
203138,Hollis Thompson,Philadelphia 76ers|New Orleans Pelicans,PHI|NOP,
201574,Jason Thompson,Sacramento Kings|Golden State Warriors|Toronto Raptors,SAC|GSW|TOR,
78328,John Thompson,Boston Celtics,BOS,
78329,Kevin Thompson,,,
202691,Klay Thompson,Golden State Warriors|Dallas Mavericks,GSW|DAL,
78,LaSalle Thompson,Sacramento Kings|Indiana Pacers|Philadelphia 76ers|Denver Nuggets,SAC|IND|PHI|DEN,
78331,Mychal Thompson,Portland Trail Blazers|San Antonio Spurs|Los Angeles Lakers,POR|SAS|LAL,
202814,Mychel Thompson,,,
78332,Paul Thompson,Cleveland Cavaliers|Milwaukee Bucks|Philadelphia 76ers,CLE|MIL|PHI,
78333,Stephen Thompson,Orlando Magic|Sacramento Kings,ORL|SAC,
202684,Tristan Thompson,Cleveland Cavaliers|Boston Celtics|Sacramento Kings|Indiana Pacers|Chicago Bulls,CLE|BOS|SAC|IND|CHI,
1630550,JT Thor,Charlotte Hornets|Cleveland Cavaliers|Washington Wizards,CHA|CLE|WAS,
78335,Rod Thorn,Washington Wizards|Detroit Pistons|Atlanta Hawks|Oklahoma City Thunder,WAS|DET|ATL|OKC,
201154,Al Thornton,LA Clippers|Washington Wizards|Golden State Warriors,LAC|WAS|GSW,
738,Bob Thornton,New York Knicks|Philadelphia 76ers|Minnesota Timberwolves|Utah Jazz|Washington Wizards,NYK|PHI|MIN|UTA|WAS,
201977,Marcus Thornton,New Orleans Pelicans|Sacramento Kings|Brooklyn Nets|Boston Celtics|Phoenix Suns|Houston Rockets|Washington Wizards,NOP|SAC|BKN|BOS|PHX|HOU|WAS,
1628414,Sindarius Thornwell,LA Clippers|New Orleans Pelicans|Orlando Magic,LAC|NOP|ORL,
901,Otis Thorpe,Sacramento Kings|Houston Rockets|Portland Trail Blazers|Detroit Pistons|Memphis Grizzlies|Washington Wizards|Miami Heat|Charlotte Hornets,SAC|HOU|POR|DET|MEM|WAS|MIA|CHA,
9,Sedale Threatt,Philadelphia 76ers|Chicago Bulls|Oklahoma City Thunder|Los Angeles Lakers|Houston Rockets,PHI|CHI|OKC|LAL|HOU,
600001,Nate Thurmond,Golden State Warriors|Chicago Bulls|Cleveland Cavaliers,GSW|CHI|CLE,
78340,Mel Thurston,,,
1629680,Matisse Thybulle,Philadelphia 76ers|Portland Trail Blazers,PHI|POR,
78341,Howard Tidrick,,,
78342,Dan Tieman,,,
1629681,Killian Tillie,Memphis Grizzlies,MEM,
78343,Darren Tillis,Boston Celtics|Cleveland Cavaliers|Golden State Warriors,BOS|CLE|GSW,
1630214,Xavier Tillman,Memphis Grizzlies|Boston Celtics|Charlotte Hornets,MEM|BOS|CHA,
1631166,Drew Timme,Brooklyn Nets|Los Angeles Lakers,BKN|LAL,
78344,Jack Tingle,Los Angeles Lakers,LAL,
2224,Jamaal Tinsley,Indiana Pacers|Memphis Grizzlies|Utah Jazz,IND|MEM|UTA,
47,Wayman Tisdale,Indiana Pacers|Sacramento Kings|Phoenix Suns,IND|SAC|PHX,
1627861,Mike Tobey,,,
1630225,Isaiah Todd,Washington Wizards,WAS,
78346,Marko Todorovich,Atlanta Hawks,ATL,
78348,Ray Tolbert,Oklahoma City Thunder|Brooklyn Nets|Detroit Pistons|New York Knicks|Los Angeles Lakers|Atlanta Hawks,OKC|BKN|DET|NYK|LAL|ATL,
78347,Tom Tolbert,Charlotte Hornets|Golden State Warriors|Orlando Magic|LA Clippers,CHA|GSW|ORL|LAC,
201229,Anthony Tolliver,San Antonio Spurs|Portland Trail Blazers|Golden State Warriors|Minnesota Timberwolves|Atlanta Hawks|Charlotte Hornets|Phoenix Suns|Detroit Pistons|Sacramento Kings|Memphis Grizzlies|Philadelphia 76ers,SAS|POR|GSW|MIN|ATL|CHA|PHX|DET|SAC|MEM|PHI,
78349,Dean Tolson,Oklahoma City Thunder,OKC,
78350,Rudy Tomjanovich,Houston Rockets,HOU,
1641772,Nae'Qwan Tomlin,Cleveland Cavaliers,CLE,
78351,Andrew Toney,Philadelphia 76ers,PHI,
78352,Sedric Toney,Atlanta Hawks|Phoenix Suns|New York Knicks|Indiana Pacers|Sacramento Kings|Cleveland Cavaliers,ATL|PHX|NYK|IND|SAC|CLE,
1642910,John Tonje,,,
78353,Andy Tonkovich,,,
342,Andy Toolson,Utah Jazz,UTA,
78355,Jack Toomay,Washington Wizards,WAS,
78356,Bernard Toone,,,
1642260,Nikola Topi?,,,
1631210,Jacob Toppin,New York Knicks|Atlanta Hawks,NYK|ATL,
1630167,Obi Toppin,New York Knicks|Indiana Pacers,NYK|IND,
78357,Irv Torgoff,Golden State Warriors,GSW,
78358,Gene Tormohlen,Atlanta Hawks,ATL,
2351,Oscar Torres,Houston Rockets|Golden State Warriors,HOU|GSW,
1629308,Juan Toscano-Anderson,Golden State Warriors|Los Angeles Lakers|Utah Jazz|Sacramento Kings,GSW|LAL|UTA|SAC,
78359,Bill Tosheff,Atlanta Hawks,ATL,
78360,Bob Tough,Detroit Pistons,DET,
1626253,Axel Toupane,Denver Nuggets|Milwaukee Bucks|New Orleans Pelicans,DEN|MIL|NOP,
78361,Monte Towe,,,
700,Keith Tower,Orlando Magic|LA Clippers|Milwaukee Bucks,ORL|LAC|MIL,
78363,William Towery,Detroit Pistons,DET,
78364,Linton Townes,Portland Trail Blazers|Milwaukee Bucks|LA Clippers|San Antonio Spurs,POR|MIL|LAC|SAS,
1626157,Karl-Anthony Towns,Minnesota Timberwolves|New York Knicks,MIN|NYK,
78365,Raymond Townsend,Golden State Warriors|Indiana Pacers,GSW|IND,
1642422,Armel Traore,,,
1642849,Nolan Traore,,,
78366,George Trapp,Atlanta Hawks|Detroit Pistons,ATL|DET,
78367,John Trapp,Houston Rockets|Los Angeles Lakers|Philadelphia 76ers,HOU|LAL|PHI,
1631247,Luke Travers,Cleveland Cavaliers,CLE,
1714,Robert Traylor,Milwaukee Bucks|Cleveland Cavaliers|Charlotte Hornets|New Orleans Pelicans,MIL|CLE|CHA|NOP,
718,Gary Trent,Portland Trail Blazers|Toronto Raptors|Dallas Mavericks|Minnesota Timberwolves,POR|TOR|DAL|MIN,
1629018,Gary Trent Jr.,Portland Trail Blazers|Toronto Raptors|Milwaukee Bucks,POR|TOR|MIL,
2244,Jeff Trepagnier,Cleveland Cavaliers|Denver Nuggets,CLE|DEN,
78651,John Tresvant,Atlanta Hawks|Detroit Pistons|Sacramento Kings|Oklahoma City Thunder|Los Angeles Lakers|Washington Wizards,ATL|DET|SAC|OKC|LAL|WAS,
1629019,Allonzo Trier,New York Knicks,NYK,
78368,Dick Triptow,Detroit Pistons,DET,
78369,Kelly Tripucka,Detroit Pistons|Utah Jazz|Charlotte Hornets,DET|UTA|CHA,
2456,Cezary Trybanski,Memphis Grizzlies|Phoenix Suns|New York Knicks,MEM|PHX|NYK,
2054,Jake Tsakalidis,Phoenix Suns|Memphis Grizzlies|Houston Rockets,PHX|MEM|HOU,
78370,John Tschogl,Atlanta Hawks|Philadelphia 76ers,ATL|PHI,
1631131,Oscar Tshiebwe,Indiana Pacers|Utah Jazz,IND|UTA,
78371,Lou Tsioropoulos,Boston Celtics,BOS,
2401,Nikoloz Tskitishvili,Denver Nuggets|Golden State Warriors|Minnesota Timberwolves|Phoenix Suns,DEN|GSW|MIN|PHX,
78372,Al Tucker,Oklahoma City Thunder|Sacramento Kings|Washington Wizards|Chicago Bulls,OKC|SAC|WAS|CHI,
201169,Alando Tucker,Phoenix Suns|Minnesota Timberwolves,PHX|MIN,
141,Anthony Tucker,,,
78374,Jim Tucker,Philadelphia 76ers,PHI,
200782,P.J. Tucker,Toronto Raptors|Phoenix Suns|Houston Rockets|Milwaukee Bucks|Miami Heat|Philadelphia 76ers|LA Clippers|New York Knicks,TOR|PHX|HOU|MIL|MIA|PHI|LAC|NYK,
1629730,Rayjon Tucker,Utah Jazz|Philadelphia 76ers|Denver Nuggets|Milwaukee Bucks,UTA|PHI|DEN|MIL,
78375,Trent Tucker,New York Knicks|San Antonio Spurs|Chicago Bulls,NYK|SAS|CHI,
101142,Ronny Turiaf,Los Angeles Lakers|Golden State Warriors|New York Knicks|Washington Wizards|Miami Heat|LA Clippers|Minnesota Timberwolves,LAL|GSW|NYK|WAS|MIA|LAC|MIN,
1726,Mirsad Turkcan,New York Knicks|Milwaukee Bucks,NYK|MIL,
2045,Hedo Turkoglu,Sacramento Kings|San Antonio Spurs|Orlando Magic|Toronto Raptors|Phoenix Suns|LA Clippers,SAC|SAS|ORL|TOR|PHX|LAC,
78377,Andre Turner,Boston Celtics|Houston Rockets|Milwaukee Bucks|LA Clippers|Charlotte Hornets|Philadelphia 76ers|Washington Wizards,BOS|HOU|MIL|LAC|CHA|PHI|WAS,
78385,Bill Turner,Golden State Warriors|Sacramento Kings|Los Angeles Lakers|Portland Trail Blazers,GSW|SAC|LAL|POR,
78378,Elston Turner,Dallas Mavericks|Denver Nuggets|Chicago Bulls,DAL|DEN|CHI,
202323,Evan Turner,Philadelphia 76ers|Indiana Pacers|Boston Celtics|Portland Trail Blazers|Atlanta Hawks,PHI|IND|BOS|POR|ATL,
78379,Henry Turner,Sacramento Kings,SAC,
78380,Jack Turner,,,
78382,Jack Turner,,,
78381,Jeff Turner,Brooklyn Nets|Orlando Magic,BKN|ORL,
1819,John Turner,,,
1626167,Myles Turner,Indiana Pacers|Milwaukee Bucks,IND|MIL,
1943,Wayne Turner,,,
78386,Mel Turpin,Cleveland Cavaliers|Utah Jazz|Washington Wizards,CLE|UTA|WAS,
78387,Dave Twardzik,Portland Trail Blazers,POR,
78388,Jack Twyman,Sacramento Kings,SAC,
189,B.J. Tyler,,,
202719,Jeremy Tyler,Golden State Warriors|Atlanta Hawks|New York Knicks,GSW|ATL|NYK,
78390,Terry Tyler,Detroit Pistons|Sacramento Kings|Dallas Mavericks,DET|SAC|DAL,
78391,Charlie Tyra,New York Knicks|Washington Wizards,NYK|WAS,
1641816,Hunter Tyson,Denver Nuggets,DEN,
1642281,Jaylon Tyson,Cleveland Cavaliers,CLE,
202775,Edwin Ubiles,,,
202327,Ekpe Udoh,Golden State Warriors|Milwaukee Bucks|LA Clippers|Utah Jazz,GSW|MIL|LAC|UTA,
2137,Ime Udoka,Los Angeles Lakers|New York Knicks|Portland Trail Blazers|San Antonio Spurs|Sacramento Kings,LAL|NYK|POR|SAS|SAC,
2757,Beno Udrih,San Antonio Spurs|Sacramento Kings|Milwaukee Bucks|Orlando Magic|New York Knicks|Memphis Grizzlies|Miami Heat|Detroit Pistons,SAS|SAC|MIL|ORL|NYK|MEM|MIA|DET,
101146,Roko Ukic,Toronto Raptors|Milwaukee Bucks,TOR|MIL,
1627755,Tyler Ulis,Phoenix Suns|Chicago Bulls,PHX|CHI,
1630649,Stanley Umude,Detroit Pistons|Milwaukee Bucks|San Antonio Spurs,DET|MIL|SAS,
78392,Wes Unseld,Washington Wizards,WAS,
78393,Hal Uplinger,,,
78394,Kelvin Upshaw,Miami Heat|Boston Celtics|Dallas Mavericks|Golden State Warriors,MIA|BOS|DAL|GSW,
1627784,Jarrod Uthoff,Dallas Mavericks|Memphis Grizzlies|Washington Wizards,DAL|MEM|WAS,
202386,Ben Uzoh,Brooklyn Nets|Cleveland Cavaliers|Toronto Raptors,BKN|CLE|TOR,
201987,Robert Vaden,,,
202685,Jonas Valan?iūnas,Toronto Raptors|Memphis Grizzlies|New Orleans Pelicans|Washington Wizards|Sacramento Kings|Denver Nuggets,TOR|MEM|NOP|WAS|SAC|DEN,
78395,Darnell Valentine,Portland Trail Blazers|LA Clippers|Cleveland Cavaliers,POR|LAC|CLE,
1627756,Denzel Valentine,Chicago Bulls|Cleveland Cavaliers|Utah Jazz,CHI|CLE|UTA,
78396,Ron Valentine,,,
78397,John Vallely,Atlanta Hawks|Houston Rockets,ATL|HOU,
78398,Dick Van Arsdale,New York Knicks|Phoenix Suns,NYK|PHX,
78399,Tom Van Arsdale,Detroit Pistons|Sacramento Kings|Philadelphia 76ers|Atlanta Hawks|Phoenix Suns,DET|SAC|PHI|ATL|PHX,
78401,Butch Van Breda Kolff,New York Knicks,NYK,
78400,Jan Van Breda Kolff,Brooklyn Nets,BKN,
89,Nick Van Exel,Los Angeles Lakers|Denver Nuggets|Dallas Mavericks|Golden State Warriors|Portland Trail Blazers|San Antonio Spurs,LAL|DEN|DAL|GSW|POR|SAS,
1496,Keith Van Horn,Brooklyn Nets|Philadelphia 76ers|New York Knicks|Milwaukee Bucks|Dallas Mavericks,BKN|PHI|NYK|MIL|DAL,
78406,Norm Van Lier,Sacramento Kings|Chicago Bulls|Milwaukee Bucks,SAC|CHI|MIL,
1627832,Fred VanVleet,Toronto Raptors|Houston Rockets,TOR|HOU,
78402,Gene Vance,Atlanta Hawks,ATL,
78403,Log Vander Velden,,,
1629020,Jarred Vanderbilt,Denver Nuggets|Minnesota Timberwolves|Utah Jazz|Los Angeles Lakers,DEN|MIN|UTA|LAL,
78405,Ernie Vandeweghe,New York Knicks,NYK,
78404,Kiki Vandeweghe,Denver Nuggets|Portland Trail Blazers|New York Knicks|LA Clippers,DEN|POR|NYK|LAC,
78407,Nick Vanos,Phoenix Suns,PHX,
2128,David Vanterpool,,,
2237,Ratko Varda,,,
2760,Anderson Varejao,Cleveland Cavaliers|Golden State Warriors,CLE|GSW,
202363,Jarvis Varnado,Boston Celtics|Miami Heat|Chicago Bulls|Philadelphia 76ers,BOS|MIA|CHI|PHI,
202349,Greivis Vasquez,Memphis Grizzlies|New Orleans Pelicans|Sacramento Kings|Toronto Raptors|Milwaukee Bucks|Brooklyn Nets,MEM|NOP|SAC|TOR|MIL|BKN,
1630170,Devin Vassell,San Antonio Spurs,SAS,
78409,Charles Vaughn,Atlanta Hawks|Detroit Pistons,ATL|DET,
710,David Vaughn,Orlando Magic|Golden State Warriors|Chicago Bulls|Brooklyn Nets,ORL|GSW|CHI|BKN,
1521,Jacque Vaughn,Utah Jazz|Atlanta Hawks|Orlando Magic|Brooklyn Nets|San Antonio Spurs,UTA|ATL|ORL|BKN|SAS,
1626173,Rashad Vaughn,Milwaukee Bucks|Brooklyn Nets|Orlando Magic,MIL|BKN|ORL,
78411,Virgil Vaughn,,,
919,Loy Vaught,LA Clippers|Detroit Pistons|Dallas Mavericks|Washington Wizards,LAC|DET|DAL|WAS,
78413,Bob Verga,,,
78414,Peter Verhoeven,Portland Trail Blazers|Sacramento Kings|Golden State Warriors|Indiana Pacers,POR|SAC|GSW|IND,
202686,Jan Vesely,Washington Wizards|Denver Nuggets,WAS|DEN,
78415,Gundars Vetra,,,
1628426,Sasha Vezenkov,,,
78416,Joao Vianna,,,
1630492,Luca Vildoza,,,
101111,Charlie Villanueva,Toronto Raptors|Milwaukee Bucks|Detroit Pistons|Dallas Mavericks,TOR|MIL|DET|DAL,
1629216,Gabe Vincent,Miami Heat|Los Angeles Lakers|Atlanta Hawks,MIA|LAL|ATL,
78418,Jay Vincent,Dallas Mavericks|Washington Wizards|Denver Nuggets|San Antonio Spurs|Philadelphia 76ers|Los Angeles Lakers,DAL|WAS|DEN|SAS|PHI|LAL,
78417,Sam Vincent,Boston Celtics|Oklahoma City Thunder|Chicago Bulls|Orlando Magic,BOS|OKC|CHI|ORL,
200790,Marcus Vinicius,New Orleans Pelicans,NOP,
1844,Fred Vinson,Atlanta Hawks|Oklahoma City Thunder,ATL|OKC,
78419,Gary Voce,,,
78420,Floyd Volker,,,
78421,Alexander Volkov,Atlanta Hawks,ATL,
78422,Whitey Von Nieda,,,
203943,Noah Vonleh,Charlotte Hornets|Portland Trail Blazers|Chicago Bulls|New York Knicks|Minnesota Timberwolves|Denver Nuggets|Brooklyn Nets|Boston Celtics,CHA|POR|CHI|NYK|MIN|DEN|BKN|BOS,
2063,Jake Voskuhl,Chicago Bulls|Phoenix Suns|Charlotte Hornets|Milwaukee Bucks|Toronto Raptors,CHI|PHX|CHA|MIL|TOR,
78423,Danny Vranes,Oklahoma City Thunder|Philadelphia 76ers,OKC|PHI,
2582,Slavko Vranes,,,
1037,Stojko Vrankovic,Boston Celtics|Minnesota Timberwolves|LA Clippers,BOS|MIN|LAC,
78425,Brett Vroman,,,
2761,Jackson Vroman,Phoenix Suns|New Orleans Pelicans,PHX|NOP,
2756,Sasha Vujacic,Los Angeles Lakers|Brooklyn Nets|LA Clippers|New York Knicks,LAL|BKN|LAC|NYK,
1641774,Tristan Vukcevic,Washington Wizards,WAS,
202696,Nikola Vu?evi?,Philadelphia 76ers|Orlando Magic|Chicago Bulls|Boston Celtics,PHI|ORL|CHI|BOS,
1629731,Dean Wade,Cleveland Cavaliers,CLE,
2548,Dwyane Wade,Miami Heat|Chicago Bulls|Cleveland Cavaliers,MIA|CHI|CLE,
78426,Mark Wade,Golden State Warriors|Dallas Mavericks,GSW|DAL,
101144,Von Wafer,Los Angeles Lakers|LA Clippers|Denver Nuggets|Portland Trail Blazers|Houston Rockets|Boston Celtics|Orlando Magic,LAL|LAC|DEN|POR|HOU|BOS|ORL,
78427,Clint Wager,,,
2402,Dajuan Wagner,Cleveland Cavaliers|Golden State Warriors,CLE|GSW,
78428,Danny Wagner,,,
1630532,Franz Wagner,Orlando Magic,ORL,
78429,Milt Wagner,Los Angeles Lakers|Miami Heat,LAL|MIA,
1629021,Moritz Wagner,Los Angeles Lakers|Washington Wizards|Boston Celtics|Orlando Magic,LAL|WAS|BOS|ORL,
1630688,Ish Wainright,Phoenix Suns|Portland Trail Blazers,PHX|POR,
203079,Dion Waiters,Cleveland Cavaliers|Oklahoma City Thunder|Miami Heat|Los Angeles Lakers,CLE|OKC|MIA|LAL,
78430,Granville Waiters,Indiana Pacers|Houston Rockets|Chicago Bulls,IND|HOU|CHI,
78431,Andre Wakefield,Chicago Bulls|Detroit Pistons|Utah Jazz,CHI|DET|UTA,
78432,Neal Walk,Phoenix Suns|New York Knicks|Utah Jazz,PHX|NYK|UTA,
78433,Andy Walker,,,
952,Antoine Walker,Boston Celtics|Dallas Mavericks|Atlanta Hawks|Miami Heat|Minnesota Timberwolves,BOS|DAL|ATL|MIA|MIN,
78434,Brady Walker,Boston Celtics,BOS,
78435,Chet Walker,Philadelphia 76ers|Chicago Bulls,PHI|CHI,
78437,Darrell Walker,New York Knicks|Denver Nuggets|Washington Wizards|Detroit Pistons|Chicago Bulls,NYK|DEN|WAS|DET|CHI,
78436,Foots Walker,Cleveland Cavaliers|Brooklyn Nets,CLE|BKN,
201611,Henry Walker,Boston Celtics|New York Knicks|Miami Heat,BOS|NYK|MIA,
78438,Horace Walker,,,
1631133,Jabari Walker,Portland Trail Blazers|Philadelphia 76ers,POR|PHI,
1641716,Jarace Walker,Indiana Pacers,IND,
78439,Jimmy Walker,Detroit Pistons|Houston Rockets|Sacramento Kings,DET|HOU|SAC,
202689,Kemba Walker,Charlotte Hornets|Boston Celtics|New York Knicks|Dallas Mavericks,CHA|BOS|NYK|DAL,
78440,Kenny Walker,New York Knicks|Washington Wizards,NYK|WAS,
1630640,MJ Walker,,,
78441,Phil Walker,,,
955,Samaki Walker,Dallas Mavericks|San Antonio Spurs|Los Angeles Lakers|Miami Heat|Washington Wizards|Indiana Pacers,DAL|SAS|LAL|MIA|WAS|IND,
78442,Wally Walker,Portland Trail Blazers|Oklahoma City Thunder|Houston Rockets,POR|OKC|HOU,
1629022,Lonnie Walker IV,San Antonio Spurs|Los Angeles Lakers|Brooklyn Nets|Philadelphia 76ers,SAS|LAL|BKN|PHI,
202322,John Wall,Washington Wizards|Houston Rockets|LA Clippers,WAS|HOU|LAC,
1112,Ben Wallace,Washington Wizards|Orlando Magic|Detroit Pistons|Chicago Bulls|Cleveland Cavaliers,WAS|ORL|DET|CHI|CLE,
1641717,Cason Wallace,Oklahoma City Thunder,OKC,
2222,Gerald Wallace,Sacramento Kings|Charlotte Hornets|Portland Trail Blazers|Brooklyn Nets|Boston Celtics,SAC|CHA|POR|BKN|BOS,
961,John Wallace,New York Knicks|Toronto Raptors|Detroit Pistons|Phoenix Suns|Miami Heat,NYK|TOR|DET|PHX|MIA,
1630811,Keaton Wallace,Atlanta Hawks,ATL,
78443,Michael Wallace,Boston Celtics,BOS,
739,Rasheed Wallace,Washington Wizards|Portland Trail Blazers|Atlanta Hawks|Detroit Pistons|Boston Celtics|New York Knicks,WAS|POR|ATL|DET|BOS|NYK,
1627820,Tyrone Wallace,LA Clippers|Atlanta Hawks|New Orleans Pelicans,LAC|ATL|NOP,
78444,Dwight Waller,,,
78445,Jamie Waller,,,
78446,Jim Walsh,,,
1641775,Jordan Walsh,Boston Celtics,BOS,
101190,Matt Walsh,,,
1642266,Ja'Kobe Walter,Toronto Raptors,TOR,
777,Rex Walters,Brooklyn Nets|Philadelphia 76ers|Miami Heat,BKN|PHI|MIA,
78447,Paul Walther,,,
78448,Rabbit Walthour,,,
78450,Bill Walton,Portland Trail Blazers|LA Clippers|Boston Celtics,POR|LAC|BOS,
78449,Lloyd Walton,Milwaukee Bucks|Sacramento Kings,MIL|SAC,
2575,Luke Walton,Los Angeles Lakers|Cleveland Cavaliers,LAL|CLE,
1628476,Derrick Walton Jr.,Miami Heat|LA Clippers|Detroit Pistons,MIA|LAC|DET,
202954,Brad Wanamaker,Boston Celtics|Golden State Warriors|Charlotte Hornets|Indiana Pacers|Washington Wizards,BOS|GSW|CHA|IND|WAS,
78453,Bobby Wanzer,Sacramento Kings,SAC,
78454,Perry Warbington,,,
369,Charlie Ward,New York Knicks|San Antonio Spurs|Houston Rockets,NYK|SAS|HOU,
78455,Gerry Ward,Atlanta Hawks|Boston Celtics|Philadelphia 76ers|Chicago Bulls,ATL|BOS|PHI|CHI,
78456,Henry Ward,,,
203810,Casper Ware,,,
78457,Jim Ware,Sacramento Kings|Houston Rockets,SAC|HOU,
1642276,Kel'el Ware,Miami Heat,MIA,
78458,Ben Warley,Philadelphia 76ers|Washington Wizards,PHI|WAS,
78459,Bob Warlick,Detroit Pistons|Golden State Warriors|Milwaukee Bucks|Phoenix Suns,DET|GSW|MIL|PHX,
78460,Cornell Warner,LA Clippers|Cleveland Cavaliers|Milwaukee Bucks|Los Angeles Lakers,LAC|CLE|MIL|LAL,
1627866,Jameel Warney,,,
78461,Johnny Warren,New York Knicks|Cleveland Cavaliers,NYK|CLE,
203933,T.J. Warren,Phoenix Suns|Indiana Pacers|Brooklyn Nets|Minnesota Timberwolves,PHX|IND|BKN|MIN,
202378,Willie Warren,,,
78462,Bryan Warrick,Washington Wizards|LA Clippers|Indiana Pacers|Milwaukee Bucks,WAS|LAC|IND|MIL,
101124,Hakim Warrick,Memphis Grizzlies|Milwaukee Bucks|Chicago Bulls|Phoenix Suns|New Orleans Pelicans|Charlotte Hornets,MEM|MIL|CHI|PHX|NOP|CHA,
78463,Chris Washburn,Golden State Warriors|Atlanta Hawks,GSW|ATL,
1627395,Julian Washburn,,,
78469,Bobby Washington,Cleveland Cavaliers,CLE,
200827,Darius Washington,,,
78464,Duane Washington,Brooklyn Nets|LA Clippers,BKN|LAC,
78465,Dwayne Washington,Brooklyn Nets|Miami Heat,BKN|MIA,
1540,Eric Washington,Denver Nuggets,DEN,
78466,Jim Washington,Atlanta Hawks|Chicago Bulls|Philadelphia 76ers|LA Clippers,ATL|CHI|PHI|LAC,
78467,Kermit Washington,Los Angeles Lakers|Boston Celtics|LA Clippers|Portland Trail Blazers|Golden State Warriors,LAL|BOS|LAC|POR|GSW,
1629023,P.J. Washington,Charlotte Hornets|Dallas Mavericks,CHA|DAL,
78468,Richard Washington,Sacramento Kings|Milwaukee Bucks|Dallas Mavericks|Cleveland Cavaliers,SAC|MIL|DAL|CLE,
78470,Stan Washington,,,
78471,Wilson Washington,Philadelphia 76ers|Brooklyn Nets,PHI|BKN,
1630613,Duane Washington Jr.,Indiana Pacers|Phoenix Suns,IND|PHX,
1631102,TyTy Washington Jr.,Houston Rockets|Milwaukee Bucks|Phoenix Suns|LA Clippers,HOU|MIL|PHX|LAC,
1629139,Yuta Watanabe,Memphis Grizzlies|Toronto Raptors|Brooklyn Nets|Phoenix Suns,MEM|TOR|BKN|PHX,
1629682,Tremont Waters,Boston Celtics|Toronto Raptors|Washington Wizards,BOS|TOR|WAS,
1630322,Lindy Waters III,Oklahoma City Thunder|Golden State Warriors|Detroit Pistons|San Antonio Spurs,OKC|GSW|DET|SAS,
1630570,Trendon Watford,Portland Trail Blazers|Brooklyn Nets|Philadelphia 76ers,POR|BKN|PHI,
201208,Darryl Watkins,Sacramento Kings|New Orleans Pelicans,SAC|NOP,
1642364,Jamir Watkins,,,
1641817,Anton Watson,,,
201228,C.J. Watson,Golden State Warriors|Chicago Bulls|Brooklyn Nets|Indiana Pacers|Orlando Magic,GSW|CHI|BKN|IND|ORL,
2248,Earl Watson,Oklahoma City Thunder|Memphis Grizzlies|Denver Nuggets|Indiana Pacers|Utah Jazz|Portland Trail Blazers,OKC|MEM|DEN|IND|UTA|POR,
320,Jamie Watson,Utah Jazz|Dallas Mavericks|Miami Heat,UTA|DAL|MIA,
1628778,Paul Watson,Atlanta Hawks|Toronto Raptors|Oklahoma City Thunder,ATL|TOR|OKC,
1631212,Peyton Watson,Denver Nuggets,DEN,
78474,Ron Watts,Boston Celtics,BOS,
78473,Slick Watts,Oklahoma City Thunder|Utah Jazz|Houston Rockets,OKC|UTA|HOU,
203146,Maalik Wayns,Philadelphia 76ers|LA Clippers,PHI|LAC,
204033,David Wear,,,
204037,Travis Wear,New York Knicks|Los Angeles Lakers,NYK|LAL,
221,Clar. Weatherspoon,Philadelphia 76ers|Golden State Warriors|Miami Heat|Cleveland Cavaliers|New York Knicks|Houston Rockets,PHI|GSW|MIA|CLE|NYK|HOU,
78475,Nick Weatherspoon,Washington Wizards|Oklahoma City Thunder|Chicago Bulls|LA Clippers,WAS|OKC|CHI|LAC,
1629683,Quinndary Weatherspoon,San Antonio Spurs|Golden State Warriors,SAS|GSW,
201602,Kyle Weaver,Oklahoma City Thunder|Utah Jazz,OKC|UTA,
78477,Jeff Webb,Milwaukee Bucks|Phoenix Suns,MIL|PHX,
78478,Marcus Webb,,,
892,Spud Webb,Atlanta Hawks|Sacramento Kings|Minnesota Timberwolves|Orlando Magic,ATL|SAC|MIN|ORL,
1627821,James Webb III,,,
185,Chris Webber,Golden State Warriors|Washington Wizards|Sacramento Kings|Philadelphia 76ers|Detroit Pistons,GSW|WAS|SAC|PHI|DET,
1627362,Briante Weber,Memphis Grizzlies|Miami Heat|Golden State Warriors|Charlotte Hornets|Houston Rockets,MEM|MIA|GSW|CHA|HOU,
78479,Forest Weber,New York Knicks,NYK,
1067,Jeff Webster,,,
101110,Martell Webster,Portland Trail Blazers|Minnesota Timberwolves|Washington Wizards,POR|MIN|WAS,
78481,Marvin Webster,Denver Nuggets|Oklahoma City Thunder|New York Knicks|Milwaukee Bucks,DEN|OKC|NYK|MIL,
78482,Scott Wedman,Sacramento Kings|Cleveland Cavaliers|Boston Celtics,SAC|CLE|BOS,
201603,Sonny Weems,Denver Nuggets|Toronto Raptors|Phoenix Suns|Philadelphia 76ers,DEN|TOR|PHX|PHI,
78483,Dick Wehr,,,
78484,Brant Weidner,,,
78485,Bob Weiss,Philadelphia 76ers|Oklahoma City Thunder|Milwaukee Bucks|Chicago Bulls|LA Clippers|Washington Wizards,PHI|OKC|MIL|CHI|LAC|WAS,
78486,Rick Weitzman,,,
1719,Bonzi Wells,Portland Trail Blazers|Memphis Grizzlies|Sacramento Kings|Houston Rockets|New Orleans Pelicans,POR|MEM|SAC|HOU|NOP,
1528,Bubba Wells,,,
1642377,Jaylen Wells,Memphis Grizzlies,MEM,
78488,Owen Wells,,,
78489,Ralph Wells,,,
1846,Chris Welp,Philadelphia 76ers|San Antonio Spurs|Golden State Warriors,PHI|SAS|GSW,
2412,Jiri Welsch,Golden State Warriors|Boston Celtics|Cleveland Cavaliers|Milwaukee Bucks,GSW|BOS|CLE|MIL,
1629118,Thomas Welsh,,,
1641705,Victor Wembanyama,San Antonio Spurs,SAS,
82,Bill Wennington,Dallas Mavericks|Sacramento Kings|Chicago Bulls,DAL|SAC|CHI,
78492,Matt Wenstrom,,,
438,Robert Werdann,Denver Nuggets|Brooklyn Nets,DEN|BKN,
78494,Ray Wertis,,,
1631104,Blake Wesley,San Antonio Spurs|Portland Trail Blazers,SAS|POR,
133,David Wesley,Brooklyn Nets|Boston Celtics|Charlotte Hornets|New Orleans Pelicans|Houston Rockets|Cleveland Cavaliers,BKN|BOS|CHA|NOP|HOU|CLE,
78495,Walt Wesley,Sacramento Kings|Chicago Bulls|Cleveland Cavaliers|Phoenix Suns|Washington Wizards|Philadelphia 76ers|Milwaukee Bucks|Los Angeles Lakers,SAC|CHI|CLE|PHX|WAS|PHI|MIL|LAL,
2561,David West,New Orleans Pelicans|Indiana Pacers|San Antonio Spurs|Golden State Warriors,NOP|IND|SAS|GSW,
2753,Delonte West,Boston Celtics|Oklahoma City Thunder|Cleveland Cavaliers|Dallas Mavericks,BOS|OKC|CLE|DAL,
28,Doug West,Minnesota Timberwolves|Memphis Grizzlies,MIN|MEM,
78497,Jerry West,Los Angeles Lakers,LAL,
201238,Mario West,Atlanta Hawks|Brooklyn Nets,ATL|BKN,
770,Mark West,Dallas Mavericks|Milwaukee Bucks|Cleveland Cavaliers|Phoenix Suns|Detroit Pistons|Indiana Pacers|Atlanta Hawks,DAL|MIL|CLE|PHX|DET|IND|ATL,
78499,Roland West,,,
201566,Russell Westbrook,Oklahoma City Thunder|Houston Rockets|Washington Wizards|Los Angeles Lakers|LA Clippers|Denver Nuggets|Sacramento Kings,OKC|HOU|WAS|LAL|LAC|DEN|SAC,
78500,Paul Westphal,Boston Celtics|Phoenix Suns|Oklahoma City Thunder|New York Knicks,BOS|PHX|OKC|NYK,
78501,John Wetzel,,,
101156,Robert Whaley,,,
941,Ennis Whatley,Chicago Bulls|Cleveland Cavaliers|Washington Wizards|San Antonio Spurs|Atlanta Hawks|LA Clippers|Portland Trail Blazers,CHI|CLE|WAS|SAS|ATL|LAC|POR,
1545,DeJuan Wheat,Minnesota Timberwolves|Memphis Grizzlies,MIN|MEM,
78504,Clinton Wheeler,Indiana Pacers|Miami Heat|Portland Trail Blazers,IND|MIA|POR,
1630762,Phillip Wheeler,,,
1755,Tyson Wheeler,,,
78506,Lucian Whitaker,,,
1629632,Coby White,Chicago Bulls|Charlotte Hornets,CHI|CHA,
201591,DJ White,Oklahoma City Thunder|Charlotte Hornets|Boston Celtics,OKC|CHA|BOS,
1628401,Derrick White,San Antonio Spurs|Boston Celtics,SAS|BOS,
78507,Eric White,LA Clippers|Utah Jazz,LAC|UTA,
78508,Herb White,,,
78509,Hubie White,Golden State Warriors|Philadelphia 76ers,GSW|PHI,
1631298,Jack White,Denver Nuggets|Memphis Grizzlies,DEN|MEM,
1751,Jahidi White,Washington Wizards|Phoenix Suns|Charlotte Hornets,WAS|PHX|CHA,
200778,James White,San Antonio Spurs|Houston Rockets|New York Knicks,SAS|HOU|NYK,
78510,Jojo White,Boston Celtics|Golden State Warriors|Sacramento Kings,BOS|GSW|SAC,
1627855,Okaro White,Miami Heat|Washington Wizards,MIA|WAS,
1839,Randy White,Dallas Mavericks,DAL,
2206,Rodney White,Detroit Pistons|Denver Nuggets|Golden State Warriors,DET|DEN|GSW,
78512,Rory White,Phoenix Suns|Milwaukee Bucks|LA Clippers,PHX|MIL|LAC,
203091,Royce White,,,
78513,Rudy White,Houston Rockets|Golden State Warriors|Oklahoma City Thunder,HOU|GSW|OKC,
202358,Terrico White,,,
78514,Tony White,Chicago Bulls|New York Knicks|Golden State Warriors,CHI|NYK|GSW,
78515,Willie White,Denver Nuggets,DEN,
1628510,Andrew White III,,,
1641727,Dariq Whitehead,Brooklyn Nets|Memphis Grizzlies,BKN|MEM,
1627785,Isaiah Whitehead,Brooklyn Nets,BKN,
78516,Jerome Whitehead,LA Clippers|Utah Jazz|Dallas Mavericks|Cleveland Cavaliers|Golden State Warriors|San Antonio Spurs,LAC|UTA|DAL|CLE|GSW|SAS,
1126,Donald Whiteside,Toronto Raptors|Atlanta Hawks,TOR|ATL,
202355,Hassan Whiteside,Sacramento Kings|Miami Heat|Portland Trail Blazers|Utah Jazz,SAC|MIA|POR|UTA,
730,Dwayne Whitfield,,,
1641715,Cam Whitmore,Houston Rockets|Washington Wizards,HOU|WAS,
78519,Charles Whitney,Sacramento Kings,SAC,
43,Chris Whitney,San Antonio Spurs|Washington Wizards|Denver Nuggets|Orlando Magic,SAS|WAS|DEN|ORL,
204222,Greg Whittington,,,
203963,Shayne Whittington,Indiana Pacers,IND,
78520,Sidney Wicks,Portland Trail Blazers|Boston Celtics|LA Clippers,POR|BOS|LAC,
78521,Murray Wier,,,
78522,Bob Wiesenhahn,,,
1630580,Joe Wieskamp,San Antonio Spurs|Toronto Raptors,SAS|TOR,
1630598,Aaron Wiggins,Oklahoma City Thunder,OKC,
203952,Andrew Wiggins,Minnesota Timberwolves|Golden State Warriors|Miami Heat,MIN|GSW|MIA,
78523,Mitchell Wiggins,Chicago Bulls|Houston Rockets|Philadelphia 76ers,CHI|HOU|PHI,
1629623,Lindell Wigginton,Milwaukee Bucks,MIL,
78524,Ken Wilburn,Chicago Bulls,CHI,
203912,C.J. Wilcox,LA Clippers|Orlando Magic,LAC|ORL,
2404,Chris Wilcox,LA Clippers|Oklahoma City Thunder|New York Knicks|Detroit Pistons|Boston Celtics,LAC|OKC|NYK|DET|BOS,
78525,D.C. Wilcutt,,,
78526,Gene Wiley,Los Angeles Lakers,LAL,
1628451,Jacob Wiley,,,
78527,Michael Wiley,San Antonio Spurs|LA Clippers,SAS|LAC,
78528,Morlon Wiley,Dallas Mavericks|Orlando Magic|San Antonio Spurs|Atlanta Hawks|Miami Heat,DAL|ORL|SAS|ATL|MIA,
78529,Win Wilfong,Atlanta Hawks|Sacramento Kings,ATL|SAC,
78530,Lenny Wilkens,Atlanta Hawks|Oklahoma City Thunder|Cleveland Cavaliers|Portland Trail Blazers,ATL|OKC|CLE|POR,
78531,Bob Wilkerson,Oklahoma City Thunder|Denver Nuggets|Chicago Bulls|Cleveland Cavaliers,OKC|DEN|CHI|CLE,
78532,Jamaal Wilkes,Golden State Warriors|Los Angeles Lakers|LA Clippers,GSW|LAL|LAC,
78533,James Wilkes,Chicago Bulls|Detroit Pistons,CHI|DET,
2863,Damien Wilkins,Oklahoma City Thunder|Minnesota Timberwolves|Atlanta Hawks|Detroit Pistons|Philadelphia 76ers|Indiana Pacers,OKC|MIN|ATL|DET|PHI|IND,
1122,Dominique Wilkins,Atlanta Hawks|LA Clippers|Boston Celtics|San Antonio Spurs|Orlando Magic,ATL|LAC|BOS|SAS|ORL,
78534,Eddielee Wilkins,New York Knicks|Philadelphia 76ers,NYK|PHI,
786,Gerald Wilkins,New York Knicks|Cleveland Cavaliers|Memphis Grizzlies|Orlando Magic,NYK|CLE|MEM|ORL,
78537,Jeff Wilkins,Utah Jazz|San Antonio Spurs,UTA|SAS,
78538,Dale Wilkinson,Detroit Pistons|LA Clippers,DET|LAC,
2366,Mike Wilks,Atlanta Hawks|Minnesota Timberwolves|Houston Rockets|San Antonio Spurs|Cleveland Cavaliers|Oklahoma City Thunder|Denver Nuggets|Washington Wizards,ATL|MIN|HOU|SAS|CLE|OKC|DEN|WAS,
1425,Aaron Williams,Utah Jazz|Milwaukee Bucks|Denver Nuggets|Memphis Grizzlies|Oklahoma City Thunder|Washington Wizards|Brooklyn Nets|Toronto Raptors|New Orleans Pelicans|LA Clippers,UTA|MIL|DEN|MEM|OKC|WAS|BKN|TOR|NOP|LAC,
1626210,Alan Williams,Phoenix Suns|Brooklyn Nets,PHX|BKN,
1631214,Alondes Williams,Brooklyn Nets|Miami Heat|Detroit Pistons|Washington Wizards,BKN|MIA|DET|WAS,
1541,Alvin Williams,Portland Trail Blazers|Toronto Raptors|LA Clippers,POR|TOR|LAC,
1642873,Amari Williams,,,
78539,Arthur Williams,Houston Rockets|Boston Celtics,HOU|BOS,
78540,Bernie Williams,Houston Rockets,HOU,
78564,Bob Williams,Los Angeles Lakers,LAL,
1585,Brandon Williams,Golden State Warriors|San Antonio Spurs|Atlanta Hawks,GSW|SAS|ATL,
1630314,Brandon Williams,Portland Trail Blazers|Dallas Mavericks,POR|DAL,
433,Buck Williams,Brooklyn Nets|Portland Trail Blazers|New York Knicks,BKN|POR|NYK,
203710,C.J. Williams,LA Clippers|Minnesota Timberwolves,LAC|MIN,
78547,Chuck Williams,Denver Nuggets|LA Clippers,DEN|LAC,
78541,Chuckie Williams,,,
78543,Cliff Williams,,,
1642262,Cody Williams,Utah Jazz,UTA,
200603,Corey Williams,Chicago Bulls|Minnesota Timberwolves,CHI|MIN,
101114,Deron Williams,Utah Jazz|Brooklyn Nets|Dallas Mavericks|Cleveland Cavaliers,UTA|BKN|DAL|CLE,
202682,Derrick Williams,Minnesota Timberwolves|Sacramento Kings|New York Knicks|Miami Heat|Cleveland Cavaliers|Los Angeles Lakers,MIN|SAC|NYK|MIA|CLE|LAL,
78545,Don Williams,,,
1631495,Donovan Williams,,,
78546,Earl Williams,Phoenix Suns|Detroit Pistons|Brooklyn Nets|Boston Celtics,PHX|DET|BKN|BOS,
202343,Elliot Williams,Portland Trail Blazers|Philadelphia 76ers|Utah Jazz|New Orleans Pelicans|Memphis Grizzlies,POR|PHI|UTA|NOP|MEM,
677,Eric Williams,Boston Celtics|Denver Nuggets|Cleveland Cavaliers|Brooklyn Nets|Toronto Raptors|San Antonio Spurs|Charlotte Hornets,BOS|DEN|CLE|BKN|TOR|SAS|CHA,
2421,Frank Williams,New York Knicks|Chicago Bulls,NYK|CHI,
78548,Freeman Williams,LA Clippers|Atlanta Hawks|Utah Jazz|Washington Wizards,LAC|ATL|UTA|WAS,
1629684,Grant Williams,Boston Celtics|Dallas Mavericks|Charlotte Hornets,BOS|DAL|CHA,
78549,Gus Williams,Golden State Warriors|Oklahoma City Thunder|Washington Wizards|Atlanta Hawks,GSW|OKC|WAS|ATL,
78550,Guy Williams,Washington Wizards|Golden State Warriors,WAS|GSW,
1006,Herb Williams,Indiana Pacers|Dallas Mavericks|New York Knicks|Toronto Raptors,IND|DAL|NYK|TOR,
73,Hot Rod Williams,Cleveland Cavaliers|Phoenix Suns|Dallas Mavericks,CLE|PHX|DAL,
1631114,Jalen Williams,Oklahoma City Thunder,OKC,
1715,Jason Williams,Sacramento Kings|Memphis Grizzlies|Miami Heat|Orlando Magic,SAC|MEM|MIA|ORL,
101214,Jawad Williams,Cleveland Cavaliers,CLE,
2398,Jay Williams,,,
1631119,Jaylin Williams,Oklahoma City Thunder,OKC,
420,Jayson Williams,Philadelphia 76ers|Brooklyn Nets,PHI|BKN,
966,Jerome Williams,Detroit Pistons|Toronto Raptors|Chicago Bulls|New York Knicks,DET|TOR|CHI|NYK,
78554,John Williams,Washington Wizards|LA Clippers|Indiana Pacers,WAS|LAC|IND,
1629140,Johnathan Williams,Los Angeles Lakers|Washington Wizards,LAL|WAS,
202716,Jordan Williams,,,
200818,Justin Williams,Sacramento Kings|Houston Rockets,SAC|HOU,
78555,Kenny Williams,Indiana Pacers,IND,
1629026,Kenrich Williams,New Orleans Pelicans|Oklahoma City Thunder,NOP|OKC,
78556,Kevin Williams,San Antonio Spurs|Cleveland Cavaliers|Oklahoma City Thunder|Brooklyn Nets|LA Clippers,SAS|CLE|OKC|BKN|LAC,
31,Lorenzo Williams,Charlotte Hornets|Orlando Magic|Boston Celtics|Dallas Mavericks|Washington Wizards,CHA|ORL|BOS|DAL|WAS,
101150,Lou Williams,Philadelphia 76ers|Atlanta Hawks|Toronto Raptors|Los Angeles Lakers|Houston Rockets|LA Clippers,PHI|ATL|TOR|LAL|HOU|LAC,
1642013,Malik Williams,,,
200766,Marcus Williams,Brooklyn Nets|Golden State Warriors|Memphis Grizzlies,BKN|GSW|MEM,
201173,Marcus Williams,San Antonio Spurs|LA Clippers,SAS|LAC,
1631109,Mark Williams,Charlotte Hornets|Phoenix Suns,CHA|PHX,
101107,Marvin Williams,Atlanta Hawks|Utah Jazz|Charlotte Hornets|Milwaukee Bucks,ATL|UTA|CHA|MIL,
52,Micheal Williams,Detroit Pistons|Phoenix Suns|Charlotte Hornets|Indiana Pacers|Minnesota Timberwolves|Toronto Raptors,DET|PHX|CHA|IND|MIN|TOR,
78558,Mike Williams,Sacramento Kings|Atlanta Hawks,SAC|ATL,
78560,Milt Williams,New York Knicks|Atlanta Hawks|Oklahoma City Thunder,NYK|ATL|OKC,
2590,Mo Williams,Utah Jazz|Milwaukee Bucks|Cleveland Cavaliers|LA Clippers|Portland Trail Blazers|Minnesota Timberwolves|Charlotte Hornets,UTA|MIL|CLE|LAC|POR|MIN|CHA,
42,Monty Williams,New York Knicks|San Antonio Spurs|Denver Nuggets|Orlando Magic|Philadelphia 76ers,NYK|SAS|DEN|ORL|PHI,
78561,Nate Williams,Sacramento Kings|Utah Jazz|Golden State Warriors,SAC|UTA|GSW,
1631466,Nate Williams,Portland Trail Blazers|Houston Rockets|Golden State Warriors,POR|HOU|GSW,
1630172,Patrick Williams,Chicago Bulls,CHI,
78566,Pete Williams,Denver Nuggets,DEN,
78571,Ray Williams,New York Knicks|Brooklyn Nets|Sacramento Kings|Boston Celtics|San Antonio Spurs|Atlanta Hawks,NYK|BKN|SAC|BOS|SAS|ATL,
199,Reggie Williams,LA Clippers|Cleveland Cavaliers|San Antonio Spurs|Denver Nuggets|Indiana Pacers|Brooklyn Nets,LAC|CLE|SAS|DEN|IND|BKN,
202130,Reggie Williams,Golden State Warriors|Charlotte Hornets|Oklahoma City Thunder|San Antonio Spurs|New Orleans Pelicans,GSW|CHA|OKC|SAS|NOP,
78563,Rickey Williams,,,
78565,Rob Williams,Denver Nuggets,DEN,
78567,Ron Williams,Golden State Warriors|Milwaukee Bucks|Los Angeles Lakers,GSW|MIL|LAL,
78568,Sam Williams,Milwaukee Bucks,MIL,
78569,Samuel Williams,Golden State Warriors|Philadelphia 76ers,GSW|PHI,
281,Scott Williams,Chicago Bulls|Philadelphia 76ers|Milwaukee Bucks|Denver Nuggets|Phoenix Suns|Dallas Mavericks|Cleveland Cavaliers,CHI|PHI|MIL|DEN|PHX|DAL|CLE,
201157,Sean Williams,Brooklyn Nets|Dallas Mavericks|Boston Celtics,BKN|DAL|BOS,
1742,Shammond Williams,Atlanta Hawks|Oklahoma City Thunder|Boston Celtics|Denver Nuggets|Orlando Magic|New Orleans Pelicans|Los Angeles Lakers,ATL|OKC|BOS|DEN|ORL|NOP|LAL,
200761,Shawne Williams,Indiana Pacers|Dallas Mavericks|New York Knicks|Brooklyn Nets|Los Angeles Lakers|Miami Heat|Detroit Pistons,IND|DAL|NYK|BKN|LAL|MIA|DET,
200749,Shelden Williams,Atlanta Hawks|Sacramento Kings|Minnesota Timberwolves|Boston Celtics|Denver Nuggets|New York Knicks|Brooklyn Nets,ATL|SAC|MIN|BOS|DEN|NYK|BKN,
78570,Sly Williams,New York Knicks|Atlanta Hawks|Boston Celtics,NYK|ATL|BOS,
201944,Terrence Williams,Brooklyn Nets|Houston Rockets|Sacramento Kings|Boston Celtics,BKN|HOU|SAC|BOS,
1576,Travis Williams,Charlotte Hornets,CHA,
1627786,Troy Williams,Memphis Grizzlies|Houston Rockets|New York Knicks|Sacramento Kings,MEM|HOU|NYK|SAC,
1005,Walt Williams,Sacramento Kings|Miami Heat|Toronto Raptors|Portland Trail Blazers|Houston Rockets|Dallas Mavericks,SAC|MIA|TOR|POR|HOU|DAL,
78573,Ward Williams,,,
78574,Willie Williams,Boston Celtics|Sacramento Kings,BOS|SAC,
1630533,Ziaire Williams,Memphis Grizzlies|Brooklyn Nets,MEM|BKN,
1629057,Robert Williams III,Boston Celtics|Portland Trail Blazers,BOS|POR,
1628475,Matt Williams Jr.,,,
1631246,Vince Williams Jr.,Memphis Grizzlies|Utah Jazz,MEM|UTA,
1628430,Nigel Williams-Goss,,,
722,Corliss Williamson,Sacramento Kings|Toronto Raptors|Detroit Pistons|Philadelphia 76ers,SAC|TOR|DET|PHI,
78575,John Williamson,Brooklyn Nets|Indiana Pacers|Washington Wizards,BKN|IND|WAS,
1631351,Lucas Williamson,,,
1629627,Zion Williamson,New Orleans Pelicans,NOP,
788,Kevin Willis,Atlanta Hawks|Miami Heat|Golden State Warriors|Houston Rockets|Toronto Raptors|Denver Nuggets|San Antonio Spurs|Dallas Mavericks,ATL|MIA|GSW|HOU|TOR|DEN|SAS|DAL,
78577,Bill Willoughby,Atlanta Hawks|LA Clippers|Cleveland Cavaliers|Houston Rockets|San Antonio Spurs|Brooklyn Nets,ATL|LAC|CLE|HOU|SAS|BKN,
2000,Dedric Willoughby,,,
78586,Bob Wilson,,,
78585,Bobby Wilson,Chicago Bulls|Boston Celtics|Indiana Pacers,CHI|BOS|IND,
1628391,D.J. Wilson,Milwaukee Bucks|Houston Rockets|Toronto Raptors|Philadelphia 76ers,MIL|HOU|TOR|PHI,
78579,George Wilson,Sacramento Kings|Chicago Bulls|Oklahoma City Thunder|Philadelphia 76ers|Phoenix Suns|LA Clippers,SAC|CHI|OKC|PHI|PHX|LAC,
78580,Isaiah Wilson,,,
1630592,Jalen Wilson,Brooklyn Nets,BKN,
203966,Jamil Wilson,,,
78581,Mike Wilson,Washington Wizards|Cleveland Cavaliers|Brooklyn Nets|Atlanta Hawks,WAS|CLE|BKN|ATL,
78582,Nikita Wilson,,,
78578,Othell Wilson,Golden State Warriors|Sacramento Kings,GSW|SAC,
78583,Rick Wilson,Atlanta Hawks,ATL,
78584,Ricky Wilson,Brooklyn Nets|San Antonio Spurs,BKN|SAS,
78587,Thomas Wilson,,,
1027,Trevor Wilson,Atlanta Hawks|Los Angeles Lakers|Sacramento Kings|Philadelphia 76ers,ATL|LAL|SAC|PHI,
1627787,Kyle Wiltjer,,,
78589,Kennard Winchester,Houston Rockets|New York Knicks,HOU|NYK,
78590,Tony Windis,,,
1629685,Dylan Windler,Cleveland Cavaliers|New York Knicks|Los Angeles Lakers|Atlanta Hawks,CLE|NYK|LAL|ATL,
78591,John Windsor,,,
78592,Lee Winfield,Oklahoma City Thunder|LA Clippers|Sacramento Kings,OKC|LAC|SAC,
766,David Wingate,Philadelphia 76ers|San Antonio Spurs|Washington Wizards|Charlotte Hornets|Oklahoma City Thunder|New York Knicks,PHI|SAS|WAS|CHA|OKC|NYK,
112,Dontonio Wingfield,Oklahoma City Thunder|Portland Trail Blazers,OKC|POR,
78596,Harthorne Wingo,New York Knicks,NYK,
78597,Marv Winkler,,,
1626159,Justise Winslow,Miami Heat|Memphis Grizzlies|LA Clippers|Portland Trail Blazers,MIA|MEM|LAC|POR,
1984,Rickie Winslow,,,
1630216,Cassius Winston,Washington Wizards,WAS,
1868,Trevor Winter,,,
78600,Brian Winters,Los Angeles Lakers|Milwaukee Bucks,LAL|MIL,
78601,Voise Winters,,,
78602,Willie Wise,Denver Nuggets|Oklahoma City Thunder,DEN|OKC,
1630164,James Wiseman,Golden State Warriors|Detroit Pistons|Indiana Pacers,GSW|DET|IND,
203481,Jeff Withey,New Orleans Pelicans|Utah Jazz|Dallas Mavericks,NOP|UTA|DAL,
78603,Luke Witte,Cleveland Cavaliers,CLE,
1456,Randy Wittman,Atlanta Hawks|Sacramento Kings|Indiana Pacers,ATL|SAC|IND,
78605,Garry Witts,,,
78606,Dave Wohl,Philadelphia 76ers|Portland Trail Blazers|LA Clippers|Houston Rockets|Brooklyn Nets,PHI|POR|LAC|HOU|BKN,
1642874,Danny Wolf,,,
341,Joe Wolf,LA Clippers|Denver Nuggets|Boston Celtics|Portland Trail Blazers|Charlotte Hornets|Orlando Magic|Milwaukee Bucks,LAC|DEN|BOS|POR|CHA|ORL|MIL,
2106,Ruben Wolkowyski,Oklahoma City Thunder|Boston Celtics,OKC|BOS,
203489,Nate Wolters,Milwaukee Bucks|New Orleans Pelicans|Utah Jazz,MIL|NOP|UTA,
1631209,Isaiah Wong,Indiana Pacers|Charlotte Hornets,IND|CHA,
78610,Al Wood,Atlanta Hawks|LA Clippers|Oklahoma City Thunder|Dallas Mavericks,ATL|LAC|OKC|DAL,
78612,Bob Wood,,,
1626174,Christian Wood,Philadelphia 76ers|Charlotte Hornets|Milwaukee Bucks|New Orleans Pelicans|Detroit Pistons|Houston Rockets|Dallas Mavericks|Los Angeles Lakers,PHI|CHA|MIL|NOP|DET|HOU|DAL|LAL,
116,David Wood,Chicago Bulls|Houston Rockets|San Antonio Spurs|Detroit Pistons|Golden State Warriors|Phoenix Suns|Dallas Mavericks|Milwaukee Bucks,CHI|HOU|SAS|DET|GSW|PHX|DAL|MIL,
78609,Howard Wood,,,
78611,Leon Wood,Philadelphia 76ers|Washington Wizards|Brooklyn Nets|San Antonio Spurs|Atlanta Hawks|Sacramento Kings,PHI|WAS|BKN|SAS|ATL|SAC,
1630218,Robert Woodard II,Sacramento Kings,SAC,
2254,Loren Woods,Minnesota Timberwolves|Miami Heat|Toronto Raptors|Houston Rockets,MIN|MIA|TOR|HOU,
2417,Qyntel Woods,Portland Trail Blazers|Miami Heat|New York Knicks,POR|MIA|NYK,
1010,Randy Woods,LA Clippers|Denver Nuggets,LAC|DEN,
78614,Mike Woodson,New York Knicks|Brooklyn Nets|Sacramento Kings|LA Clippers|Houston Rockets|Cleveland Cavaliers,NYK|BKN|SAC|LAC|HOU|CLE,
78615,Orlando Woolridge,Chicago Bulls|Brooklyn Nets|Los Angeles Lakers|Denver Nuggets|Detroit Pistons|Milwaukee Bucks|Philadelphia 76ers,CHI|BKN|LAL|DEN|DET|MIL|PHI,
1629624,Kenny Wooten,,,
906,Haywoode Workman,Atlanta Hawks|Washington Wizards|Indiana Pacers|Milwaukee Bucks|Toronto Raptors,ATL|WAS|IND|MIL|TOR,
78616,Mark Workman,Golden State Warriors,GSW,
78617,Tom Workman,Atlanta Hawks|Washington Wizards|Detroit Pistons,ATL|WAS|DET,
1897,Metta World Peace,Chicago Bulls|Indiana Pacers|Sacramento Kings|Houston Rockets|Los Angeles Lakers|New York Knicks,CHI|IND|SAC|HOU|LAL|NYK,
78618,Sam Worthen,Chicago Bulls|Utah Jazz,CHI|UTA,
1460,James Worthy,Los Angeles Lakers,LAL,
101120,Antoine Wright,Brooklyn Nets|Dallas Mavericks|Toronto Raptors|Sacramento Kings,BKN|DAL|TOR|SAC,
101152,Bracey Wright,Minnesota Timberwolves,MIN,
78620,Brad Wright,New York Knicks|Denver Nuggets,NYK|DEN,
201148,Brandan Wright,Golden State Warriors|Brooklyn Nets|Dallas Mavericks|Boston Celtics|Phoenix Suns|Memphis Grizzlies|Houston Rockets,GSW|BKN|DAL|BOS|PHX|MEM|HOU,
202874,Chris Wright,Golden State Warriors|Milwaukee Bucks,GSW|MIL,
203203,Chris Wright,,,
1626153,Delon Wright,Toronto Raptors|Memphis Grizzlies|Dallas Mavericks|Detroit Pistons|Sacramento Kings|Atlanta Hawks|Washington Wizards|Miami Heat|Milwaukee Bucks|New York Knicks,TOR|MEM|DAL|DET|SAC|ATL|WAS|MIA|MIL|NYK,
2748,Dorell Wright,Miami Heat|Golden State Warriors|Philadelphia 76ers|Portland Trail Blazers,MIA|GSW|PHI|POR,
78621,Howard Wright,Atlanta Hawks|Orlando Magic|Dallas Mavericks,ATL|ORL|DAL,
78622,Joby Wright,,,
201153,Julian Wright,New Orleans Pelicans|Toronto Raptors,NOP|TOR,
78623,Larry Wright,Washington Wizards|Detroit Pistons,WAS|DET,
953,Lorenzen Wright,LA Clippers|Atlanta Hawks|Memphis Grizzlies|Sacramento Kings|Cleveland Cavaliers,LAC|ATL|MEM|SAC|CLE,
1007,Luther Wright,,,
1630589,Moses Wright,LA Clippers|Dallas Mavericks,LAC|DAL,
412,Sharone Wright,Philadelphia 76ers|Toronto Raptors,PHI|TOR,
1630593,McKinley Wright IV,Minnesota Timberwolves|Dallas Mavericks,MIN|DAL,
1629625,Justin Wright-Foreman,,,
203100,Tony Wroten,Memphis Grizzlies|Philadelphia 76ers,MEM|PHI,
78627,A.J. Wynder,,,
1627824,Guerschon Yabusele,Boston Celtics|Philadelphia 76ers|New York Knicks|Chicago Bulls,BOS|PHI|NYK|CHI,
1642905,Yang Hansen,,,
2397,Yao Ming,Houston Rockets,HOU,
2428,Vincent Yarbrough,,,
78628,George Yardley,Detroit Pistons|Philadelphia 76ers,DET|PHI,
78629,Barry Yates,,,
78630,Wayne Yates,,,
78631,Charlie Yelverton,,,
201146,Yi Jianlian,Milwaukee Bucks|Brooklyn Nets|Washington Wizards|Dallas Mavericks,MIL|BKN|WAS|DAL,
78632,Rich Yonakor,,,
1628221,Gabe York,Indiana Pacers,IND,
78633,Danny Young,Oklahoma City Thunder|Portland Trail Blazers|LA Clippers|Detroit Pistons|Milwaukee Bucks,OKC|POR|LAC|DET|MIL,
1642443,Jahmir Young,Chicago Bulls|Miami Heat,CHI|MIA,
203923,James Young,Boston Celtics|Philadelphia 76ers,BOS|PHI,
1626202,Joe Young,Indiana Pacers,IND,
1748,Korleone Young,,,
78634,Michael Young,Phoenix Suns|Philadelphia 76ers|LA Clippers,PHX|PHI|LAC,
201156,Nick Young,Washington Wizards|LA Clippers|Philadelphia 76ers|Los Angeles Lakers|Golden State Warriors|Denver Nuggets,WAS|LAC|PHI|LAL|GSW|DEN,
78635,Perry Young,Chicago Bulls|Portland Trail Blazers,CHI|POR,
201970,Sam Young,Memphis Grizzlies|Philadelphia 76ers|Indiana Pacers,MEM|PHI|IND,
201152,Thaddeus Young,Philadelphia 76ers|Minnesota Timberwolves|Brooklyn Nets|Indiana Pacers|Chicago Bulls|San Antonio Spurs|Toronto Raptors|Phoenix Suns,PHI|MIN|BKN|IND|CHI|SAS|TOR|PHX,
1937,Tim Young,,,
1629027,Trae Young,Atlanta Hawks|Washington Wizards,ATL|WAS,
1642959,Chris Youngblood,Oklahoma City Thunder|Portland Trail Blazers,OKC|POR,
1630209,Omer Yurtseven,Miami Heat|Utah Jazz|Golden State Warriors,MIA|UTA|GSW,
78638,Max Zaslofsky,New York Knicks|Detroit Pistons,NYK|DET,
78639,Robert Zawoluk,Golden State Warriors,GSW,
203469,Cody Zeller,Charlotte Hornets|Portland Trail Blazers|Miami Heat|New Orleans Pelicans,CHA|POR|MIA|NOP,
78640,Dave Zeller,,,
78641,Gary Zeller,Washington Wizards,WAS,
78642,Hank Zeller,,,
202545,Luke Zeller,,,
203092,Tyler Zeller,Cleveland Cavaliers|Boston Celtics|Brooklyn Nets|Milwaukee Bucks|Atlanta Hawks|Memphis Grizzlies|San Antonio Spurs,CLE|BOS|BKN|MIL|ATL|MEM|SAS,
78643,Tony Zeno,,,
78644,Phil Zevenbergen,,,
1917,Wang Zhi-zhi,Dallas Mavericks|LA Clippers|Miami Heat,DAL|LAC|MIA,
678,George Zidek,Charlotte Hornets|Denver Nuggets|Oklahoma City Thunder,CHA|DEN|OKC,
1642911,Rocco Zikarsky,,,
2583,Derrick Zimmerman,,,
1627757,Stephen Zimmerman,,,
1627835,Paul Zipser,Chicago Bulls,CHI,
1627790,Ante Zizic,Cleveland Cavaliers,CLE,
78647,Jim Zoet,,,
78648,Bill Zopf,,,
1627826,Ivica Zubac,Los Angeles Lakers|LA Clippers|Indiana Pacers,LAL|LAC|IND,
78650,Matt Zunic,,,
1641783,Tristan da Silva,Orlando Magic,ORL,
1628427,Vlatko ?an?ar,Denver Nuggets,DEN,
1629071,LiAngelo Ball,,,
1631234,Marcus Bingham Jr.,,,
1631122,Gabe Brown,,,
1631347,Anthony Duruji,,,
1631300,Drake Jeffries,,,
1630588,Makur Maker,,,
1630627,Isaiah Miller,,,
1626122,Makhtar N'diaye,Memphis Grizzlies,MEM,
1630321,Nate Pierre-Louis,,,
